id,jenis_makanan,nama_makanan,kalori,protein,lemak,karbohidrat,source,protein_per_calorie,fat_per_calorie,carb_per_calorie,protein_fat_ratio,macro_balance_score
1,komponen,blewah segar,34.0,0.8,0.2,8.2,tkpi,0.023529411072664385,0.005882352768166096,0.2411764634948099,3.9999800000999994,0.6045575753726883
2,komponen,mentimun suri segar,16.0,1.3,0.0,2.1,tkpi,0.08124999492187532,0.0,0.13124999179687552,1300000.0,0.74547539243633
3,dish,nasi tim,120.0,2.4,0.4,26.0,tkpi,0.019999999833333334,0.003333333305555556,0.21666666486111114,5.9999850000374995,0.5963451439678276
4,komponen,akar tonjong segar,45.0,1.1,0.4,10.8,tkpi,0.024444443901234583,0.008888888691358031,0.23999999466666683,2.7499931250171876,0.6141279210277881
5,komponen,aletoge segar,37.0,4.4,0.5,3.8,tkpi,0.11891891570489418,0.013513513148283429,0.10270269992695406,8.7999824000352,0.8029146183967557
6,komponen,andaliman segar,99.0,4.6,1.0,18.0,tkpi,0.04646464599530661,0.010101009998979697,0.18181817998163455,4.5999954000046,0.6900626556961751
7,dish,ayam goreng pasundan dada,246.0,37.9,9.0,0.7,tkpi,0.15406504002412585,0.03658536570493754,0.002845528443717364,4.211110643209929,0.66503910513455
8,dish,ayam goreng pasundan paha,245.0,33.1,11.4,0.3,tkpi,0.13510204026488964,0.0465306120549771,0.0012244897909204498,2.9035085172360953,0.6959456892586695
9,dish,ayam goreng pioneer dada,295.0,37.4,14.7,0.6,tkpi,0.1267796605871876,0.04983050830565929,0.0020338982981901754,2.5442175139988086,0.7123402520829019
10,dish,ayam goreng sukabumi dada,244.0,36.7,9.2,1.0,tkpi,0.15040983544914002,0.03770491787825853,0.004098360638941145,3.9891300011815227,0.67445833944565
11,dish,ayam goreng sukabumi paha,283.0,35.7,14.3,0.5,tkpi,0.12614840944823885,0.050530035157137686,0.0017667844460537653,2.496503321922845,0.713236452379115
12,dish,ayam usus goreng,473.0,45.2,26.3,13.9,tkpi,0.09556025349775846,0.055602536880332905,0.029386892115461118,1.7186311133600336,0.8493010683342062
13,dish,bayam kukus,30.0,1.3,0.7,5.8,tkpi,0.04333333188888894,0.02333333255555558,0.1933333268888891,1.8571402040854228,0.7082100852117681
14,dish,bayam rebus,23.0,1.2,0.6,3.7,tkpi,0.05217391077504736,0.02608695538752368,0.16086955822306268,1.9999966666722222,0.7559147810230028
15,komponen,bayam segar,16.0,0.9,0.4,2.9,tkpi,0.05624999648437522,0.024999998437500098,0.1812499886718757,2.2499943750140625,0.7428277500631801
16,dish,botok lamtoro,186.0,11.7,9.7,13.0,tkpi,0.06290322546826223,0.052150537354029365,0.06989247274251359,1.2061854426612946,0.960544044435073
17,dish,brem,249.0,3.4,0.4,58.0,tkpi,0.013654618419057758,0.0016064256963597362,0.23293172597216175,8.499978750053124,0.5716158847243951
18,dish,brongkos,141.0,15.3,3.3,12.6,tkpi,0.10851063752829336,0.02340425515316131,0.08936170149388864,4.636362231405385,0.8352551631295334
19,dish,buncis rebus,30.0,2.2,0.2,6.4,tkpi,0.07333333088888898,0.006666666444444452,0.21333332622222245,10.999945000274998,0.706396630680665
20,komponen,buncis segar,34.0,2.4,0.3,7.2,tkpi,0.07058823321799314,0.008823529152249142,0.21176469965397945,7.999973333422223,0.7082923418546737
21,komponen,bunga pepaya segar,45.0,2.6,0.3,8.1,tkpi,0.0577777764938272,0.006666666518518522,0.17999999600000008,8.666637777874076,0.7025051026357605
22,dish,buntil daun talas,141.0,4.4,10.2,8.0,tkpi,0.03120567353754842,0.07234042501886223,0.056737588250088025,0.4313725067281857,0.8942158048552147
23,komponen,caisin segar,20.0,1.7,0.4,3.4,tkpi,0.08499999575000021,0.01999999900000005,0.16999999150000042,4.249989375026562,0.7766602936643845
24,komponen,daun bangunbangun segar,27.0,1.3,0.6,4.0,tkpi,0.048148146364883466,0.022222221399176983,0.1481481426611799,2.1666630555615742,0.7515408652282936
25,komponen,daun bebuas segar,41.0,2.7,1.0,7.3,tkpi,0.06585365693039862,0.024390243307555043,0.1780487761451518,2.6999973000027,0.7580686829550052
26,komponen,daun belem segar,50.0,4.4,1.4,7.8,tkpi,0.08799999824000004,0.02799999944000001,0.15599999688000007,3.1428548979607878,0.8077581220477689
27,komponen,daun gelang segar,30.0,1.3,0.7,5.8,tkpi,0.04333333188888894,0.02333333255555558,0.1933333268888891,1.8571402040854228,0.7082100852117681
28,komponen,daun gunda bali segar,50.0,4.6,0.9,7.0,tkpi,0.09199999816000004,0.017999999640000007,0.13999999720000006,5.111105432105075,0.7992724344900393
29,komponen,daun gunda serang segar,62.0,4.2,0.9,9.2,tkpi,0.06774193439125913,0.014516128798126957,0.14838709438085332,4.6666614814872425,0.7613937007875209
30,komponen,daun jampang segar,34.0,3.8,0.5,5.3,tkpi,0.11176470259515581,0.01470588192041524,0.15588234835640152,7.599984800030399,0.7911464827524644
31,komponen,daun jonghe segar,27.0,2.1,0.7,4.4,tkpi,0.07777777489711944,0.02592592496570648,0.1629629569272979,2.999995714291837,0.7881470150250454
32,komponen,daun kacang ma segar,36.0,2.9,0.6,6.8,tkpi,0.0805555533179013,0.016666666203703717,0.18888888364197545,4.833325277791204,0.751545660612696
33,dish,daun kacang panjang kukus,40.0,3.7,0.3,8.0,tkpi,0.09249999768750007,0.007499999812500005,0.19999999500000012,12.333292222359262,0.7374448911462869
34,komponen,daun kacang panjang segar,30.0,3.1,0.3,5.8,tkpi,0.103333329888889,0.009999999666666677,0.1933333268888891,10.333298889003705,0.7559250754623291
35,dish,daun katuk rebus,53.0,5.3,0.9,9.1,tkpi,0.09999999811320759,0.016981131755072987,0.1716981099679602,5.888882345686282,0.7810051089650708
36,komponen,daun katuk segar,59.0,6.4,1.0,9.9,tkpi,0.10847457443263435,0.016949152255099114,0.16779660732548124,6.399993600006401,0.7883870194574426
37,dish,daun kelor rebus,61.0,6.1,0.9,10.0,tkpi,0.09999999836065576,0.014754098118785277,0.16393442354205864,6.777770246921947,0.7807250422126389
38,komponen,daun kesum segar,48.0,4.5,0.8,9.1,tkpi,0.09374999804687505,0.016666666319444454,0.18958332938368064,5.6249929687587885,0.7642295485831253
39,komponen,daun kol sawi segar,22.0,2.1,0.5,3.6,tkpi,0.09545454111570267,0.022727271694214922,0.16363635619834743,4.1999916000168,0.7958404564941126
40,komponen,daun kumak segar,14.0,1.3,0.3,2.3,tkpi,0.09285713622449028,0.02142856989795929,0.16428570255102123,4.333318888937038,0.7906419023262241
41,komponen,daun lamtoro segar,87.0,8.3,1.8,14.4,tkpi,0.09540229775399658,0.02068965493460167,0.16551723947681335,4.61110854938414,0.7900084732718782
42,komponen,daun matel ambon segar,71.0,6.8,1.6,11.5,tkpi,0.09577464653838526,0.022535210950208297,0.16197182870462215,4.24999734375166,0.7968152800387815
43,dish,daun mengkudu kukus,63.0,3.8,1.5,11.5,tkpi,0.06031745936004033,0.023809523431594867,0.1825396796422273,2.5333316444455702,0.7454588554762119
44,komponen,daun mengkudu segar,65.0,4.0,1.7,11.4,tkpi,0.06153846059171599,0.026153845751479297,0.17538461268639058,2.3529397923883577,0.7579860989214358
45,komponen,daun pakis segar,39.0,4.5,0.4,6.9,tkpi,0.1153846124260356,0.010256409993425386,0.17692307238658792,11.249971875070312,0.772568167142708
46,komponen,daun pohpohan segar,37.0,2.5,0.8,6.9,tkpi,0.06756756574141715,0.02162162103725349,0.18648648144631133,3.1249960937548824,0.7480055209325882
47,komponen,daun semanggi segar,45.0,4.4,0.5,8.5,tkpi,0.09777777560493833,0.011111110864197537,0.18888888469135812,8.7999824000352,0.7562442900819135
48,komponen,daun simpur segar,53.0,3.2,2.5,7.6,tkpi,0.06037735735137062,0.0471698104307583,0.14339622370950522,1.2799994880002048,0.8302756596156691
49,komponen,daun singkil segar,68.0,2.0,1.0,15.2,tkpi,0.02941176427335641,0.014705882136678205,0.22352940847750868,1.9999980000020001,0.6444432704067472
50,dish,daun singkong rebus,31.0,3.7,0.6,4.8,tkpi,0.11935483485952146,0.019354838085327803,0.15483870468262242,6.166656388906019,0.8045863931377415
51,komponen,daun singkong segar,50.0,6.2,1.1,7.1,tkpi,0.12399999752000006,0.02199999956000001,0.14199999716000006,5.636358512401353,0.8165299331441263
52,komponen,daun sintrong segar,36.0,2.6,0.9,6.1,tkpi,0.07222222021604945,0.024999999305555576,0.16944443973765447,2.888885679015912,0.7744925988732012
53,dish,daun talas rebus,27.0,1.3,0.2,5.9,tkpi,0.048148146364883466,0.007407407133058995,0.21851851042524037,6.499967500162499,0.6663624470785369
54,komponen,daun talas segar,59.0,3.0,0.4,13.5,tkpi,0.050847456765297346,0.006779660902039647,0.22881355544383805,7.499981250046875,0.6649147957974738
55,dish,daun ubi merah kukus,56.0,3.1,0.3,13.0,tkpi,0.05535714186862247,0.005357142761479593,0.23214285299744905,10.333298889003705,0.667796381963801
56,komponen,daun ubi merah segar,48.0,3.0,0.3,10.8,tkpi,0.0624999986979167,0.006249999869791669,0.22499999531250012,9.999966666777778,0.6842577405737296
57,dish,gadogado,137.0,6.1,3.2,21.0,tkpi,0.04452554712025148,0.023357664063082744,0.1532846704139805,1.9062494042970608,0.7426447869600876
58,dish,gudeg sayur,160.0,3.3,9.2,16.0,tkpi,0.02062499987109375,0.057499999640625,0.09999999937500001,0.3586956131852595,0.8179266273176945
59,komponen,gulai pakis,143.0,4.0,11.4,6.0,tkpi,0.027972027776419387,0.07972027916279525,0.04195804166462908,0.3508771622037577,0.8539475617478998
60,komponen,kacang babi kering,341.0,30.4,3.2,51.3,tkpi,0.0891495598558664,0.009384164195354358,0.15043988225677454,9.499997031250926,0.7680470260819227
61,komponen,kacang belimbing kecipir kering,400.0,34.4,16.9,34.1,tkpi,0.085999999785,0.042249999894374994,0.085249999786875,2.0355028381359266,0.9042179697705979
62,dish,kacang belimbing kecipir rebus,204.0,16.9,8.8,17.5,tkpi,0.08284313684880815,0.043137254690503654,0.08578431330497886,1.920454327221099,0.9081628035885307
63,dish,kacang bogor goreng,479.0,12.7,23.2,58.9,tkpi,0.0265135698820176,0.04843423789470931,0.12296450913786115,0.5474137695080271,0.7914111218506777
64,dish,kacang bogor rebus,161.0,7.7,2.8,27.1,tkpi,0.047826086659465306,0.017391304239805564,0.16832298032097529,2.7499990178574936,0.7209403477342885
65,komponen,kacang bogor segar,165.0,7.7,3.1,27.4,tkpi,0.04666666638383839,0.018787878674012857,0.16606060505417813,2.4838701664934946,0.7240954155891941
66,komponen,kacang gude biji kering,316.0,20.7,1.0,58.0,tkpi,0.06550632890662554,0.0031645569520108957,0.18354430321663195,20.6999793000207,0.7034250478129536
67,dish,kacang gude rebus,147.0,9.0,0.5,27.5,tkpi,0.06122448937942524,0.00340136052107918,0.1870748286593549,17.999964000071998,0.6953542627223259
68,komponen,kacang hijau var bakti kering,350.0,17.1,1.8,70.7,tkpi,0.048857142717551025,0.005142857128163265,0.20199999942285715,9.499994722225155,0.6702966404632427
69,komponen,kacang hijau var siwalik kering,339.0,20.8,2.1,64.6,tkpi,0.061356931972398436,0.006194690247213304,0.19056047141427587,9.904757188210862,0.7006581974744773
70,komponen,kacang hijau kering,323.0,22.9,1.5,56.8,tkpi,0.07089783259783952,0.00464396283391962,0.17585139264442293,15.266656488895674,0.7196112127066799
71,dish,kacang hijau rebus,109.0,8.7,0.5,18.3,tkpi,0.0798165130292063,0.004587155921218753,0.16788990671660636,17.399965200069598,0.7354797123984613
72,dish,kacang kedelai goreng,521.0,32.2,37.7,22.9,tkpi,0.06180422253012626,0.07236084439086211,0.043953934656518354,0.8541113831800695,0.9341799540042568
73,komponen,kacang kedelai kering,381.0,40.4,16.7,24.9,tkpi,0.10603674512851248,0.04383202088233065,0.06535433053712773,2.4191615317867345,0.8801550454114713
74,dish,kacang kedelai rebus,189.0,20.2,8.2,12.7,tkpi,0.1068783063128132,0.043386243156686544,0.06719576684023404,2.4634143337299594,0.8795681881190794
75,komponen,kacang mekah polong segar,22.0,1.1,1.0,3.4,tkpi,0.04999999772727283,0.045454543388429844,0.15454544752066146,1.0999989000011001,0.7984449800204134
76,dish,kacang panjang kukus,39.0,3.0,0.6,7.6,tkpi,0.0769230749506904,0.015384614990138077,0.1948717898750823,4.999991666680556,0.7406783224905717
77,dish,kacang panjang rebus,30.0,2.3,0.4,5.8,tkpi,0.07666666411111119,0.013333332888888903,0.1933333268888891,5.749985625035937,0.7368747263181764
78,komponen,kacang ranti polong,37.0,3.1,0.2,7.9,tkpi,0.08378378151935727,0.005405405259313372,0.2135135077428782,15.499922500387498,0.7164953999021462
79,dish,kangkung kukus,30.0,3.2,0.7,4.7,tkpi,0.10666666311111123,0.02333333255555558,0.15666666144444463,4.571422040825657,0.8081493229338824
80,dish,kangkung rebus,22.0,2.5,0.6,3.1,tkpi,0.1136363584710746,0.027272726033057904,0.14090908450413253,4.166659722233796,0.8281250821167121
81,komponen,kangkung segar,28.0,3.4,0.7,3.9,tkpi,0.12142856709183689,0.024999999107142887,0.13928570931122466,4.857135918377259,0.8243069279807665
82,dish,karedok sayur,92.0,2.2,3.3,14.1,tkpi,0.02391304321833649,0.03586956482750473,0.1532608678993384,0.6666664646465259,0.7260584676185506
83,komponen,kecombrang segar,34.0,0.9,1.0,6.7,tkpi,0.026470587456747432,0.02941176384083048,0.1970588177335642,0.8999991000009001,0.6847809982736828
84,dish,keripik bayam,586.0,4.9,40.6,50.2,tkpi,0.008361774729758064,0.0692832763322811,0.085665528864052,0.12068965219976227,0.7963427645289272
85,komponen,ketimun krai segar,10.0,0.5,0.2,2.0,tkpi,0.049999995000000505,0.019999998000000203,0.19999998000000202,2.4999875000624994,0.7083700787403033
86,komponen,ketimun madura segar,9.0,0.5,0.1,1.9,tkpi,0.05555554938271674,0.01111110987654335,0.2111110876543236,4.999950000499995,0.691311015925594
87,komponen,ketimun segar,8.0,0.2,0.2,1.4,tkpi,0.024999996875000395,0.024999996875000395,0.17499997812500273,0.9999950000249999,0.6857303194726456
88,dish,ketoprak,153.0,7.9,7.7,13.0,tkpi,0.05163398659062754,0.050326797056687606,0.08496731970609595,1.0259738927306632,0.9142425541298501
89,komponen,kulit melinjo,111.0,4.5,1.1,20.7,tkpi,0.04054054017531045,0.009909909820631444,0.18648648480642807,4.090905371904207,0.6748462710785985
90,dish,lawar babi masakan,174.0,17.0,10.0,3.0,tkpi,0.0977011488637865,0.05747126403752147,0.01724137921125644,1.6999998300000172,0.8094841311168639
91,dish,lawar penyu masakan,141.0,23.0,1.5,7.6,tkpi,0.1631205662190031,0.010638297796891506,0.053900708837583626,15.333323111117927,0.7181646492350251
92,dish,paria putih kukus,16.0,0.8,0.2,3.4,tkpi,0.049999996875000195,0.012499999218750049,0.2124999867187508,3.9999800000999994,0.6843535355151568
93,komponen,paria putih segar,19.0,1.0,0.4,3.6,tkpi,0.05263157617728546,0.021052630470914185,0.18947367423822767,2.499993750015625,0.7222311112533379
94,dish,penyu serapah masakan,174.0,13.1,12.2,2.2,tkpi,0.07528735588915313,0.0701149421257762,0.012643678088254725,1.0737704037893112,0.8203687073876517
95,dish,rawon masakan,60.0,5.4,2.5,4.0,tkpi,0.08999999850000004,0.04166666597222224,0.06666666555555557,2.1599991360003457,0.9004912063398789
96,dish,rendang sapi masakan,193.0,22.6,7.9,7.8,tkpi,0.11709844498912723,0.04093264227496041,0.040414507562619134,2.860759131549477,0.818450743361832
97,dish,rujak cingur,153.0,11.3,8.4,8.0,tkpi,0.07385620866760649,0.05490196042547739,0.05228758135759751,1.3452379350907222,0.9469151744882965
98,komponen,sapi abon,212.0,18.0,10.6,59.3,tkpi,0.0849056599768601,0.04999999976415094,0.27971697981265575,1.6981130473478259,0.7562316128719623
99,komponen,sapi abon asli,358.0,14.6,16.1,38.6,tkpi,0.04078212279111139,0.04497206691348585,0.10782122874910272,0.9068322418116619,0.8415981356414131
100,dish,sate penyu masakan,179.0,22.5,3.5,13.3,tkpi,0.1256983233201211,0.019553072516463283,0.07430167556256048,6.42856959183726,0.8025952514803354
101,komponen,sawi putih pecai segar,9.0,1.0,0.1,1.7,tkpi,0.11111109876543349,0.01111110987654335,0.1888888679012369,9.99990000099999,0.7661085392334702
102,dish,sayur asem,29.0,0.7,0.6,5.0,tkpi,0.024137930202140334,0.02068965445897743,0.17241378715814526,1.166664722225463,0.6744419034303669
103,dish,sayur sop,27.0,1.3,2.0,1.0,tkpi,0.048148146364883466,0.07407407133058995,0.037037035665294975,0.6499996750001624,0.9025596504652982
104,komponen,selada air segar,17.0,3.1,0.2,2.2,tkpi,0.18235293044982762,0.01176470519031146,0.12941175709342606,15.499922500387498,0.7796404974218443
105,dish,selada rebus,19.0,2.7,0.2,2.9,tkpi,0.14210525567867074,0.010526315235457093,0.15263157091412782,13.499932500337499,0.7882123474403646
106,dish,soto bandung masakan,42.0,3.9,1.7,2.8,tkpi,0.09285714064625857,0.04047618951247168,0.06666666507936511,2.2941162975786487,0.8930778286880359
107,dish,soto betawi masakan,135.0,2.5,8.8,11.5,tkpi,0.018518518381344308,0.06518518470233198,0.08518518455418382,0.2840908768078549,0.8346078277634666
108,dish,soto kudus masakan,38.0,2.6,2.3,1.8,tkpi,0.06842105083102498,0.060526314196675944,0.04736841980609422,1.1304342911155256,0.9507487814098922
109,komponen,soto madura masakan,60.0,3.5,4.5,1.3,tkpi,0.05833333236111113,0.07499999875000002,0.021666666305555565,0.7777776049383099,0.856272848345782
110,dish,soto padang masakan,127.0,5.9,6.6,11.0,tkpi,0.0464566925475851,0.051968503527807054,0.0866141725463451,0.8939392584940519,0.9039432456548254
111,dish,soto pekalongan masakan,94.0,3.0,6.8,5.1,tkpi,0.03191489327750113,0.0723404247623359,0.05425531857175193,0.4411764057093521,0.895690888350114
112,dish,soto pemalang masakan,75.0,3.6,5.2,3.5,tkpi,0.04799999936000001,0.0693333324088889,0.04666666604444446,0.6923075591716232,0.9366757645227755
113,dish,soto sukaraja masakan,80.0,3.2,3.5,9.0,tkpi,0.03999999950000001,0.04374999945312501,0.11249999859375003,0.9142854530612992,0.830175161309374
114,dish,soto sulung masakan,86.0,2.3,8.5,0.0,tkpi,0.02674418573553272,0.09883720815305572,0.0,0.27058820346021134,0.6676110772359838
115,dish,taoge goreng,88.0,3.2,2.1,14.0,tkpi,0.03636363595041323,0.023863636092458684,0.1590909072830579,1.5238087981862865,0.7218003090841238
116,dish,taoge seduh,28.0,3.0,0.8,4.0,tkpi,0.10714285331632667,0.028571427551020444,0.14285713775510223,3.749995312505859,0.8286330114892015
117,komponen,taoge segar,34.0,3.7,1.2,4.3,tkpi,0.10882352621107277,0.03529411660899657,0.12647058451557106,3.0833307638910306,0.854079488655056
118,komponen,telur ayam ras segar,154.0,12.4,10.8,0.7,tkpi,0.08051947999662676,0.07012986967448137,0.004545454515938607,1.1481480418381442,0.7832777791391854
119,dish,telur ayam dadar masakan,251.0,16.3,19.4,1.4,tkpi,0.06494023878509865,0.07729083634545483,0.005577689220806019,0.8402061422574154,0.7882156956602062
120,dish,telur bebek dadar masakan,301.0,20.0,23.7,0.0,tkpi,0.06644518250350438,0.07873754126665268,0.0,0.8438818209332565,0.7617767027531096
121,komponen,terung belanda segar,52.0,2.1,1.1,8.6,tkpi,0.04038461460798819,0.02115384574704143,0.16538461220414208,1.9090891735552968,0.7182212239652542
122,komponen,terung bengkulu segar,52.0,1.1,0.4,11.2,tkpi,0.02115384574704143,0.007692307544378702,0.21538461124260364,2.7499931250171876,0.6114598952000744
123,komponen,terung panjang,25.0,2.1,0.1,5.3,tkpi,0.08399999664000013,0.003999999840000007,0.21199999152000032,20.999790002099978,0.7144466061473953
124,dish,terung panjang kukus,23.0,1.8,0.1,4.9,tkpi,0.07826086616257104,0.004347825897920613,0.21304346899811005,17.999820001799982,0.707767479200218
125,komponen,tomat merah segar,24.0,1.3,0.5,4.7,tkpi,0.054166664409722315,0.020833332465277812,0.19583332517361146,2.5999948000104,0.7198666608462019
126,komponen,tumis bayam bersantan,48.0,1.4,4.2,2.6,tkpi,0.02916666605902779,0.08749999817708339,0.05416666553819447,0.3333332539682728,0.860124792405811
127,komponen,uceng bunga melinjo segar,82.0,5.8,1.3,11.7,tkpi,0.07073170645449138,0.01585365834324807,0.1426829250892326,4.461535029588439,0.7734794628631182
128,dish,wortel kukus,37.0,1.0,0.6,8.3,tkpi,0.027027026296566857,0.016216215777940114,0.22432431826150495,1.6666638888935186,0.6424946330388213
129,dish,wortel rebus,28.0,0.7,0.5,6.3,tkpi,0.024999999107142887,0.017857142219387778,0.224999991964286,1.3999972000055998,0.6415671972683387
130,komponen,wortel segar,36.0,1.0,0.6,7.9,tkpi,0.027777777006172864,0.016666666203703717,0.21944443834876562,1.6666638888935186,0.6472680600179034
131,dish,kacang merah kering rebus,158.0,10.3,0.9,28.2,tkpi,0.0651898730051274,0.0056962024955936556,0.17848101152860119,11.44443172840919,0.7125934127862819
132,dish,kacang merah segar rebus,144.0,10.0,1.0,24.7,tkpi,0.06944444396219136,0.006944444396219137,0.17152777658661267,9.999990000010001,0.7263776994621689
133,komponen,kacang merah tua kering,280.0,16.7,1.6,63.2,tkpi,0.05964285692984694,0.005714285693877551,0.22571428490816328,10.437493476566576,0.6783491755849442
134,komponen,kacang merah kering,314.0,22.1,1.1,56.2,tkpi,0.07038216538094852,0.0035031847022191573,0.1789808911497424,20.090890826462886,0.7140376817573566
135,komponen,kacang merah segar,171.0,11.0,2.2,28.0,tkpi,0.06432748500393284,0.012865497000786569,0.16374268910091994,4.99999772727376,0.740080890534782
136,komponen,kacang tanah sangan,560.0,29.5,43.0,24.1,tkpi,0.05267857133450255,0.07678571414859695,0.043035714208864796,0.6860464956733373,0.917716513667753
137,dish,kacang tanah goreng,564.0,25.5,44.4,25.5,tkpi,0.04521276587728233,0.07872340411573864,0.04521276587728233,0.5743243113890921,0.9066085383338522
138,komponen,kacang tanah kering,525.0,27.9,42.7,17.4,tkpi,0.05314285704163265,0.08133333317841271,0.03314285707972789,0.6533957692413168,0.8820648942665035
139,dish,kacang tanah rebus,220.0,10.6,18.0,8.0,tkpi,0.04818181796280992,0.08181818144628099,0.03636363619834711,0.5888888561728413,0.8842527150067959
140,komponen,kacang tolo tunggak kering,331.0,24.4,1.9,56.6,tkpi,0.07371601186188516,0.005740181251540238,0.17099697833535657,12.842098504158683,0.7292169478504005
141,dish,kacang tolo tunggak rebus,138.0,10.7,1.1,22.6,tkpi,0.07753623132220122,0.00797101443499265,0.16376811475530353,9.72726388430556,0.7443586147011181
142,komponen,kacang uci kering,358.0,23.4,2.4,60.6,tkpi,0.06536312830904153,0.006703910595799132,0.1692737425439281,9.749995937501692,0.7214709234172174
143,komponen,ampas kacang hijau,96.0,3.7,0.6,19.1,tkpi,0.03854166626519098,0.006249999934895834,0.19895833126085075,6.166656388906019,0.6542772900520348
144,komponen,ampas tahu kukus,75.0,4.1,2.1,10.7,tkpi,0.05466666593777778,0.027999999626666675,0.14266666476444448,1.9523800226761794,0.7825717746821196
145,komponen,ampas tahu mentah,67.0,5.0,2.1,8.1,tkpi,0.074626864557808,0.031343283114279356,0.12089552058364894,2.3809512471660725,0.8388195190788337
146,komponen,anggur hutan segar,30.0,0.5,0.2,6.8,tkpi,0.016666666111111127,0.006666666444444452,0.22666665911111136,2.4999875000624994,0.594263358541255
147,komponen,apel malang segar,57.0,0.5,0.4,12.8,tkpi,0.008771929670667901,0.007017543736534321,0.22456139956909826,1.2499968750078125,0.5750373015303526
148,komponen,arrowroot segar,102.0,1.0,0.2,24.1,tkpi,0.009803921472510574,0.001960784294502115,0.23627450748750484,4.999975000124999,0.561943891819644
149,komponen,asam arang coklat segar,130.0,0.5,1.1,30.9,tkpi,0.0038461538165680477,0.008461538396449706,0.23769230586390533,0.4545450413226897,0.5633418402743815
150,komponen,asam arang merah segar,99.0,0.8,1.6,20.3,tkpi,0.008080807999183759,0.016161615998367518,0.20505050297928787,0.49999968750019536,0.603094810240324
151,komponen,asam kandis kering,261.0,0.9,1.6,63.3,tkpi,0.003448275848857181,0.0061302681757460994,0.24252873470295502,0.5624996484377197,0.5554400233719858
152,komponen,asam kandis segar,75.0,0.2,1.1,16.1,tkpi,0.002666666631111112,0.014666666471111115,0.21466666380444452,0.1818180165290759,0.5808929964711602
153,komponen,asam payak segar,135.0,0.8,0.4,32.1,tkpi,0.005925925882030179,0.0029629629410150896,0.23777777601646094,1.9999950000125002,0.5540498411067785
154,dish,ayam goreng church texas dada,338.0,35.2,20.6,0.4,tkpi,0.10414201152620707,0.06094674538181437,0.001183431949161444,1.708737781129234,0.7461170068675502
155,dish,ayam goreng church texas sayap,295.0,34.0,16.0,1.5,tkpi,0.11525423689744327,0.05423728795173801,0.005084745745475438,2.1249998671875083,0.7418700763416275
156,dish,ayam goreng churchtexas paha,287.0,31.0,15.7,1.7,tkpi,0.10801393690587478,0.05470383256200755,0.005923344927096359,1.9745221672278876,0.7527768835092812
157,dish,ayam goreng kalasan paha,275.0,37.4,12.2,1.3,tkpi,0.13599999950545455,0.044363636202314045,0.004727272710082645,3.0655735192152855,0.7029808556793293
158,dish,ayam goreng kentucky dada,298.0,34.2,16.8,0.1,tkpi,0.11476510028602316,0.05637583873699383,0.00033557046867258234,2.0357141645408237,0.7275490334398991
159,dish,ayam goreng kentucky paha,286.0,32.1,16.1,1.1,tkpi,0.11223776184532251,0.05629370609687516,0.003846153832705756,1.993788696037969,0.7432476329134885
160,dish,ayam goreng kentuckysayap,297.0,35.9,15.2,1.6,tkpi,0.12087542046843293,0.051178451006133156,0.005387205369066649,2.3618419498788192,0.7323992250633689
161,dish,ayam goreng mbok berek dada,295.0,39.2,13.6,1.0,tkpi,0.13288135548175814,0.0461016947589773,0.0033898304969836256,2.8823527292387703,0.7045863376698109
162,dish,bagea kw 1,416.0,6.5,9.4,76.3,tkpi,0.015624999962439904,0.02259615379183617,0.1834134610975638,0.6914892881394374,0.6503010539863763
163,dish,bagea kw 2,382.0,0.3,3.5,87.2,tkpi,0.000785340312080261,0.009162303640936379,0.2282722507113292,0.08571426122449678,0.5578898734107162
164,dish,bakpia kue,272.0,8.7,6.7,44.1,tkpi,0.031985294000054065,0.02463235285061635,0.16213235234510165,1.2985072688795118,0.7112850490166376
165,dish,bakwan,280.0,8.2,10.2,39.0,tkpi,0.029285714181122448,0.03642857129846939,0.13928571378826532,0.8039214898116187,0.7548508165707568
166,komponen,bekicot dendeng mentah,441.0,48.7,20.3,15.8,tkpi,0.11043083875185751,0.046031745927365655,0.0358276643178511,2.399014660147061,0.8282444100050491
167,dish,belitung talas kukus,145.0,1.2,0.4,34.2,tkpi,0.008275862011890607,0.0027586206706302027,0.23586206733888232,2.9999925000187497,0.5601034087151051
168,komponen,belitung talas segar,145.0,1.2,0.4,34.2,tkpi,0.008275862011890607,0.0027586206706302027,0.23586206733888232,2.9999925000187497,0.5601034087151051
169,dish,belut goreng,417.0,25.9,19.4,32.0,tkpi,0.06211031160165393,0.046522781663014906,0.0767386089286844,1.335051477574666,0.9334438239994957
170,komponen,belutlaut segar,93.0,12.8,1.5,6.1,tkpi,0.1376344071222107,0.016129032084634065,0.06559139714417853,8.533327644448239,0.7725645148392826
171,komponen,bentul komba talas segar,98.0,1.6,0.7,20.9,tkpi,0.01632653044564765,0.007142857069970846,0.2132653039462724,2.2857110204128284,0.5983842005556503
172,dish,bentul talas kukus,71.0,2.3,0.3,15.4,tkpi,0.03239436574092443,0.0042253520531640556,0.21690140539575486,7.666641111196296,0.6279574784247339
173,komponen,beras giling var pelita mentah,369.0,9.5,1.4,77.1,tkpi,0.02574525738280418,0.003794037930097458,0.20894308886465285,6.785709438778973,0.6143451986510613
174,komponen,beras giling var rojolele mentah,357.0,8.4,1.7,77.1,tkpi,0.023529411698797166,0.004761904748566093,0.21596638594967396,4.941173564015551,0.6092355894807904
175,komponen,beras ketan hitam tumbuk mentah,360.0,8.0,2.3,74.5,tkpi,0.022222222160493826,0.006388888871141975,0.20694444386959876,3.4782593572785405,0.6135068685129299
176,komponen,beras ketan putih tumbuk mentah,361.0,7.4,0.8,78.4,tkpi,0.020498614901665886,0.0022160664758557715,0.21717451463386564,9.249988437514453,0.5943551706963881
177,komponen,beras tumbuk merah mentah,352.0,7.3,0.9,76.2,tkpi,0.020738636304719782,0.002556818174554494,0.2164772721122805,8.111102098775445,0.5961072886985488
178,dish,bika ambon,199.0,2.1,1.5,44.4,tkpi,0.010552763766066514,0.007537688404333224,0.22311557676826343,1.399999066667289,0.581597366297858
179,komponen,biwah segar,51.0,0.3,0.1,12.1,tkpi,0.005882352825836219,0.00196078427527874,0.2372548973087275,2.9999700002999967,0.5511753621339894
180,komponen,buah kom segar,264.0,4.0,1.1,59.6,tkpi,0.015151515094123049,0.0041666666508838384,0.22575757490243342,3.6363603305815175,0.5839308384155284
181,komponen,cabai gembor merah segar,38.0,1.6,0.8,6.3,tkpi,0.04210526204986153,0.021052631024930765,0.16578946932132976,1.999997500003125,0.7211212201520637
182,komponen,carica papaya segar,24.0,1.9,0.2,3.7,tkpi,0.07916666336805568,0.008333332986111126,0.15416666024305584,9.499952500237498,0.7536097573537239
183,dish,cassavastick,460.0,0.8,18.7,17.2,tkpi,0.0017391304310018904,0.04065217382466919,0.037391304266540644,0.04278074637536116,0.7790804730629628
184,dish,ceriping getuk singkong,462.0,1.2,20.7,67.7,tkpi,0.002597402591780514,0.04480519470821386,0.14653679621961732,0.05797101169222165,0.6884869788132351
185,dish,cumicumi goreng,265.0,40.6,10.1,0.0,tkpi,0.15320754659166963,0.03811320740334639,0.0,4.019801582197863,0.6596008925160401
186,komponen,cumicumi segar,75.0,16.1,0.7,0.1,tkpi,0.21466666380444452,0.00933333320888889,0.001333333315555556,22.999967142904083,0.5618282044161937
187,dish,dendeng belut goreng,382.0,55.7,14.1,8.0,tkpi,0.14581151794290179,0.036910994667772264,0.020942408322140293,3.9503543297621047,0.7275704321396576
188,dish,dendeng mujahir goreng,598.0,74.3,26.9,9.2,tkpi,0.12424749143102426,0.04498327751675037,0.015384615358888602,2.7620816817070004,0.7510557104606215
189,dish,dodol bali,298.0,3.7,2.1,65.9,tkpi,0.012416107340885546,0.007046979842124229,0.22114093885523178,1.7619039229028937,0.585695017457475
190,dish,dodol kedondong,331.0,1.9,7.6,63.8,tkpi,0.005740181251540238,0.02296072500616095,0.19274924413066694,0.24999996710526748,0.6189149765503088
191,komponen,duwet segar,80.0,0.5,0.6,18.2,tkpi,0.006249999921875001,0.0074999999062500015,0.22749999715625002,0.8333319444467593,0.5688917125322921
192,komponen,encung asam segar,122.0,3.5,4.5,17.5,tkpi,0.028688524355012096,0.036885245599301265,0.14344262177506048,0.7777776049383099,0.7499199154286407
193,dish,entingenting gepuk hello kity,538.0,13.6,30.3,52.6,tkpi,0.025278810361935296,0.056319702497547024,0.0977695165468968,0.4488448696750868,0.8344424674151506
194,dish,entingenting gepuk kacang tanah,524.0,13.3,29.2,52.0,tkpi,0.02538167934087466,0.05572519073334887,0.09923664103199115,0.4554794364561837,0.831929153593401
195,dish,entingenting wijen,565.0,18.2,38.4,36.8,tkpi,0.032212389323517894,0.06796460164962018,0.06513274324755267,0.47395832099066876,0.9018357038324629
196,dish,gadung ubi kukus,88.0,0.6,0.3,20.9,tkpi,0.00681818174070248,0.00340909087035124,0.23749999730113638,1.9999933333555557,0.5577522748104456
197,komponen,gadung ubi segar,100.0,0.9,0.3,23.5,tkpi,0.00899999991,0.00299999997,0.23499999765000004,2.9999900000333337,0.5628363485511756
198,dish,ganyong rebus,100.0,0.8,0.2,23.8,tkpi,0.007999999920000002,0.0019999999800000006,0.23799999762000004,3.9999800000999994,0.5569977294892827
199,komponen,ganyong segar,77.0,0.6,0.2,18.4,tkpi,0.00779220769101029,0.0025974025636700967,0.23896103585764888,2.9999850000749992,0.5579764282722437
200,komponen,gatep segar,191.0,4.5,1.5,39.7,tkpi,0.02356020930073189,0.007853403100243963,0.20785340205312355,2.9999980000013333,0.6204848365925864
201,komponen,gembili ubi segar,131.0,1.1,0.2,31.3,tkpi,0.008396946500786668,0.0015267175455975762,0.23893129588602066,5.499972500137499,0.5566497068482286
202,dish,gemblong,274.0,1.7,5.4,55.5,tkpi,0.006204379539400074,0.01970802912515318,0.20255474378629656,0.3148147565157858,0.6080510337175785
203,dish,gendar goreng,407.0,6.4,28.2,32.0,tkpi,0.015724815686179814,0.0692874691172298,0.07862407843089907,0.22695034656204446,0.830638440038339
204,dish,getuk goreng,360.0,1.3,6.4,74.3,tkpi,0.0036111111010802472,0.017777777728395065,0.2063888883155864,0.2031249682617237,0.5941993891505979
205,dish,getuk pisang,144.0,1.1,0.4,34.1,tkpi,0.007638888835841051,0.0027777777584876546,0.23680555391107255,2.7499931250171876,0.5583163518925103
206,dish,getuk singkong,204.0,0.5,1.4,47.4,tkpi,0.002450980380142253,0.006862745064398308,0.23235294003748558,0.35714260204099857,0.5557845350011165
207,dish,gurame asem manis masakan,192.0,12.7,10.1,12.7,tkpi,0.06614583298882379,0.052604166392686634,0.06614583298882379,1.2574256180766716,0.9654745984772766
208,dish,gurandil,218.0,0.5,2.5,48.5,tkpi,0.0022935779711303764,0.011467889855651881,0.2224770631996465,0.199999920000032,0.5694941320824365
209,komponen,ikan balong segar,107.0,16.5,3.9,1.5,tkpi,0.15420560603546163,0.03644859779020002,0.014018691457769239,4.230768145956886,0.6996002885224013
210,komponen,ikan bambangan segar,112.0,20.0,1.3,3.7,tkpi,0.17857142697704084,0.011607142753507655,0.03303571399075256,15.384603550304961,0.6676975942174224
211,dish,ikan bandeng presto masakan,296.0,17.1,20.3,11.3,tkpi,0.057770270075100445,0.06858108084938824,0.0381756755467038,0.8423644905239167,0.9235114850392937
212,komponen,ikan banjar segar,111.0,19.4,0.9,4.8,tkpi,0.17477477320022725,0.00810810803506209,0.04324324285366448,21.55553160496488,0.6827668829370821
213,komponen,ikan cakalang asin mentah,198.0,36.5,2.2,5.5,tkpi,0.18434343341240692,0.01111111105499439,0.02777777763748597,16.590901549590203,0.6504478108874492
214,dish,ikan calo peda mentah,81.0,11.4,1.9,3.8,tkpi,0.14074073900320075,0.02345678983386679,0.04691357966773358,5.999996842106926,0.7599725667256348
215,komponen,ikan hiu segar,57.0,10.7,0.3,2.2,tkpi,0.18771929495229306,0.0052631578024007405,0.038596490550938764,35.66654777817408,0.6574394657575877
216,komponen,ikan kacangan segar,77.0,15.6,0.9,1.6,tkpi,0.20259739996626752,0.011688311536515436,0.020779220509360773,17.333314074095473,0.6259288143652731
217,dish,ikan katombo asin,162.0,31.7,2.8,0.3,tkpi,0.19567901113778388,0.017283950510592897,0.0018518518404206676,11.321424528062668,0.5905332059306183
218,komponen,ikan kerukeru segar,93.0,16.5,2.1,0.8,tkpi,0.17741935293097472,0.02258064491848769,0.008602150445138169,7.85713911564804,0.6332752053341193
219,komponen,ikan lais segar,161.0,11.9,11.5,2.4,tkpi,0.07391304301917365,0.07142857098491572,0.014906832205547626,1.0347825187145636,0.8299572748580655
220,komponen,ikan layur segar,82.0,18.0,1.0,0.4,tkpi,0.21951219244497328,0.012195121802498515,0.004878048720999406,17.999982000018,0.579434228319396
221,komponen,ikan lidah segar,104.0,15.6,3.2,2.0,tkpi,0.14999999855769233,0.030769230473372787,0.01923076904585799,4.8749984765629755,0.7044322594000383
222,dish,ikan mas pepes,209.0,15.2,11.3,11.8,tkpi,0.07272727237929534,0.05406698538723931,0.05645932987340034,1.3451326243245465,0.9547599950622558
223,komponen,ikan mayong segar,97.0,17.9,2.0,0.4,tkpi,0.18453608057179297,0.02061855648846849,0.004123711297693698,8.949995525002237,0.6108616886578448
224,dish,ikan mujahir goreng,416.0,46.9,23.9,0.0,tkpi,0.11274038434437407,0.05745192293881749,0.0,1.9623430141279072,0.7295477413130319
225,dish,ikan mujahir pepes,121.0,21.7,2.8,0.8,tkpi,0.17933884149306742,0.02314049567652483,0.006611570193292809,7.749997232143846,0.6278096471990016
226,komponen,ikan mujahir dendeng mentah,582.0,68.3,15.2,37.2,tkpi,0.11735395168839527,0.026116838443098214,0.06391752566337196,4.493420757011792,0.81952082000376
227,komponen,ikan mujahir segar,89.0,18.7,1.0,0.0,tkpi,0.2101123571897488,0.011235954929933092,0.0,18.699981300018703,0.5639964572713181
228,dish,ikan sale lais mentah,415.0,61.3,17.6,2.9,tkpi,0.14771084301756424,0.04240963845202497,0.006987951790390477,3.4829543475594114,0.6967946791767403
229,komponen,ikan sidat segar,81.0,11.4,1.9,3.8,tkpi,0.14074073900320075,0.02345678983386679,0.04691357966773358,5.999996842106926,0.7599725667256348
230,komponen,ikan teri segar,74.0,10.3,1.4,4.1,tkpi,0.13918918730825425,0.018918918663257855,0.05540540465668372,7.357137602044571,0.7641844665853406
231,komponen,ikan teri tepung mentah,347.0,48.8,6.4,19.6,tkpi,0.14063400535840342,0.01844380398142996,0.05648414969312925,7.6249988085939355,0.7631580108705497
232,komponen,ikan tepung mentah,316.0,60.1,6.5,22.4,tkpi,0.19018987281585484,0.020569620188070823,0.07088607572504406,9.246152423668859,0.7474460990084326
233,dish,intip goreng,474.0,7.6,21.6,62.3,tkpi,0.016033755240435116,0.04556962015702612,0.13143459887882997,0.35185183556241495,0.7464370958980631
234,dish,jagung gerontol,156.0,2.7,1.3,33.3,tkpi,0.017307692196745564,0.00833333327991453,0.21346153709319526,2.07692147929117,0.604127960477622
235,komponen,jagung kuning pipil kering mentah,366.0,9.8,7.3,69.1,tkpi,0.026775956210994656,0.019945355136761326,0.18879781369180923,1.3424655695252645,0.6686567879301285
236,dish,jagung kuning pipil rebus,154.0,3.8,3.5,28.4,tkpi,0.024675324515095295,0.022727272579693036,0.18441558321808063,1.0857139755102927,0.6731679356801994
237,komponen,jagung muda kuning mentah,147.0,5.1,0.7,31.5,tkpi,0.034693877315007636,0.004761904729510852,0.21428571282798836,7.285703877565889,0.6353536963343959
238,dish,jagung muda rebus,142.0,5.0,0.7,30.3,tkpi,0.03521126735766713,0.004929577430073398,0.21338028018746283,7.142846938790088,0.6372615017578147
239,komponen,jagung pipil var harapan kering,367.0,6.2,5.1,76.2,tkpi,0.016893732923995278,0.013896457727802567,0.2076294272271678,1.215686036139993,0.6198786206505233
240,komponen,jagung pipil var metro kering,368.0,5.5,4.6,78.0,tkpi,0.01494565213329986,0.012499999966032608,0.21195652116316163,1.1956519139887145,0.6096376552220142
241,dish,jagung titi,374.0,9.4,2.2,79.1,tkpi,0.025133689772369815,0.005882352925448255,0.21149732563770768,4.272725330579394,0.6176543782264133
242,komponen,jambu biji putih tidak berbiji,61.0,0.9,0.3,15.4,tkpi,0.014754098118785277,0.004918032706261759,0.2524590122547703,2.9999900000333337,0.5794526772831095
243,dish,japilus,500.0,1.2,25.1,67.3,tkpi,0.0023999999952,0.0501999998996,0.1345999997308,0.04780876303550744,0.7080367130322627
244,komponen,jeruk nipis segar,44.0,0.5,0.2,10.0,tkpi,0.011363636105371907,0.004545454442148763,0.22727272210743815,2.4999875000624994,0.5747007456500498
245,komponen,jeruk ragi segar,49.0,0.7,0.2,11.1,tkpi,0.014285713994169101,0.004081632569762601,0.22653060762182434,3.499982500087499,0.5812828232875155
246,komponen,kaburan ubi segar,133.0,1.0,0.2,32.2,tkpi,0.007518796935948895,0.001503759387189779,0.24210526133755444,4.999975000124999,0.5538933319058206
247,dish,kacang atom,533.0,27.8,38.1,28.8,tkpi,0.052157598401205256,0.07148217622611225,0.05403377100556516,0.7296587734997698,0.9510267406310797
248,komponen,kacang metebiji jambu monyet goreng,629.0,20.4,56.3,19.8,tkpi,0.032432432380870534,0.08950715407073584,0.031478537310844934,0.36234457615728993,0.8231440252603541
249,dish,kacang sukro,484.0,8.8,26.1,57.7,tkpi,0.018181818144252442,0.053925619723294176,0.11921487578674612,0.3371647380396652,0.7813620140894033
250,dish,kacang tanah sari,561.0,25.5,43.8,26.0,tkpi,0.04545454537352131,0.07807486617098953,0.04634581096908055,0.5821917675298683,0.9106894052592547
251,komponen,kawista segar,120.0,3.5,2.5,20.8,tkpi,0.029166666423611112,0.020833333159722224,0.17333333188888891,1.399999440000224,0.6865326166082284
252,dish,kecimpring singkong goreng,464.0,1.2,18.6,73.0,tkpi,0.0025862068909780025,0.04008620681015904,0.15732758586782847,0.06451612556364915,0.6704519698913367
253,dish,kembang tahu,380.0,48.9,13.8,23.3,tkpi,0.12868421018767312,0.036315789378116345,0.061315789312326875,3.5434780040957965,0.8276339549610688
254,dish,kembang tahu rebus,90.0,10.7,4.0,4.7,tkpi,0.11888888756790124,0.04444444395061729,0.05222222164197532,2.674999331250167,0.8449985153079875
255,komponen,kentang segar,62.0,2.1,0.2,13.5,tkpi,0.03387096719562956,0.003225806399583768,0.21774193197190433,10.499947500262499,0.6282726763408895
256,komponen,kerang dendeng mentah,357.0,41.1,10.0,25.6,tkpi,0.11512605009768614,0.02801120440332996,0.0717086832725247,4.109999589000042,0.834464879900064
257,komponen,kerang segar,101.0,14.4,2.6,3.9,tkpi,0.14257425601411627,0.025742574002548774,0.038613861003823156,5.538459408284843,0.7472303150034023
258,dish,keremes,475.0,1.6,25.2,64.4,tkpi,0.0033684210455401666,0.05305263146725762,0.1355789470829917,0.06349206097253726,0.7160052439876836
259,komponen,keribang ubi segar,137.0,1.3,1.1,29.8,tkpi,0.009489051025627365,0.008029197021684694,0.21751824658745805,1.1818171074389934,0.5812914120344768
260,dish,keripik gadung,446.0,2.8,14.5,76.0,tkpi,0.006278026891753302,0.03251121068943675,0.17040358706187536,0.1931034349583838,0.6558801108501073
261,dish,keripik lampung,485.0,1.7,22.2,69.7,tkpi,0.003505154631948135,0.045773195781910934,0.14371133990987353,0.07657657312718139,0.6957159421946093
262,dish,keripik oncom,598.0,8.3,43.8,42.6,tkpi,0.013879598638997327,0.07324414703470877,0.07123745807485375,0.18949771256854542,0.8261952471214581
263,dish,keripik singkong,478.0,0.9,20.7,72.0,tkpi,0.0018828451843455121,0.04330543923994678,0.15062761474764097,0.04347825876916624,0.6799041173398359
264,dish,keripik singkong berbumbu,481.0,2.2,19.7,73.6,tkpi,0.004573804564295625,0.04095634087119264,0.15301455269643544,0.11167512123476543,0.6818289001835491
265,dish,keripik tempe,581.0,12.1,40.6,41.7,tkpi,0.02082616175417184,0.06987951795201461,0.07177280538421205,0.298029549309617,0.8548552700143767
266,dish,keripik tempe abadi besar,556.0,15.8,37.1,39.8,tkpi,0.02841726613594017,0.06672661858502407,0.07158273368420372,0.4258759993025337,0.8842064946434199
267,dish,keripik tempe abadi murni,542.0,40.3,42.4,11.6,tkpi,0.07435424340525047,0.07822878214348933,0.02140221398265274,0.9504716756964228,0.8510024962583638
268,dish,keripik tempe abadi prima,540.0,16.7,33.9,42.0,tkpi,0.030925925868655692,0.06277777766152264,0.07777777763374485,0.4926253541998421,0.8860794932602359
269,dish,keripik tempe abadi sedang,510.0,12.3,27.9,52.4,tkpi,0.024117647011534026,0.054705882245674735,0.1027450978377547,0.4408601992523226,0.8217644476240937
270,dish,keripik tempe abadi telur,529.0,20.8,31.7,40.2,tkpi,0.03931947062510497,0.059924385519991706,0.07599243841967404,0.6561513988595773,0.9143452738653615
271,dish,kerupuk kemplang goreng,504.0,5.6,28.1,57.1,tkpi,0.011111111089065255,0.0557539681433453,0.11329365056886181,0.19928824913564946,0.7678355351220331
272,dish,kerupuk kemplang panggang,356.0,9.7,1.1,76.9,tkpi,0.0272471909346989,0.0030898876317699787,0.21601123534828306,8.81817380166018,0.6135941996706891
273,dish,kerupuk mie kuning goreng,476.0,0.1,21.1,71.3,tkpi,0.00021008403317209238,0.04432773099931149,0.14978991565170185,0.004739336268277902,0.6770704666905123
274,dish,ketan hitam matang,181.0,4.0,1.2,37.3,tkpi,0.022099447391715762,0.006629834217514728,0.20607734692774946,3.3333305555578705,0.6141734457686729
275,dish,ketan putih matang,163.0,3.0,0.4,35.7,tkpi,0.018404907862546577,0.0024539877150062104,0.2190184035643043,7.499981250046875,0.5891850992275123
276,komponen,ketela pohon singkong segar,154.0,1.0,0.3,36.8,tkpi,0.006493506451340867,0.0019480519354022601,0.2389610374093439,3.3333222222592593,0.5526595957618945
277,dish,ketela pohonsingkong kukus,153.0,1.2,0.3,36.4,tkpi,0.007843137203639626,0.0019607843009099065,0.23790849517706866,3.9999866667111115,0.5564752714634398
278,dish,ketupat ketan,212.0,4.0,4.6,38.6,tkpi,0.018867924439302245,0.021698113105197578,0.18207547083926665,0.8695650283554287,0.6573934250229134
279,komponen,koro andong kering,356.0,20.5,4.1,61.6,tkpi,0.05758426950116778,0.011516853900233555,0.1730337073791188,4.999998780488102,0.7194264387090881
280,komponen,koro roay kering,344.0,12.5,2.1,69.4,tkpi,0.036337209196694156,0.006104651145044619,0.201744185460046,5.952378117915181,0.6478510523509833
281,komponen,kranji segar,315.0,2.1,1.4,73.5,tkpi,0.006666666645502646,0.004444444430335097,0.2333333325925926,1.4999989285721942,0.5607210181728304
282,dish,kue jahe,425.0,1.6,8.8,84.6,tkpi,0.00376470587349481,0.020705882304221455,0.19905882306103806,0.18181816115702715,0.6047920160606495
283,dish,kue putu cangkir,304.0,5.3,7.0,54.9,tkpi,0.017434210468966413,0.023026315713729224,0.1805921046691049,0.7571427489796072,0.6578653618256405
284,komponen,kuro segar,87.0,16.0,2.2,1.0,tkpi,0.18390804386312593,0.02528735603117982,0.01149425274144537,7.2727239669436505,0.6455270931838843
285,komponen,lamtoro var gung tanpa kulit,367.0,46.4,5.4,32.5,tkpi,0.12643051736667435,0.014713896417673308,0.08855585806933008,8.592591001372035,0.7980440836418594
286,komponen,lamtoro var lokal dengan kulit,336.0,23.8,1.2,59.7,tkpi,0.07083333312251984,0.0035714285607993195,0.17767857089976616,19.833316805569332,0.7156152632577879
287,dish,lanting getuk,422.0,0.9,10.8,80.4,tkpi,0.002132701416747153,0.025592417000965838,0.19052132656274567,0.08333332561728467,0.6159082538219025
288,dish,lapis legit,389.0,6.6,15.7,55.5,tkpi,0.016966580933247863,0.04035989706848355,0.14267352148412976,0.42038213882916314,0.7270655348225541
289,dish,ledre pisang,405.0,4.8,5.1,84.9,tkpi,0.01185185182258802,0.01259259256149977,0.20962962911202562,0.9411762860438655,0.6024368097587165
290,dish,lempog durian,320.0,3.5,5.7,63.7,tkpi,0.010937499965820312,0.01781249994433594,0.1990624993779297,0.6140349799938631,0.6176340114791188
291,komponen,lontar segar,27.0,0.4,0.2,6.0,tkpi,0.01481481426611799,0.007407407133058995,0.22222221399176983,1.9999900000499997,0.5926899968958392
292,dish,lupis ketan,164.0,1.8,2.1,34.5,tkpi,0.010975609689173112,0.012804877970701964,0.21036585237581798,0.8571424489797861,0.6003982831392543
293,komponen,markisa segar,144.0,3.5,1.2,29.8,tkpi,0.024305555386766976,0.008333333275462963,0.20694444300733025,2.916664236113137,0.6239398052953387
294,dish,melinjo emping tebal goreng manis,439.0,10.0,16.4,65.7,tkpi,0.02277904322829375,0.03735763089440175,0.14965831400988996,0.609756060380728,0.7297907202573973
295,dish,melinjo emping tebal goreng asin,431.0,11.1,16.2,63.0,tkpi,0.025754060265071786,0.03758700687334801,0.14617169339635339,0.6851851428898059,0.741342217876902
296,dish,melinjo emping tipis goreng,485.0,11.5,24.5,59.1,tkpi,0.023711340157296205,0.05051546381337018,0.12185566985184398,0.4693877359433577,0.788764763525023
297,dish,mi golosor,71.0,0.2,0.8,15.9,tkpi,0.002816901368776037,0.011267605475104149,0.22394365881769496,0.24999968750039062,0.5701916634963736
298,dish,mi kering,339.0,10.0,1.7,6.3,tkpi,0.029498524986730015,0.005014749247744103,0.01858407074163991,5.882349480970894,0.8113836388665002
299,dish,misoa,345.0,8.5,2.2,78.0,tkpi,0.02463768108800672,0.0063768115757193876,0.2260869558664146,3.863634607438814,0.6128074528511246
300,dish,mujahir acar kuning masakan,330.0,17.8,23.4,12.1,tkpi,0.05393939377594123,0.07090909069421487,0.036666666555555553,0.7606837281759091,0.913447168940697
301,komponen,nanas segar,40.0,0.6,0.3,9.9,tkpi,0.01499999962500001,0.007499999812500005,0.24749999381250018,1.9999933333555557,0.5873651860156075
302,dish,nasi,180.0,3.0,0.3,39.8,tkpi,0.016666666574074073,0.0016666666574074074,0.22111110988271604,9.999966666777778,0.5819528845776862
303,dish,nasi beras merah,149.0,2.8,0.4,32.5,tkpi,0.018791946182604387,0.002684563740372056,0.2181208039052295,6.99998250004375,0.5910556007723737
304,dish,nopia spesial,387.0,5.3,7.6,74.3,tkpi,0.013695090403888655,0.01963824284331203,0.19198966358659,0.6973683292936409,0.6330438491144406
305,komponen,oncom ampas kacang hijau,376.0,14.9,6.0,65.7,tkpi,0.03962765946907538,0.01595744676607062,0.1747340420884733,2.4833329194445133,0.6963358297642313
306,dish,oncom kacang hijau singkong,351.0,11.0,5.3,65.9,tkpi,0.03133903124974635,0.015099715056695969,0.18774928721438952,2.075471306514848,0.6676048153092534
307,dish,oncom kacang tanah pepes,132.0,12.7,3.8,13.7,tkpi,0.09621212048324151,0.0287878785697888,0.10378787800160698,3.342104383656741,0.8526500401025073
308,dish,ongolongol sagu,111.0,0.3,2.7,21.2,tkpi,0.00270270267835403,0.02432432410518627,0.19099098927035144,0.11111106995886295,0.614123429334221
309,dish,pempek belida,156.0,4.2,1.4,31.6,tkpi,0.0269230767504931,0.008974358916831033,0.20256410126561475,2.9999978571443884,0.6337503290872302
310,dish,pempek kelesan,211.0,12.3,6.1,26.6,tkpi,0.05829383858628513,0.028909952469621077,0.12606635011342962,2.016393112066703,0.8092423596123732
311,dish,pempek tenggiri,173.0,7.2,1.2,33.4,tkpi,0.04161849686925725,0.006936416144876207,0.19306358269905444,5.9999950000041675,0.665520160401082
312,dish,pencok lele masakan,372.0,7.8,36.3,3.5,tkpi,0.020967741879118974,0.09758064489897675,0.009408602125245693,0.21487602713840148,0.6942268769124897
313,komponen,pepes oncom ampas tahu,76.0,5.2,1.8,10.6,tkpi,0.06842105173130196,0.023684210214681447,0.1394736823753463,2.888887283951509,0.7941260872469517
314,komponen,petis udang kering,345.0,23.8,1.4,59.3,tkpi,0.06898550704641883,0.0040579710027305186,0.17188405747279983,16.999987857151535,0.717888863056412
315,komponen,pisang hijau segar,117.0,2.0,0.3,28.9,tkpi,0.017094016947914386,0.0025641025421871575,0.24700854489736285,6.666644444518519,0.5801322829192603
316,komponen,pisang kidang segar,96.0,1.0,0.2,22.5,tkpi,0.010416666558159723,0.002083333311631945,0.23437499755859378,4.999975000124999,0.5641804307873111
317,komponen,pisang raja sereh segar,108.0,1.3,0.3,28.2,tkpi,0.012037036925582991,0.002777777752057613,0.26111110869341564,4.333318888937038,0.5663444978727105
318,komponen,pisang rotan segar,98.0,1.3,1.2,20.5,tkpi,0.013265305987088714,0.012244897834235735,0.2091836713348605,1.0833324305563081,0.6054509192690343
319,komponen,pisang uli segar,134.0,1.1,0.5,35.5,tkpi,0.00820895516261974,0.0037313432557362445,0.2649253711572734,2.1999956000088,0.559041219321243
320,komponen,purut segar,76.0,4.1,1.1,15.2,tkpi,0.053947367711218844,0.014473684020083106,0.19999999736842108,3.7272693388460554,0.7027131529400725
321,dish,rempeyek kacang tanah,513.0,17.5,32.5,44.3,tkpi,0.03411306036235271,0.06335282638722646,0.08635477566012714,0.5384615218934917,0.8837007288349658
322,dish,rempeyek kacang tolo,451.0,11.2,20.2,59.7,tkpi,0.024833702827419726,0.04478935688516772,0.13237250524972838,0.5544554180962664,0.7687737091165852
323,dish,rempeyek kacang uci,497.0,17.0,27.6,50.8,tkpi,0.03420523131950658,0.05553319908343421,0.10221327947240788,0.6159420066687679,0.8520464603750214
324,komponen,rusip,110.0,11.5,2.0,11.7,tkpi,0.10454545359504133,0.018181818016528926,0.10636363539669422,5.749997125001437,0.8203880988402694
325,komponen,saga merah terkupas mentah,449.0,30.6,25.5,31.9,tkpi,0.06815144750968498,0.056792872924737475,0.07104677044310295,1.1999999529411782,0.9686131325971719
326,komponen,sagu aren kering,355.0,0.6,1.1,85.6,tkpi,0.0016901408403094623,0.003098591540567348,0.24112675988414997,0.5454540495872277,0.5423590538509204
327,komponen,salak bali segar,57.0,0.5,0.1,13.6,tkpi,0.008771929670667901,0.0017543859341335802,0.2385964870421669,4.999950000499995,0.5583234927529702
328,komponen,salak pondoh segar,87.0,0.8,0.4,20.1,tkpi,0.009195402193156297,0.004597701096578148,0.23103448010305197,1.9999950000125002,0.5683643888987875
329,dish,sale pisang siam,281.0,2.4,0.7,66.1,tkpi,0.008540925236509163,0.002491103193981839,0.2352313158888565,3.428566530619242,0.5601578707373862
330,dish,sale pisang cilacap,295.0,2.3,2.1,66.9,tkpi,0.007796610143062338,0.007118644043665614,0.22677966024820456,1.0952375736963933,0.5722302694942734
331,komponen,sawo duren segar,64.0,1.0,3.1,8.0,tkpi,0.015624999755859379,0.04843749924316408,0.12499999804687503,0.32258054110305123,0.7576070643806178
332,komponen,sawo kecik segar,111.0,0.9,2.3,21.6,tkpi,0.00810810803506209,0.02072072053404756,0.19459459284149017,0.3913041776938358,0.6191371514271119
333,dish,serimping talas kebumen,478.0,2.5,21.2,69.2,tkpi,0.005230125512070867,0.04435146434236095,0.1447698741741216,0.1179245227394093,0.6976074423228711
334,komponen,srikaya segar,63.0,1.1,0.5,13.9,tkpi,0.01746031718316957,0.007936507810531622,0.2206349171327791,2.1999956000088,0.6012738517048847
335,komponen,sukun muda segar,119.0,1.4,0.2,28.1,tkpi,0.011764705783489867,0.0016806722547842668,0.2361344517971895,6.999965000174998,0.5663749317495452
336,komponen,sukun tua segar,126.0,1.6,0.2,24.5,tkpi,0.012698412597631646,0.0015873015747039558,0.19444444290123458,7.999960000199999,0.5764327577758999
337,dish,suweg talas kukus,93.0,1.5,0.1,21.9,tkpi,0.016129032084634065,0.001075268805642271,0.23548386843565733,14.999850001499984,0.5760407310871742
338,komponen,suweg talas segar,74.0,1.4,0.1,17.2,tkpi,0.018918918663257855,0.001351351333089847,0.23243242929145366,13.999860001399984,0.5843452190868235
339,dish,suwirsuwir,347.0,0.5,0.9,84.2,tkpi,0.0014409221860492156,0.0025936599348885883,0.24265129613068792,0.5555549382722907,0.5401563525890063
340,dish,tahu goreng,115.0,9.7,8.5,2.5,tkpi,0.08434782535349716,0.07391304283553876,0.021739130245746693,1.1411763363321958,0.8478452584732017
341,dish,tahu mentah,80.0,10.9,4.7,0.8,tkpi,0.13624999829687504,0.05874999926562501,0.009999999875000002,2.319148442734374,0.7464150878162835
342,dish,takwa,148.0,13.8,8.5,4.0,tkpi,0.09324324261322134,0.05743243204437546,0.02702702684441198,1.6235292207612684,0.8477082015020129
343,dish,talas bogor kukus,120.0,1.5,0.3,28.2,tkpi,0.012499999895833334,0.0024999999791666667,0.23499999804166669,4.999983333388889,0.5707111824320498
344,komponen,talas bogor segar,108.0,1.4,0.4,25.0,tkpi,0.012962962842935528,0.0037037036694101515,0.23148147933813445,3.499991250021875,0.575814115029399
345,komponen,talas pontianak segar,163.0,2.3,0.5,36.4,tkpi,0.014110429361285709,0.003067484643757763,0.22331288206556513,4.599990800018399,0.5786858522575196
346,dish,tapai ketan hitam,166.0,3.8,1.0,34.4,tkpi,0.02289156612715924,0.006024096349252432,0.20722891441428365,3.7999962000038003,0.6140767102148496
347,dish,tapai ketan putih,172.0,3.0,0.5,37.5,tkpi,0.017441860363710114,0.002906976727285019,0.21802325454637644,5.999988000024,0.5882051622071847
348,dish,tapai singkong,169.0,1.4,0.3,40.2,tkpi,0.008284023619621161,0.001775147918490249,0.2378698210776934,4.666651111162963,0.5571550614766669
349,komponen,tauco,184.0,11.4,5.5,22.2,tkpi,0.06195652140241021,0.029891304185373346,0.12065217325732515,2.072726895867837,0.8231488673368729
350,komponen,tauco cap beruang cake,347.0,7.4,5.2,67.6,tkpi,0.021325648353528393,0.014985590734911843,0.19481267955385392,1.4230766494083367,0.6395130757110168
351,komponen,tauco cap das cake,358.0,7.5,4.3,70.4,tkpi,0.02094972061187229,0.012011173150806779,0.19664804414344123,1.7441856408870602,0.6297610259855335
352,komponen,tauco cap meong,159.0,7.4,4.9,21.3,tkpi,0.04654088021043472,0.03081760986907164,0.13396226330841343,1.5102037734278013,0.7852875721301075
353,dish,tauji cap singa,277.0,9.1,4.7,49.6,tkpi,0.03285198544096756,0.016967508964016213,0.1790613711947243,1.9361698008149357,0.6812466260617089
354,dish,tempe gembus p3g,73.0,5.7,1.3,10.3,tkpi,0.07808219071120287,0.01780821893413399,0.14109588847813853,4.384612011836914,0.7875990168860012
355,dish,tempe gembus yogya,76.0,6.8,0.7,10.6,tkpi,0.08947368303324102,0.00921052619459834,0.1394736823753463,9.714271836754518,0.7747042284064565
356,dish,tempe kacang babi,139.0,12.5,0.8,21.9,tkpi,0.0899280569069924,0.005755395642047514,0.15755395570105066,15.624980468774412,0.7547988412720976
357,dish,tempe kecipir kacang belimbing,212.0,17.5,10.0,12.9,tkpi,0.08254716942194731,0.04716981109825561,0.060849056316749736,1.7499998250000177,0.9235651116962478
358,dish,tempe kedelai jagung,143.0,12.0,5.5,11.4,tkpi,0.08391608332925816,0.03846153819257666,0.07972027916279525,2.1818177851240392,0.8985136843946531
359,dish,tempe kedelai murni goreng,350.0,24.5,26.6,10.4,tkpi,0.0699999998,0.07599999978285715,0.029714285629387757,0.9210525969529098,0.8830398015716784
360,dish,tempe kedelai murni mentah,201.0,20.8,8.8,13.5,tkpi,0.10348258654983788,0.0437810943095468,0.06716417877032747,2.363636095041353,0.8854487081784116
361,dish,tempe lamtoro,128.0,10.7,0.5,21.3,tkpi,0.08359374934692383,0.0039062499694824224,0.1664062486999512,21.3999572000856,0.7387049901303615
362,dish,tempe lamtoro var gung dengan kulit,146.0,11.7,2.3,19.6,tkpi,0.0801369857524864,0.015753424549634076,0.13424657442296867,5.086954310019865,0.7895375237894693
363,dish,tempe lamtoro var gung tanpa kulit,131.0,18.0,0.8,13.0,tkpi,0.13740457910378184,0.006106870182390305,0.09923664046384244,22.499971875035154,0.7728291207298319
364,dish,tempe pasar,150.0,14.0,7.7,9.1,tkpi,0.09333333271111112,0.05133333299111111,0.060666666262222224,1.8181815820543399,0.9123042658879529
365,dish,tempe pasar goreng,336.0,20.0,28.0,7.8,tkpi,0.059523809346655326,0.08333333308531746,0.02321428564519558,0.7142856887755111,0.8511501567779782
366,komponen,tepung terigu,333.0,9.0,1.0,77.2,tkpi,0.027027026945864785,0.003003002993984976,0.23183183113564015,8.999991000009,0.6078928108667024
367,komponen,terasi,155.0,22.3,2.9,9.9,tkpi,0.1438709668137357,0.018709677298647243,0.06387096732986473,7.689652520809475,0.7714633217782296
368,dish,teri balado masakan,365.0,23.7,22.3,17.5,tkpi,0.06493150667142053,0.061095890243572905,0.04794520534809533,1.06278022139999,0.9581893800488401
369,komponen,teripang dendeng mentah,462.0,39.1,32.4,3.5,tkpi,0.08463203444884841,0.07012986997807387,0.0075757575593598326,1.2067900862101828,0.7940413561829391
370,dish,tipatipa,355.0,6.2,1.2,79.8,tkpi,0.017464788683197778,0.0033802816806189247,0.2247887317611585,5.1666623611147,0.5879368013985824
371,komponen,ubi jalar manis segar,83.0,1.5,0.2,18.8,tkpi,0.018072288938888084,0.002409638525185078,0.22650602136739734,7.4999625001874985,0.5864225165055617
372,komponen,ubi jalar merah segar,151.0,1.6,0.3,35.4,tkpi,0.010596026419893866,0.0019867549537300995,0.23443708454015175,5.333315555614815,0.5643818903122704
373,dish,ubi jalar tinta kemayung kukus,165.0,0.9,0.2,39.8,tkpi,0.005454545421487603,0.0012121212047750231,0.24121211975022958,4.499977500112499,0.5475590659357906
374,dish,ubi jalar kuning kukus,100.0,0.7,0.3,23.8,tkpi,0.00699999993,0.00299999997,0.23799999762000004,2.3333255555814816,0.5570589038476397
375,dish,wajit camilan,303.0,6.3,2.7,63.3,tkpi,0.02079207913930007,0.00891089105970003,0.208910890399634,2.3333324691361224,0.6160785407581051
376,komponen,wani segar,74.0,0.8,0.3,17.1,tkpi,0.010810810664718775,0.0040540539992695405,0.23108107795836383,2.6666577778074076,0.5711860052153145
377,dish,widaran,424.0,1.3,10.7,80.7,tkpi,0.0030660377286178355,0.02523584899708526,0.19033018823035333,0.12149531574810135,0.6178813003565685
378,dish,wingko babat,355.0,3.2,15.1,51.4,tkpi,0.009014084481650466,0.04253521114778814,0.1447887319865106,0.21192051576685328,0.7058710775782641
379,dish,yangko,254.0,3.0,1.1,58.1,tkpi,0.011811023575547152,0.0043307086443672895,0.22874015657976318,2.727270247936138,0.5750224026372188
380,dish,asinan bogor sayuran,98.0,3.9,2.6,14.8,tkpi,0.03979591796126614,0.02653061197417743,0.15102040662224075,1.4999994230771447,0.7431677421494947
381,dish,ayam ampela goreng,270.0,32.3,11.2,9.9,tkpi,0.11962962918655692,0.04148148132784636,0.0366666665308642,2.8839283139349723,0.8077382979175192
382,komponen,ayam hati segar,261.0,27.4,16.1,1.6,tkpi,0.10498084250965194,0.06168582351844513,0.0061302681757460994,1.7018632483314748,0.7658586045749236
383,dish,beef burger,258.0,10.6,9.5,32.5,tkpi,0.04108527115858422,0.036821705283636805,0.1259689917598101,1.1157893562326995,0.7986206266637175
384,dish,beef teriyaki masakan,151.0,8.6,3.1,22.3,tkpi,0.056953642006929525,0.020529801188544364,0.14768211822727076,2.7741926534862404,0.7625547676413407
385,dish,beef yakiniku masakan,132.0,9.8,1.1,20.7,tkpi,0.07424242367998164,0.008333333270202022,0.15681818063016528,8.909082809924719,0.746251552377001
386,dish,bihun goreng instan,381.0,6.1,3.9,80.3,tkpi,0.016010498645641736,0.010236220445574224,0.21076115430246414,1.5641021630507272,0.6067760671449155
387,dish,bulgogi masakan,72.0,11.4,4.9,1.4,tkpi,0.1583333311342593,0.06805555461033953,0.01944444417438272,2.326530137442829,0.7659170829631627
388,dish,cap cai sayur,97.0,5.8,6.3,4.2,tkpi,0.05979381381655862,0.06494845293867574,0.043298968625783835,0.9206347745024167,0.9450510067789595
389,dish,chicken teriyaki masakan,168.0,13.0,9.6,7.5,tkpi,0.07738095192035148,0.05714285680272109,0.04464285687712585,1.3541665256076538,0.9247117469245469
390,dish,chikiniku masakan,143.0,9.8,1.4,22.8,tkpi,0.0685314680522275,0.009790209721746785,0.1594405583255905,6.999995000003572,0.7410725104804206
391,dish,djibokum masakan,248.0,10.0,2.3,40.9,tkpi,0.04032258048257024,0.009274193510991154,0.16491935417371228,4.347824196598175,0.6864625092119605
392,dish,empal daging goreng masakan,248.0,36.2,6.9,10.1,tkpi,0.1459677413469043,0.027822580532973467,0.040725806287395944,5.246376051249848,0.7533253298125143
393,dish,fillet ofish,270.0,12.3,15.9,19.3,tkpi,0.04555555538683128,0.058888888670781896,0.07148148121673525,0.7735848570072418,0.9398289091642779
394,komponen,gulai ikan masakan,106.0,16.5,3.3,2.5,tkpi,0.15566037588999646,0.03113207517799929,0.02358490543787825,4.999998484848944,0.7121338566885328
395,komponen,jambal goreng,286.0,48.5,9.2,2.3,tkpi,0.16958041898748105,0.032167832055357226,0.008041958013839307,5.271738557419723,0.6608589280746628
396,dish,kalio ayam masakan,203.0,16.0,13.5,4.4,tkpi,0.07881773360188309,0.06650246272658886,0.02167487674051785,1.1851850973936966,0.8529603810272202
397,dish,kalio jeroan masakan,163.0,16.5,9.0,4.1,tkpi,0.10122699324400618,0.055214723587639736,0.025153374078813653,1.8333331296296524,0.8277284656839974
398,dish,kalio kikil tunjang masakan,122.0,13.8,5.7,3.9,tkpi,0.11311475317119056,0.04672131109244827,0.031967212852727765,2.4210522068329463,0.8159910244306754
399,dish,kalio otak masakan,157.0,8.1,8.8,11.4,tkpi,0.05159235635928435,0.05605095505700029,0.07261146450565946,0.9204544408574499,0.9498338293544244
400,dish,kalio telur masakan,193.0,10.6,12.4,9.7,tkpi,0.054922279508174715,0.0642487043303176,0.050259067097103274,0.8548386407388193,0.9656728680112483
401,dish,kue lumpur,291.0,3.6,11.1,44.1,tkpi,0.01237113397810607,0.038144329765827045,0.15154639123179936,0.3243242951059194,0.7008059169088574
402,dish,kue sus,221.0,7.5,10.2,24.8,tkpi,0.0339366514301509,0.04615384594500522,0.11221719406236565,0.7352940455594074,0.8211936712778869
403,dish,mie ayam,102.0,6.2,3.9,10.5,tkpi,0.06078431312956556,0.038235293742791235,0.10294117546136103,1.5897431821171328,0.8672152864794263
404,dish,mie bakso,114.0,5.3,3.0,16.4,tkpi,0.04649122766235765,0.026315789242843956,0.14385964786088026,1.766666077777974,0.7631357881216083
405,dish,mie pangsit basah,105.0,5.9,4.9,9.4,tkpi,0.05619047565532881,0.04666666622222223,0.08952380867120183,1.2040813869221658,0.9044897945314339
406,dish,moon tahu,128.0,8.0,10.0,1.3,tkpi,0.06249999951171876,0.07812499938964844,0.010156249920654298,0.7999999200000081,0.807227269218826
407,dish,nasi rames,155.0,10.3,4.2,19.1,tkpi,0.06645161247450573,0.027096774018730493,0.12322580565660772,2.4523803684808647,0.8179732448046335
408,dish,pastel,307.0,4.5,13.3,42.4,tkpi,0.014657980408280194,0.04332247542891702,0.1381107487357956,0.33834583922211736,0.7309710760044312
409,dish,sapi paru goreng,268.0,23.9,12.7,14.5,tkpi,0.08917910414485408,0.04738805952467142,0.05410447741005792,1.881889615599243,0.9038990379089216
410,dish,semur jengkol,212.0,6.0,10.0,29.1,tkpi,0.028301886658953366,0.04716981109825561,0.13726415029592381,0.599999940000006,0.7765012690281774
411,dish,shabushabu,88.0,3.2,8.0,0.8,tkpi,0.03636363595041323,0.09090908987603308,0.009090908987603308,0.3999999500000063,0.7505561742150706
412,dish,sop buntut masakan,71.0,7.5,3.6,2.2,tkpi,0.1056338013291014,0.05070422463796867,0.03098591505653641,2.08333275462979,0.8313895920646199
413,dish,sop daging sapi masakan,49.0,5.8,0.5,5.3,tkpi,0.11836734452311543,0.010204081424406502,0.10816326309870891,11.599976800046399,0.7940234375004893
414,dish,sop kaki sapi masakan,68.0,9.0,1.9,3.7,tkpi,0.13235293923010383,0.027941176059688586,0.05441176390570936,4.736839612189678,0.793584072104188
415,dish,sop kambing masakan,34.0,5.5,0.8,1.1,tkpi,0.16176470112456762,0.023529411072664385,0.03235294022491353,6.874991406260741,0.7096777829851889
416,dish,soto jeroan masakan,92.0,11.8,4.3,1.4,tkpi,0.12826086817107754,0.046739129926748585,0.0152173911389414,2.744185408328975,0.7495980555449937
417,dish,spaghetti,139.0,7.4,2.1,22.6,tkpi,0.0532374096889395,0.015107913560374723,0.16258992688784227,3.5238078458057873,0.7293362517913557
418,dish,sukiyaki masakan,75.0,5.6,0.4,12.2,tkpi,0.07466666567111112,0.005333333262222224,0.1626666644977778,13.9999650000875,0.7346912972566766
419,dish,tahu telur,328.0,12.6,19.9,24.6,tkpi,0.038414634029223675,0.060670731522345325,0.07499999977134147,0.6331657973283519,0.9135348392730217
420,komponen,abon haruwan,513.0,23.7,37.0,21.3,tkpi,0.04619883031930053,0.07212475619468858,0.04152046775532073,0.6405405232286345,0.9157898596204369
421,komponen,abon ikan,435.0,27.2,20.2,36.1,tkpi,0.0625287354884397,0.04643678150244418,0.08298850555634826,1.3465345868052183,0.9220769117575266
422,dish,amparan tatak,191.0,1.3,5.5,34.0,tkpi,0.006806282686878102,0.028795811367561198,0.1780104702721965,0.23636359338843757,0.6439576603330375
423,dish,anyang sayur,126.0,3.4,7.9,10.3,tkpi,0.026984126769967247,0.06269841220080626,0.08174603109725373,0.4303796923570009,0.8675893551289343
424,dish,apang kukus kue,202.0,3.0,0.3,46.7,tkpi,0.014851485074992649,0.0014851485074992648,0.23118811766738556,9.999966666777778,0.5746927907709274
425,dish,apem kue,148.0,2.0,0.5,33.9,tkpi,0.01351351342220599,0.0033783783555514976,0.22905405250639152,3.999992000016,0.5768259629718203
426,dish,ares sayur,113.0,0.9,7.2,11.2,tkpi,0.007964601699428303,0.06371681359542643,0.09911504337066333,0.1249999826388913,0.780323372901629
427,dish,arwan sirsir,277.0,2.4,25.0,10.7,tkpi,0.008664259896518917,0.09025270725540539,0.038628158705313505,0.09599999616000014,0.7550087498827399
428,dish,ayam taliwang masakan,264.0,18.2,20.1,2.7,tkpi,0.06893939367825987,0.07613636334796833,0.01022727268853306,0.9054725917675326,0.8099194642090131
429,dish,babi hutan masak rica masakan,491.0,24.6,16.3,0.2,tkpi,0.05010183289184963,0.03319755594053451,0.0004073319747304848,1.509202361398628,0.7535402703882045
430,dish,bagea kelapa asin,450.0,3.2,13.9,78.1,tkpi,0.007111111095308643,0.030888888820246915,0.17355555516987653,0.23021581077584097,0.6525640129488655
431,dish,bagea kelapa manis,452.0,1.3,13.8,80.6,tkpi,0.0028761061883271987,0.030530973383781034,0.1783185836762863,0.09420289172442814,0.6362365451877264
432,dish,bagea kenari asin,529.0,3.2,29.1,63.6,tkpi,0.006049149326939227,0.05500945169185359,0.12022684287291713,0.10996563195994391,0.7420086198509446
433,dish,bagea kenari manis,523.0,3.2,28.2,64.2,tkpi,0.006118546833425341,0.05391969396956081,0.1227533458455959,0.11347517328102223,0.7380988569286762
434,komponen,bakung segar,27.0,2.0,0.2,4.2,tkpi,0.07407407133058995,0.007407407133058995,0.15555554979423888,9.999950000249997,0.7444199136169729
435,komponen,balichong,152.0,13.2,0.8,22.9,tkpi,0.08684210469182825,0.005263157860110804,0.15065789374567173,16.499979375025777,0.7548860761250554
436,dish,bantal,190.0,3.3,0.3,43.5,tkpi,0.017368420961218836,0.0015789473601108034,0.22894736721606648,10.999963333455556,0.5818325943402062
437,dish,barongko,159.0,3.1,5.8,23.5,tkpi,0.01949685522329022,0.036477987191962345,0.14779874120881295,0.5344826664685058,0.7207514929316661
438,dish,baruasa,417.0,6.5,8.2,79.3,tkpi,0.015587529938639016,0.019664268537975375,0.190167865251396,0.7926828301606306,0.6390994140542731
439,dish,batar daan,107.0,2.2,2.2,19.6,tkpi,0.020560747471394886,0.020560747471394886,0.18317756838151808,0.999999545454752,0.658231722426502
440,komponen,batatas gembili segar,76.0,1.1,0.9,16.0,tkpi,0.014473684020083106,0.011842105107340723,0.21052631301939062,1.2222208641990397,0.6071367110736761
441,dish,batatas kelapa ubi bakar,110.0,1.4,1.1,23.4,tkpi,0.012727272611570249,0.009999999909090911,0.21272727079338843,1.272726115703531,0.5968212976508189
442,dish,batatas kelapa ubi kukus,92.0,1.2,0.3,21.0,tkpi,0.013043478119092629,0.003260869529773157,0.22826086708412102,3.9999866667111115,0.5754217779175824
443,komponen,batatas kelapa ubi segar,89.0,1.1,0.1,21.0,tkpi,0.012359550422926401,0.0011235954929933092,0.23595505352859492,10.99989000109999,0.5664273041577951
444,dish,batatas tali ubi rebus,182.0,2.4,0.4,42.2,tkpi,0.013186813114358169,0.002197802185726362,0.23186813059413117,5.9999850000374995,0.572208273435691
445,komponen,bayam merah segar,41.0,2.2,0.8,6.3,tkpi,0.0536585352766211,0.019512194646044034,0.15365853283759676,2.749996562504297,0.7490527445990782
446,komponen,bebek alabio daging segar,303.0,11.3,27.0,3.7,tkpi,0.03729372924985568,0.0891089105970003,0.012211221081811153,0.4185185030178332,0.7690026226127483
447,dish,bebek daging goreng,300.0,24.0,20.7,4.5,tkpi,0.07999999973333334,0.06899999977,0.01499999995,1.159420233844433,0.8267939652000837
448,dish,beberuk,65.0,1.1,5.2,3.5,tkpi,0.0169230766627219,0.07999999876923079,0.053846153017751495,0.21153842085799598,0.8283744787545189
449,komponen,bekasam,116.0,11.9,4.9,6.1,tkpi,0.10258620601218789,0.042241378946195014,0.05258620644322236,2.4285709329447074,0.8665281701735353
450,komponen,bekasang,78.0,11.4,2.0,3.6,tkpi,0.14615384428007894,0.02564102531229455,0.04615384556213019,5.699997150001424,0.7584491985186745
451,komponen,belibis daging segar,131.0,20.2,4.3,2.8,tkpi,0.15419847210535517,0.03282442723034788,0.021374045638366063,4.697673326122482,0.7116213270950246
452,komponen,belut segar,70.0,14.6,0.8,1.0,tkpi,0.20857142559183678,0.011428571265306126,0.014285714081632657,18.249977187528515,0.6061732896005573
453,komponen,beras giling mentah,357.0,8.4,1.7,77.1,tkpi,0.023529411698797166,0.004761904748566093,0.21596638594967396,4.941173564015551,0.6092355894807904
454,komponen,beras hitam mentah,351.0,8.0,1.3,76.9,tkpi,0.022792022727088253,0.0037037036931518415,0.21908831846413587,6.153841420121985,0.6036121335302054
455,komponen,beras jagung kuning kering mentah,358.0,5.5,0.1,82.7,tkpi,0.015363128448706345,0.0002793296081582972,0.23100558594691178,54.999450005499945,0.5727102853667548
456,komponen,beras jagung putih kering mentah,307.0,4.8,0.1,71.8,tkpi,0.01563517910216554,0.0003257328979617821,0.23387622073655953,47.99952000479995,0.5730356760552109
457,komponen,beras ladang mentah,376.0,7.5,3.8,78.0,tkpi,0.019946808457588276,0.010106382951844725,0.20744680795891807,1.9736836911358708,0.6176982058780126
458,komponen,beras tumbuk mentah,354.0,7.8,0.4,79.9,tkpi,0.022033898242842093,0.0011299434996329281,0.22570621405167737,19.499951250121875,0.5929631826581909
459,dish,betok wadi masakan,145.0,16.3,7.0,4.1,tkpi,0.11241379232818074,0.04827586173602854,0.02827586187395957,2.3285710959184147,0.810070866953727
460,dish,biji nangkabiji salak,262.0,2.3,5.4,51.1,tkpi,0.008778625920692267,0.02061068694423402,0.1950381671945108,0.42592584705076897,0.6205818268012385
461,dish,bingka,273.0,5.3,10.6,39.1,tkpi,0.019413919342806157,0.03882783868561231,0.14322344269881523,0.49999995283019316,0.7301308006521354
462,dish,bobengka,225.0,5.3,2.6,45.2,tkpi,0.0235555554508642,0.011555555504197531,0.2008888879960494,2.038460754438171,0.6332080472726315
463,dish,bolu peca,197.0,3.3,4.6,35.6,tkpi,0.01675126895050117,0.02335025368857739,0.18071065898116417,0.7173911483932286,0.6567956468933294
464,dish,bou ninahu ndamate masakan,79.0,6.3,1.0,1.1,tkpi,0.07974683443358438,0.012658227687870536,0.01392405045665759,6.299993700006301,0.7053320918136989
465,dish,bouiki ninahu nggaluku masakan,94.0,7.8,2.2,10.8,tkpi,0.08297872252150296,0.023404255070167503,0.1148936157990041,3.5454529338850294,0.8286529948125172
466,komponen,buah kelenting segar,110.0,1.4,2.1,21.4,tkpi,0.012727272611570249,0.019090908917355376,0.1945454527768595,0.6666663492065003,0.6278110057350932
467,komponen,buah kelor,38.0,1.5,0.2,7.5,tkpi,0.03947368317174518,0.005263157756232691,0.19736841585872592,7.4999625001874985,0.6544078379808573
468,komponen,buah merah,87.0,2.6,2.7,13.1,tkpi,0.029885057127757967,0.031034482401902503,0.15057471091293437,0.9629626063101457,0.7322637824095891
469,komponen,buah negri segar,55.0,1.2,0.1,12.2,tkpi,0.02181818142148761,0.0018181817851239677,0.22181817778512403,11.999880001199987,0.595317756337618
470,komponen,buah rotan segar,78.0,0.6,0.3,18.2,tkpi,0.007692307593688364,0.003846153796844182,0.2333333303418804,1.9999933333555557,0.5618677210169005
471,komponen,buah rukam segar,113.0,0.8,0.3,26.8,tkpi,0.007079645955047381,0.0026548672331427677,0.23716813949408727,2.6666577778074076,0.5564139016550305
472,komponen,buah ruruhi segar,29.0,2.1,0.7,3.6,tkpi,0.07241379060642102,0.024137930202140334,0.12413792675386459,2.999995714291837,0.8149758367882124
473,komponen,buah tuppa segar,67.0,0.4,0.2,15.9,tkpi,0.0059701491646246396,0.0029850745823123198,0.23731342929382943,1.9999900000499997,0.554280982790945
474,komponen,buaya daging dendeng mentah,365.0,49.6,4.8,30.8,tkpi,0.13589041058660162,0.013150684895477575,0.08438356141264777,10.333331180556005,0.7844121095159386
475,dish,bubur sagu,167.0,0.2,4.0,33.0,tkpi,0.0011976047832478755,0.023952095664957512,0.19760478923589947,0.049999987500003125,0.606215672895464
476,dish,bubur tinotuan manado,156.0,2.3,0.2,15.6,tkpi,0.014743589649079552,0.0012820512738330046,0.09999999935897436,11.499942500287498,0.6232726542415574
477,dish,cakalang asar asap papua,155.0,20.1,3.8,10.2,tkpi,0.1296774185182102,0.02451612887408949,0.06580645118834547,5.289472292244134,0.8033610688569486
478,dish,cake tape,323.0,4.9,11.5,50.1,tkpi,0.015170278590804092,0.03560371506005042,0.1551083586529153,0.4260869194707027,0.700228833744152
479,dish,cammetutu,102.0,3.2,6.0,8.7,tkpi,0.03137254871203384,0.05882352883506344,0.085294116810842,0.5333332444444593,0.8745536700700239
480,dish,cangkuning,204.0,2.8,7.5,31.4,tkpi,0.013725490128796616,0.0367647057021338,0.15392156787293348,0.37333328355556217,0.6997063100782221
481,dish,coto mangkasara kuda masakan,96.0,6.8,5.9,3.8,tkpi,0.07083333259548612,0.061458332693142374,0.03958333292100695,1.152542177535224,0.9238193630910513
482,dish,coto mangkasara sapi masakan,84.0,6.0,6.0,1.4,tkpi,0.0714285705782313,0.0714285705782313,0.01666666646825397,0.9999998333333611,0.8381745674896458
483,komponen,daun bawang merah segar,41.0,2.0,0.3,7.8,tkpi,0.048780486615110086,0.007317072992266513,0.19024389779892933,6.666644444518519,0.682104371663392
484,komponen,daun gedi besar segar,58.0,2.9,0.7,10.0,tkpi,0.04999999913793105,0.01206896530915577,0.17241379013079672,4.1428512244982505,0.7081994869642618
485,komponen,daun gedi kecil segar,61.0,3.2,0.7,10.4,tkpi,0.05245901553345877,0.011475409647944104,0.170491800483741,4.571422040825657,0.7124446198136598
486,komponen,daun jawaw seluang segar,93.0,5.0,1.3,15.3,tkpi,0.053763440282113543,0.013978494473349522,0.16451612726326745,3.8461508875762402,0.72576852200959
487,komponen,daun kasbisingkong karet segar,92.0,4.0,3.6,10.9,tkpi,0.04347826039697543,0.039130434357277886,0.11847825958175806,1.1111108024692216,0.8188673821713558
488,komponen,daun kelor segar,92.0,5.1,1.6,14.3,tkpi,0.05543478200614367,0.017391304158790175,0.15543478091918717,3.187498007813745,0.7449526891664676
489,komponen,daun kubis segar,51.0,2.5,1.1,8.0,tkpi,0.04901960688196849,0.02156862702806614,0.1568627420222992,2.2727252066134485,0.743270001790896
490,komponen,daun leilem segar,76.0,2.8,0.2,15.8,tkpi,0.03684210477839336,0.002631578912742383,0.20789473410664824,13.999930000349996,0.637013821410803
491,komponen,daun ndusuk segar,166.0,1.7,0.5,38.8,tkpi,0.010240963793729133,0.003012048174626216,0.23373493835099432,3.3999932000135997,0.5663731374415149
492,komponen,daun pakis longgiho segar,54.0,2.2,3.6,3.1,tkpi,0.040740739986282595,0.06666666543209879,0.05740740634430729,0.6111109413580719,0.9349133063783417
493,komponen,daun pakis wambateu segar,53.0,3.4,1.2,7.2,tkpi,0.06415094218583128,0.022641509006763982,0.1358490540405839,2.83333097222419,0.7899702791475581
494,komponen,daun paku segar,29.0,3.4,0.1,6.5,tkpi,0.11724137526753878,0.0034482757431629056,0.22413792330558885,33.99966000339996,0.7386785716997382
495,komponen,daun pangisegar,104.0,3.9,0.6,17.9,tkpi,0.03749999963942308,0.005769230713757397,0.172115382960429,6.499989166684722,0.6652017203769578
496,komponen,daun pare segar,49.0,2.7,1.0,8.4,tkpi,0.05510203969179511,0.020408162848813003,0.17142856793002925,2.6999973000027,0.7384515492800459
497,komponen,daun selasih segar,62.0,4.0,0.5,10.5,tkpi,0.06451612799167536,0.00806451599895942,0.16935483597814782,7.999984000032,0.7237821578965322
498,komponen,daun singkong ampenan segar,50.0,6.2,1.1,7.1,tkpi,0.12399999752000006,0.02199999956000001,0.14199999716000006,5.636358512401353,0.8165299331441263
499,komponen,daun singkong kopang segar,74.0,6.3,0.7,10.7,tkpi,0.08513513398466035,0.009459459331628927,0.1445945926406136,8.99998714287551,0.7687983540004097
500,komponen,daun ubi kuning segar,62.0,3.7,0.3,11.1,tkpi,0.05967741839229971,0.004838709599375652,0.1790322551768991,12.333292222359262,0.7014068270391008
501,komponen,daun ubi putih segar,46.0,2.8,0.2,8.2,tkpi,0.060869563894139916,0.004347825992438566,0.17826086568998117,13.999930000349996,0.7025000238190524
502,komponen,daun ubi tinta segar,55.0,1.7,0.1,11.9,tkpi,0.030909090347107447,0.0018181817851239677,0.21636363242975215,16.99983000169998,0.6185088637952382
503,dish,dodol banjarmasin,368.0,2.6,8.6,70.0,tkpi,0.007065217372105388,0.02336956515388705,0.19021739078745276,0.3023255462412156,0.6249124372099027
504,dish,dodol galamai,348.0,0.4,3.8,76.1,tkpi,0.0011494252840533758,0.010919540198507069,0.2186781602911547,0.10526313019391312,0.5652361269867356
505,dish,dodol manado,373.0,4.3,16.5,51.9,tkpi,0.011528150103141689,0.0442359248143809,0.1391420907797799,0.2606060448117548,0.7223198793583904
506,dish,dodol nanas,338.0,1.5,1.2,80.3,tkpi,0.004437869809355415,0.0035502958474843316,0.23757396379415988,1.2499989583342015,0.5515953200647985
507,dish,emping beras,403.0,10.6,2.2,85.3,tkpi,0.02630272946326866,0.005459057058414251,0.21166253049215253,4.818179628100168,0.6192500211480094
508,dish,emping komak,355.0,17.8,4.6,60.7,tkpi,0.05014084492918072,0.012957746442372544,0.1709859150113073,3.869564376181658,0.7118087224694949
509,komponen,gadenggadung kering,322.0,2.4,0.6,76.6,tkpi,0.007453416125921068,0.001863354031480267,0.23788819801898073,3.9999933333444444,0.555149431224097
510,dish,geplak,350.0,1.4,14.4,53.6,tkpi,0.0039999999885714285,0.04114285702530612,0.15314285670530614,0.09722221547067948,0.6802985065523413
511,dish,geplak jahe,462.0,3.1,24.4,57.7,tkpi,0.006709956695432995,0.05281385269953711,0.12489177462144638,0.12704917512093544,0.736278287802704
512,dish,gete kuah asam masakan,75.0,8.2,2.0,6.0,tkpi,0.10933333187555556,0.026666666311111118,0.07999999893333334,4.099997950001025,0.8415771476961303
513,komponen,gulai asam keueung masakan,52.0,10.0,0.5,1.8,tkpi,0.19230768860946754,0.009615384430473377,0.034615383949704155,19.999960000079998,0.6580852125123169
514,komponen,gulai ikan paya masakan,148.0,10.0,9.8,5.0,tkpi,0.06756756711102996,0.06621621576880936,0.03378378355551498,1.0204080591420348,0.9068014203045176
515,komponen,gulai kambing,126.0,4.2,9.4,6.2,tkpi,0.033333333068783076,0.07460317401108592,0.04920634881582263,0.44680846310548267,0.8918358356618922
516,komponen,gulai pliek,176.0,7.3,14.9,3.2,tkpi,0.041477272491606404,0.08465909042807335,0.018181818078512397,0.48993285302464074,0.8091645107756972
517,komponen,gulai tiram masakan,132.0,9.0,7.2,7.8,tkpi,0.06818181766528926,0.054545454132231413,0.05909090864325069,1.249999826388913,0.9688195217768838
518,komponen,hofaubi hutan segar,127.0,1.2,0.5,29.5,tkpi,0.009448818823237648,0.003937007843015686,0.2322834627379255,2.3999952000095996,0.5670268401190489
519,dish,ikan asar merah masakan,146.0,17.7,5.9,5.6,tkpi,0.1212328758819666,0.040410958627322205,0.03835616412084819,2.9999994915255095,0.8070337246999317
520,komponen,ikan baronang segar,78.0,14.5,0.6,3.7,tkpi,0.18589743351413548,0.007692307593688364,0.04743589682774492,24.16662638895602,0.683094964747891
521,komponen,ikan batung segar,115.0,14.5,4.6,4.2,tkpi,0.12608695542533083,0.03999999965217391,0.03652173881285445,3.152173227788429,0.7955371133134674
522,dish,ikan baung bakar,144.0,17.8,5.8,5.2,tkpi,0.12361111025270063,0.04027777749807099,0.03611111086033951,3.068964988109485,0.7984914148812929
523,komponen,ikan baung segar,123.0,15.1,5.5,3.3,tkpi,0.12276422664419327,0.044715446790931326,0.026829268074558797,2.745454046281082,0.7856331820715108
524,dish,ikan belida bakar,128.0,18.0,3.0,7.2,tkpi,0.1406249989013672,0.02343749981689453,0.05624999956054688,5.999998000000667,0.7759493759016834
525,komponen,ikan belida segar,80.0,14.7,1.4,2.2,tkpi,0.18374999770312503,0.01749999978125,0.027499999656250006,10.499992500005359,0.6672195453766454
526,komponen,ikan biawan segar,90.0,14.9,2.5,2.1,tkpi,0.1655555537160494,0.027777777469135807,0.023333333074074078,5.959997616000954,0.6952850604422948
527,komponen,ikan bili segar,88.0,14.2,0.7,6.2,tkpi,0.1613636345299587,0.007954545364152894,0.07045454465392563,20.28568530616385,0.7373098080834772
528,komponen,ikan bubara segar,100.0,14.7,2.4,4.9,tkpi,0.14699999853,0.02399999976,0.04899999951000001,6.12499744791773,0.7587243117108309
529,komponen,ikan bulanbulan segar,134.0,25.5,1.3,5.0,tkpi,0.19029850604254847,0.009701492464914236,0.03731343255736244,19.615369526638826,0.6652949390642342
530,komponen,ikan cakalang asap mentah,204.0,34.2,5.6,1.9,tkpi,0.16764705800173013,0.02745098025759323,0.00931372544454056,6.107141766581828,0.6538722832665367
531,komponen,ikan cakalang hati segar,120.0,11.3,3.9,10.0,tkpi,0.09416666588194446,0.032499999729166666,0.0833333326388889,2.897435154503807,0.8719866445826963
532,komponen,ikan cakalang jantung segar,116.0,11.2,1.2,10.2,tkpi,0.09655172330558859,0.010344827497027349,0.08793103372473246,9.333325555562038,0.8010215698638342
533,komponen,ikan cakalang perut segar,86.0,10.2,1.1,8.7,tkpi,0.11860464978366686,0.012790697525689565,0.10116278952136291,9.272718842982869,0.8008211300809691
534,komponen,ikan daun segar,101.0,11.5,4.1,4.6,tkpi,0.11386138501127342,0.04059405900401922,0.045544554004509366,2.8048773646640575,0.8328357589157878
535,komponen,ikan ekor kuning segar,108.0,22.3,1.2,2.1,tkpi,0.20648147956961593,0.011111111008230453,0.019444444264403296,18.58331784723513,0.619475195921347
536,komponen,ikan gabus asap mentah,261.0,38.1,2.3,21.9,tkpi,0.145977010934954,0.008812260502635016,0.08390804565552472,16.56521018903905,0.7650522758680144
537,komponen,ikan gabus segar,80.0,16.2,0.5,2.6,tkpi,0.20249999746875003,0.006249999921875001,0.03249999959375001,32.3999352001296,0.6394255551525807
538,dish,ikan gete goreng,267.0,23.1,19.4,0.2,tkpi,0.08651685360855112,0.0726591757578308,0.0007490636676065032,1.1907215881071347,0.7649326791240528
539,komponen,ikan heu segar,81.0,10.0,1.6,6.6,tkpi,0.12345678859929891,0.019753086175887828,0.08148148047553727,6.249996093752442,0.8104417724111999
540,komponen,ikan hitam segar,101.0,10.3,3.7,6.7,tkpi,0.10198019701009707,0.0366336630036271,0.06633663300656799,2.7837830314099916,0.8696547095339899
541,dish,ikan hiu kering,298.0,46.3,3.6,20.2,tkpi,0.15536912699540562,0.012080536872212964,0.06778523467186162,12.861107538581237,0.7492806738696262
542,komponen,ikan kakatua segar,82.0,11.4,1.2,6.4,tkpi,0.13902438854848306,0.014634146162998218,0.0780487795359905,9.499992083339931,0.7808210850983661
543,komponen,ikan kalaban segar,77.0,16.4,0.7,1.3,tkpi,0.2129870102209479,0.009090908972845337,0.01688311666385563,23.428537959231484,0.6052303865809083
544,komponen,ikan kamera segar,86.0,19.7,0.8,0.0,tkpi,0.22906976477825855,0.009302325473228774,0.0,24.624969218788472,0.5559040297988588
545,komponen,ikan kapar segar,132.0,17.0,6.7,0.8,tkpi,0.12878787781221304,0.050757575373048675,0.006060606014692379,2.53731305413238,0.7267574637047235
546,komponen,ikan kawalinya segar,110.0,12.6,4.2,5.4,tkpi,0.11454545350413224,0.03818181783471075,0.04909090864462811,2.9999992857144555,0.8329077748559334
547,dish,ikan kayu kering,302.0,70.7,1.9,0.4,tkpi,0.23410595948971538,0.006291390707644401,0.0013245033068725056,37.21050673131225,0.5507958521291028
548,komponen,ikan kima segar,70.0,10.8,0.7,5.2,tkpi,0.1542857120816327,0.00999999985714286,0.07428571322448982,15.42854938778659,0.7526077135103681
549,dish,ikan lais bakar,147.0,17.5,6.5,5.4,tkpi,0.11904761823777131,0.04421768677402934,0.03673469362765515,2.6923072781065724,0.8141765207672735
550,komponen,ikan lehoma segar,90.0,20.4,0.9,0.0,tkpi,0.22666666414814818,0.00999999988888889,0.0,22.666641481509462,0.5581363918928659
551,komponen,ikan lomak asin mentah,258.0,40.3,2.3,18.9,tkpi,0.15620154978216452,0.00891472864761733,0.07325581366955111,17.521731512290646,0.7470791074245524
552,komponen,ikan malalugis segar,99.0,20.6,1.4,0.9,tkpi,0.20808080597898176,0.014141413998571575,0.009090908999081727,14.714275204089143,0.5995157274263108
553,komponen,ikan mamar merah segar,115.0,15.3,4.0,4.4,tkpi,0.13304347710396977,0.03478260839319471,0.038260869232514184,3.824999043750239,0.7791081142113603
554,komponen,ikan nasu metti segar,154.0,16.8,5.0,10.5,tkpi,0.10909090838252658,0.03246753225670434,0.06818181773907911,3.3599993280001343,0.8507424521656447
555,komponen,ikan oci kembung segar,125.0,21.3,3.4,2.2,tkpi,0.17039999863680003,0.0271999997824,0.017599999859200004,6.26470403979293,0.6752887467541535
556,dish,ikan papuyu bakar,152.0,17.6,6.1,6.7,tkpi,0.11578947292243769,0.040131578683344875,0.04407894707842798,2.885245428648291,0.8261378392554883
557,komponen,ikan papuyu betok segar,120.0,14.3,4.9,4.6,tkpi,0.11916666567361113,0.04083333299305556,0.03833333301388889,2.918366751353724,0.8107739989998021
558,dish,ikan patin bakar,144.0,17.5,6.3,4.3,tkpi,0.12152777693383489,0.043749999696180555,0.029861110903742286,2.77777733686074,0.7932809403483562
559,komponen,ikan patin segar,132.0,17.0,6.6,1.1,tkpi,0.12878787781221304,0.04999999962121212,0.008333333270202022,2.5757571854913355,0.7330731161928974
560,komponen,ikan pomo segar,147.0,22.5,5.2,2.6,tkpi,0.1530612234485631,0.035374149419223476,0.017687074709611738,4.3269222448226445,0.7085102876586935
561,komponen,ikan puntin segar,76.0,14.4,1.1,2.2,tkpi,0.18947368171745158,0.014473684020083106,0.02894736804016621,13.090897190093465,0.6594824436887716
562,komponen,ikan saluang kering mentah,284.0,34.1,9.9,14.6,tkpi,0.12007042211242809,0.034859154806833964,0.05140845052320968,3.4444440965207987,0.8212050674231406
563,komponen,ikan saluang segar,113.0,13.9,4.9,3.4,tkpi,0.12300884846894825,0.043362831474665214,0.030088495308951368,2.8367341149522214,0.7911347185699166
564,dish,ikan sanggang masakan,240.0,21.7,7.7,20.7,tkpi,0.09041666628993056,0.03208333319965278,0.086249999640625,2.818181452184227,0.8727137294097871
565,komponen,ikan sarden segar,109.0,19.9,1.8,3.4,tkpi,0.18256880566450637,0.016513761316387512,0.03119266026428752,11.055549413583659,0.6740472010427431
566,komponen,ikan sepat segar,84.0,15.2,0.6,4.7,tkpi,0.18095237879818596,0.00714285705782313,0.05595238028628119,25.33329111118148,0.7000804302851
567,komponen,ikan sunu asin mentah,199.0,34.1,3.8,7.1,tkpi,0.17135678305850863,0.019095477290977502,0.03567839178051059,8.973681849031093,0.6983829588597938
568,komponen,ikan sunu segar,111.0,13.3,3.4,6.7,tkpi,0.119819818740362,0.030630630354679007,0.06036035981657334,3.9117635553636605,0.82411012284396
569,komponen,ikan tahuman segar,88.0,15.9,0.9,4.1,tkpi,0.18068181612861572,0.01022727261105372,0.04659090856146694,17.666647037058848,0.6913638639381974
570,komponen,ikan tarmon segar,96.0,19.5,1.1,2.0,tkpi,0.20312499788411462,0.011458333213975698,0.020833333116319446,17.7272566115849,0.625235199047089
571,komponen,ikan telan segar,95.0,15.8,0.7,6.5,tkpi,0.16631578772299171,0.007368420975069252,0.06842105191135735,22.57139632657668,0.7295868098155142
572,komponen,ikan tempahas segar,101.0,15.1,4.1,1.0,tkpi,0.1495049490148025,0.04059405900401922,0.009900990000980298,3.6829259309936755,0.7004961859843908
573,komponen,ikan terbang segar,98.0,19.6,1.7,1.0,tkpi,0.19999999795918372,0.017346938598500627,0.010204081528529781,11.529404982702953,0.6139965233598623
574,komponen,ikan titang segar,82.0,17.4,0.4,2.3,tkpi,0.21219511936347416,0.004878048720999406,0.028048780145746584,43.49989125027187,0.621606984220245
575,komponen,ikan tongkol segar,100.0,13.7,1.5,8.0,tkpi,0.13699999863,0.014999999850000003,0.0799999992,9.133327244448504,0.7851639116581904
576,komponen,ikan turi segar,96.0,19.2,2.0,0.2,tkpi,0.1999999979166667,0.020833333116319446,0.002083333311631945,9.599995200002398,0.5998127397501607
577,komponen,ikan cakalang segar,107.0,19.6,0.7,5.5,tkpi,0.18317756838151808,0.006542056013625644,0.05140186867848721,27.999960000057147,0.6890999282146437
578,komponen,ikan telur asin mentah,358.0,20.7,26.4,9.4,tkpi,0.05782122888876751,0.07374301655379045,0.026256983166879938,0.7840908793904969,0.8749624363573816
579,komponen,itik alabio daging dendeng mentah,496.0,30.3,33.5,18.4,tkpi,0.06108870955425664,0.06754032244447515,0.037096774118756504,0.9044775849409677,0.9209651361128075
580,komponen,jambu bol segar,49.0,2.3,0.2,9.6,tkpi,0.046938774552269906,0.004081632569762601,0.19591836334860482,11.499942500287498,0.6670653295804745
581,komponen,jamur encik,296.0,9.4,1.1,62.0,tkpi,0.03175675664947042,0.003716216203661432,0.20945945875182614,8.545446776866568,0.6280559227279146
582,komponen,jamur sagu,48.0,1.9,3.2,2.8,tkpi,0.039583332508680576,0.06666666527777781,0.05833333211805558,0.5937498144531829,0.9311835171717295
583,dish,jangang bintatoeng masakan,107.0,5.3,2.2,16.5,tkpi,0.04953270981745131,0.020560747471394886,0.15420560603546163,2.409089814050084,0.7440748445635225
584,komponen,jengkol segar,192.0,5.4,0.3,40.7,tkpi,0.028124999853515627,0.0015624999918619792,0.21197916556260854,17.999940000200002,0.6128506705208467
585,komponen,jeruk banjar segar,61.0,0.8,0.2,14.1,tkpi,0.013114753883364692,0.003278688470841173,0.23114753719430267,3.9999800000999994,0.5751139629534832
586,dish,jukku pallu kaloa masakan,15.0,15.2,4.3,8.8,tkpi,1.0133332657777823,0.2866666475555568,0.5866666275555582,3.534882898864442,0.8419652155443104
587,komponen,kabau segar,130.0,6.7,0.3,25.2,tkpi,0.05153846114201184,0.0023076922899408284,0.19384615235502958,22.33325888913704,0.6721154414786153
588,dish,kabuto,250.0,2.6,2.5,35.4,tkpi,0.0103999999584,0.00999999996,0.1415999994336,1.0399995840001663,0.6176372266372012
589,komponen,kacang beracun segar,118.0,4.4,1.5,21.6,tkpi,0.0372881352772192,0.012711864299051998,0.1830508459063488,2.9333313777790817,0.6774163073694706
590,komponen,kacang ercis segar,129.0,12.4,0.7,18.3,tkpi,0.09612403026260442,0.005426356547082507,0.14186046401658556,17.71426040819942,0.7670679746214558
591,dish,kacang goyang,516.0,14.7,31.1,44.4,tkpi,0.02848837203781323,0.06027131771265249,0.08604651146115017,0.4726687950910355,0.8653329228554009
592,komponen,kacang hitam kering,346.0,16.6,1.7,66.1,tkpi,0.04797687847405527,0.004913294783487588,0.19104046187560558,9.764700138411685,0.6738507482279902
593,komponen,kacang kincai kering,444.0,19.9,16.0,55.0,tkpi,0.044819819718874276,0.03603603595487379,0.12387387359487867,1.2437499222656296,0.807063159161698
594,komponen,kacang komak segar,327.0,16.4,4.3,55.8,tkpi,0.050152905045403956,0.013149847054587624,0.1706422013130208,3.8139526014063714,0.7125827366528458
595,komponen,kacang kuning kering,355.0,17.0,2.5,66.0,tkpi,0.047887323808768104,0.007042253501289427,0.18591549243404087,6.7999972800010875,0.6822313124721321
596,komponen,kacang lebui iris kering,346.0,16.5,1.5,66.6,tkpi,0.04768786113385011,0.004335260103077283,0.19248554857663136,10.999992666671556,0.670982621547876
597,komponen,kacang mentega kering,344.0,16.7,2.1,64.6,tkpi,0.04854651148678339,0.006104651145044619,0.1877906971285154,7.952377165534682,0.6799107577087411
598,komponen,kacang merahbanda kering,350.0,13.9,3.0,66.9,tkpi,0.03971428560081633,0.008571428546938776,0.19114285659673472,4.633331788889404,0.6669378128452957
599,komponen,kacang metebiji jambu monyet segar,616.0,16.3,48.4,28.7,tkpi,0.02646103891808273,0.07857142844387754,0.0465909090152745,0.3367768525459328,0.858487744882567
600,dish,kacang negara,480.0,18.4,19.1,58.5,tkpi,0.03833333325347222,0.039791666583767364,0.12187499974609375,0.9633507349031026,0.8047863676160947
601,komponen,kacang panjang segar,31.0,2.3,0.1,5.3,tkpi,0.07419354599375658,0.003225806347554634,0.1709677364203956,22.999770002299975,0.7232144179541856
602,komponen,kacang tunis kering,351.0,12.2,1.2,72.9,tkpi,0.034757834658809585,0.003418803409063238,0.20769230710059172,10.166658194451506,0.6346647145128336
603,komponen,kacang urei kering,354.0,12.8,1.8,69.3,tkpi,0.0361581919882537,0.005084745748348176,0.19576271131140477,7.111107160496022,0.6475558111065238
604,dish,kadada katembe,110.0,4.5,6.9,7.1,tkpi,0.040909090537190086,0.0627272721570248,0.0645454539586777,0.6521738185255335,0.9361439814534438
605,dish,kaholeo masakan,413.0,28.7,19.8,29.8,tkpi,0.06949152525546846,0.04794188850377267,0.07215496350567806,1.4494948762881374,0.942818002465444
606,dish,kakicak,296.0,3.4,15.1,36.7,tkpi,0.011486486447680789,0.05101351334117056,0.12398648606761323,0.2251655480022816,0.7501181753788554
607,komponen,kalakai segar,38.0,2.4,0.2,6.6,tkpi,0.06315789307479229,0.005263157756232691,0.1736842059556788,11.999940000299997,0.7114158296849293
608,dish,kambose,164.0,3.0,2.4,32.6,tkpi,0.01829268281528852,0.014634146252230815,0.19878048659280192,1.2499994791668836,0.6290230677358986
609,komponen,kangkung tondano,43.0,1.8,0.2,8.4,tkpi,0.041860464142779906,0.0046511626825311006,0.19534883266630623,8.999955000224999,0.658747906302406
610,dish,kaparende sayur,38.0,2.4,2.0,2.6,tkpi,0.06315789307479229,0.05263157756232691,0.06842105083102498,1.1999994000002998,0.96436516774501
611,dish,kapurung,41.0,2.0,0.3,7.8,tkpi,0.048780486615110086,0.007317072992266513,0.19024389779892933,6.666644444518519,0.682104371663392
612,dish,kapusa,158.0,4.4,3.2,27.8,tkpi,0.027848101089568984,0.02025316442877744,0.17594936597500402,1.3749995703126343,0.6801042335165635
613,komponen,karawila,25.0,2.3,0.2,3.5,tkpi,0.09199999632000014,0.007999999680000014,0.13999999440000022,11.499942500287498,0.7726969717169023
614,dish,keddo bodong,290.0,4.6,5.7,55.2,tkpi,0.01586206891082045,0.019655172346016648,0.19034482692984545,0.8070174022776486,0.6397241282305446
615,komponen,kedondong segar,47.0,0.5,0.2,10.4,tkpi,0.010638297645993668,0.004255319058397467,0.2212765910366683,2.4999875000624994,0.5730452032045843
616,komponen,kelapa hutan kering,623.0,2.0,52.1,36.5,tkpi,0.0032102728680412957,0.08362760821247575,0.058587479841753644,0.03838771519409376,0.7689542002089209
617,dish,kelepon kue,215.0,3.7,3.7,41.8,tkpi,0.01720930224553813,0.01720930224553813,0.1944186037468902,0.9999997297298028,0.6349489381679205
618,komponen,kenari banda kering,616.0,13.9,56.2,13.7,tkpi,0.022564935028303677,0.09123376608565947,0.02224025970415542,0.24733095645318584,0.761483073373374
619,komponen,kerang asap mentah,393.0,38.9,13.3,29.4,tkpi,0.09898218804330232,0.03384223909963807,0.0748091601149894,2.9248118101645253,0.870511046242544
620,dish,kereput,580.0,4.8,39.6,51.1,tkpi,0.008275862054696789,0.06827586195124852,0.08810344812395958,0.12121211815120914,0.793889507085888
621,dish,keripik kentang,448.0,2.7,18.8,67.1,tkpi,0.0060267857008330684,0.04196428562061544,0.14977678537996253,0.14361701363739288,0.6911429113286538
622,dish,keripik ubi,486.0,0.2,23.9,67.6,tkpi,0.0004115226328981016,0.049176954631323135,0.13909464991955833,0.008368200486686173,0.695563567119996
623,dish,kerupuk cumi goreng,444.0,6.9,14.6,71.3,tkpi,0.015540540505539324,0.03288288280882234,0.16058558522390634,0.47260270735597903,0.6905590502791901
624,dish,kerupuk kemplang ikan mentah,325.0,1.8,0.4,78.5,tkpi,0.005538461521420119,0.0012307692269822486,0.24153846079526628,4.499988750028125,0.5478167763265396
625,dish,kerupuk udang goreng,477.0,4.7,20.5,68.5,tkpi,0.009853249455234279,0.042976939113255896,0.14360586971990383,0.22926828149910822,0.7104644209562202
626,dish,kerupuk urat,588.0,53.7,40.9,1.2,tkpi,0.09132653045692768,0.06955782301095609,0.0020408163230598362,1.3129584031061516,0.7666890720911763
627,dish,ketupat kandangan,109.0,2.2,5.2,13.4,tkpi,0.020183486053362516,0.047706421580675035,0.12293577868866258,0.42307684171599197,0.7724133272297855
628,komponen,komak polong segar,99.0,3.3,0.1,21.2,tkpi,0.033333332996633,0.0010101009998979699,0.21414141197836958,32.99967000329996,0.622570954099385
629,komponen,komak segar,99.0,3.3,0.1,21.2,tkpi,0.033333332996633,0.0010101009998979699,0.21414141197836958,32.99967000329996,0.622570954099385
630,dish,kotiu hinela tawang nggole,46.0,2.2,1.5,6.0,tkpi,0.047826085916824225,0.03260869494328924,0.13043477977315696,1.4666656888895409,0.7961761838304204
631,dish,koya,366.0,4.2,4.3,77.5,tkpi,0.011475409804711996,0.011748633847681328,0.21174863330123325,0.9767439588967538,0.5984836595200944
632,dish,koya mirasa,370.0,8.0,1.0,82.2,tkpi,0.02162162156318481,0.002702702695398101,0.2221621615617239,7.9999920000080005,0.5971552310516024
633,dish,koyabu,241.0,3.4,4.3,47.2,tkpi,0.014107883758888448,0.017842323577417742,0.19585062159398084,0.7906974905354673,0.6277105864600094
634,dish,kue ali,440.0,3.8,18.5,64.5,tkpi,0.008636363616735537,0.04204545444989669,0.14659090875774794,0.2054053943024111,0.7021251285308494
635,dish,kue bangen,442.0,3.3,14.7,74.2,tkpi,0.007466063331524744,0.03325791847679204,0.16787330278761697,0.2244897806469537,0.6628423185612602
636,dish,kue bangket,338.0,1.5,1.2,80.3,tkpi,0.004437869809355415,0.0035502958474843316,0.23757396379415988,1.2499989583342015,0.5515953200647985
637,dish,kue gelang,448.0,5.8,16.1,70.0,tkpi,0.012946428542530293,0.03593749991978237,0.15624999965122768,0.3602484248292903,0.6936643653036965
638,dish,kue kelapa,591.0,5.6,42.1,47.5,tkpi,0.009475465296995828,0.07123519446491507,0.0803722502870182,0.13301662391884503,0.8045158315007135
639,dish,kue koa,340.0,4.8,0.4,79.3,tkpi,0.014117647017301038,0.0011764705847750866,0.23323529343166088,11.999970000074999,0.5715820141531804
640,dish,kue ku temu,214.0,3.5,0.2,49.6,tkpi,0.01635514011049,0.0009345794348851429,0.23177569985151544,17.499912500437496,0.5769259658412427
641,dish,kue pelita,141.0,5.3,5.5,17.6,tkpi,0.03758865221568332,0.03900709192193552,0.12482269415019367,0.9636361884297838,0.797474833796825
642,dish,kue putu singkong,217.0,1.2,0.5,53.2,tkpi,0.005529953891567033,0.002304147454819597,0.24516128919280514,2.3999952000095996,0.5504611793931113
643,dish,kue thipan,247.0,2.9,4.2,49.5,tkpi,0.011740890640725138,0.01700404851415365,0.20040485748823944,0.6904760260771365,0.61718129957597
644,komponen,kundur segar,22.0,0.4,0.2,4.7,tkpi,0.01818181735537194,0.00909090867768597,0.21363635392562028,1.9999900000499997,0.6083422018379808
645,komponen,labu kuning segar,51.0,1.7,0.5,10.0,tkpi,0.03333333267973858,0.0098039213763937,0.19607842752787397,3.3999932000135997,0.65377004332976
646,dish,laksaputu mayang,121.0,1.7,3.4,21.1,tkpi,0.014049586660747218,0.028099173321494437,0.17438016384809785,0.4999998529412197,0.6651888710647937
647,komponen,lantar segar,34.0,2.2,0.3,5.5,tkpi,0.06470588044982706,0.008823529152249142,0.16176470112456762,7.333308888970372,0.7314519492612996
648,dish,lawara jangang masakan,159.0,5.0,10.9,10.1,tkpi,0.03144654068272616,0.06855345868834303,0.06352201217910684,0.45871555424627947,0.8994917583460531
649,dish,lawara penjah masakan,207.0,7.4,15.4,9.6,tkpi,0.035748792097831925,0.07439613490629887,0.04637681137016033,0.4805194493169189,0.8958514342811212
650,dish,lemarebung asam,15.0,1.0,0.4,1.9,tkpi,0.06666666222222252,0.02666666488888901,0.12666665822222278,2.499993750015625,0.8131995756676067
651,komponen,lemak ikan,372.0,12.0,29.4,14.4,tkpi,0.032258064429413806,0.07903225785206382,0.038709677315296565,0.4081632514230187,0.86201880605792
652,komponen,lemon segar,34.0,0.5,0.8,6.2,tkpi,0.01470588192041524,0.023529411072664385,0.18235293581314896,0.6249992187509765,0.6507786439010987
653,komponen,lepokubi rumput,181.0,2.8,1.2,39.8,tkpi,0.015469613174201032,0.006629834217514728,0.2198895015475718,2.3333313888905094,0.5928981953193848
654,dish,lilin bungkus gedi,79.0,2.3,5.2,5.8,tkpi,0.029113923682102232,0.06582278397692679,0.07341772058964911,0.442307607248537,0.8850938006381188
655,dish,loka anjoro,163.0,1.1,4.3,30.0,tkpi,0.006748466216267079,0.026380367936316762,0.18404907862546577,0.25581389399676885,0.6345909344250792
656,komponen,lokan segar,217.0,11.0,1.7,5.1,tkpi,0.05069124400603114,0.007834101346386629,0.02350230403915989,6.4705844290679835,0.7841481043682575
657,komponen,lumaileunca segar,38.0,1.1,0.3,7.6,tkpi,0.028947367659279803,0.007894736634349036,0.19999999473684224,3.666654444485186,0.636772583112727
658,dish,manan samin,379.0,3.4,18.1,50.6,tkpi,0.00897097622962803,0.04775725581066687,0.13350923447622895,0.18784529348921028,0.726480263110976
659,komponen,mangga benggala segar,63.0,2.4,0.4,12.4,tkpi,0.038095237490551784,0.006349206248425298,0.19682539370118424,5.9999850000374995,0.6546487774556222
660,komponen,mangga kwini segar,86.0,0.7,0.5,19.8,tkpi,0.008139534789075177,0.005813953420767984,0.23023255546241217,1.3999972000055998,0.5689840439772758
661,komponen,mangga manalagi segar,133.0,1.0,0.1,32.1,tkpi,0.007518796935948895,0.0007518796935948895,0.24135338164395956,9.99990000099999,0.5518870355056438
662,komponen,mangga segar,52.0,0.7,0.0,12.3,tkpi,0.013461538202662727,0.0,0.2365384569896451,700000.0,0.5661132346097635
663,komponen,markisa squash,217.0,2.5,1.0,49.6,tkpi,0.011520737274097985,0.004608294909639194,0.22857142751810403,2.4999975000025003,0.5750467575780429
664,komponen,markisa squash bd,104.0,1.2,0.5,23.7,tkpi,0.011538461427514794,0.004807692261464497,0.22788461319341718,2.3999952000095996,0.5757723043976817
665,dish,martabak india,153.0,4.5,4.2,24.3,tkpi,0.0294117645136486,0.027450980212738695,0.15882352837370245,1.0714283163265912,0.7149903743993334
666,dish,martabak mesir,278.0,5.1,8.6,45.0,tkpi,0.01834532367501682,0.030935251687283265,0.1618705030148543,0.593023186857769,0.6926617320600933
667,dish,masekat,369.0,2.1,7.0,74.1,tkpi,0.005691056895146188,0.01897018965048729,0.2008130075858726,0.29999995714286326,0.6052024705357963
668,komponen,matoa segar,90.0,1.2,0.1,21.1,tkpi,0.013333333185185186,0.0011111110987654324,0.23444444183950622,11.999880001199987,0.5691662308058889
669,komponen,menjangan daging dendeng mentah,322.0,55.8,2.0,22.7,tkpi,0.17329192492766482,0.006211180104934223,0.07049689419100343,27.899986050006973,0.7247532115519517
670,dish,mie aceh rebus,113.0,3.0,3.2,18.1,tkpi,0.02654867233142768,0.028318583820189525,0.160176989732947,0.9374997070313414,0.7089901563508711
671,dish,mie celon,102.0,3.0,2.1,17.8,tkpi,0.02941176441753172,0.020588235092272207,0.17450980221068824,1.4285707482996435,0.6856636563765619
672,dish,model masakan,79.0,2.2,4.0,8.6,tkpi,0.02784810091331518,0.050632910751482144,0.1088607581156866,0.5499998625000344,0.8179154690864168
673,komponen,mostarda metan sawi hijau,33.0,2.3,0.5,4.7,tkpi,0.06969696758494037,0.015151514692378344,0.14242423810835644,4.599990800018399,0.7706046595455299
674,dish,naan maran sapi masakan,478.0,38.3,33.9,5.1,tkpi,0.08012552284492568,0.07092050194368095,0.010669456044624569,1.1297934769972426,0.8095274754500988
675,komponen,nanas palembang segar,58.0,0.7,0.2,13.3,tkpi,0.01206896530915577,0.003448275802615935,0.22931034087395966,3.499982500087499,0.573169975232035
676,dish,nasi gemuk,192.0,3.8,8.8,24.4,tkpi,0.01979166656358507,0.04583333309461806,0.12708333267144098,0.43181813274793945,0.7628867165347286
677,dish,nasi gurih,190.0,4.7,7.5,26.0,tkpi,0.024736841975069254,0.039473684002770085,0.1368421045429363,0.6266665831111222,0.7526089520836805
678,komponen,nasi minyak,207.0,3.5,5.0,37.1,tkpi,0.016908212478704287,0.02415458925529184,0.17922705227426547,0.699999860000028,0.6601372418644583
679,dish,nasu likku masakan,196.0,14.5,8.3,15.9,tkpi,0.0739795914592878,0.0423469385594544,0.08112244856570179,1.7469877413267783,0.9146634551145507
680,dish,olaholah,9.0,2.1,6.0,7.1,tkpi,0.23333330740741032,0.6666665925926009,0.7888888012345777,0.3499999416666764,0.858863220090315
681,dish,ondeonde,336.0,4.0,9.8,57.9,tkpi,0.011904761869331065,0.029166666579861115,0.17232142805856718,0.4081632236568139,0.6630690034607114
682,dish,oramu ninahu ndawa olaho masakan,117.0,13.7,5.0,4.3,tkpi,0.11709401609321353,0.04273504236978597,0.03675213643801593,2.7399994520001094,0.8140968897688509
683,dish,padamaran,171.0,3.9,8.9,18.8,tkpi,0.022807017410485277,0.052046783321363844,0.1099415198249034,0.43820219795480925,0.804064198363857
684,dish,paku hinela wulelenggapaya,77.0,3.5,4.6,5.4,tkpi,0.04545454486422669,0.05974025896441222,0.07012986921909262,0.7608693998110001,0.9423045854540844
685,komponen,paniki masak santan masakan,460.0,28.5,35.2,7.2,tkpi,0.061956521604442344,0.07652173896408318,0.015652173879017014,0.8096590679074128,0.8316261114937578
686,dish,papeda,61.0,0.2,0.1,14.9,tkpi,0.003278688470841173,0.0016393442354205865,0.24426229107766737,1.9999800001999979,0.5425436493919846
687,dish,parede baleh masakan,87.0,10.5,2.5,5.5,tkpi,0.12068965378517639,0.028735631853613428,0.06321839007794954,4.199998320000672,0.8216307218628529
688,dish,pelecing kangkung,75.0,2.5,2.8,10.0,tkpi,0.03333333288888889,0.03733333283555556,0.13333333155555557,0.8928568239797058,0.773399531720788
689,dish,pelolah manuk masakan,219.0,19.7,13.6,4.4,tkpi,0.08995433748879297,0.06210045633744084,0.020091324109172037,1.4485293052551982,0.8331885747100504
690,dish,pempek adaan,162.0,4.9,3.0,27.8,tkpi,0.030246913393537574,0.018518518404206676,0.1716049372123152,1.6333327888890705,0.6843214719550088
691,dish,pempek kapal selam,152.0,4.5,2.3,28.2,tkpi,0.02960526296312327,0.01513157884781856,0.18552631456890584,1.956520888469179,0.6649919620553436
692,dish,pempek kulit,243.0,5.2,7.3,39.1,tkpi,0.021399176866670054,0.030041152139748346,0.16090534913207677,0.7123286695440179,0.6994311624532569
693,dish,pempek telur,156.0,4.7,2.7,28.3,tkpi,0.03012820493507561,0.017307692196745564,0.18141025524737017,1.7407400960221866,0.6743624690832895
694,komponen,pepare ular segar,19.0,0.6,0.1,3.9,tkpi,0.03157894570637128,0.005263157617728546,0.2052631470914133,5.999940000599993,0.6335023589448756
695,komponen,petai segar,92.0,5.4,1.1,15.2,tkpi,0.05869565153591683,0.011956521609168245,0.16521738950850665,4.909086446285049,0.728088903640118
696,dish,pinda masakan,107.0,15.9,0.6,0.4,tkpi,0.14859812945235393,0.005607476583107695,0.0037383177220717974,26.499955833406943,0.5704089487627368
697,komponen,pindang kenari masakan,124.0,9.5,9.6,0.0,tkpi,0.07661290260796047,0.07741935421436004,0.0,0.989583230251747,0.7642880483645973
698,komponen,pisang ambon segar,108.0,1.0,0.8,24.3,tkpi,0.009259259173525379,0.007407407338820303,0.2249999979166667,1.249998437501953,0.5773498864078028
699,komponen,pisang ayam segar,120.0,1.1,0.2,26.8,tkpi,0.00916666659027778,0.001666666652777778,0.22333333147222226,5.499972500137499,0.5611137833957613
700,komponen,pisang gapi segar,127.0,2.1,0.3,31.1,tkpi,0.016535432940665885,0.002362204705809412,0.2448818878355757,6.999976666744446,0.5786824505044528
701,komponen,pisang goroho segar,115.0,1.9,0.2,27.9,tkpi,0.016521738986767488,0.0017391304196597355,0.2426086935425331,9.499952500237498,0.5774591845268191
702,komponen,pisang kayu segar,100.0,1.4,0.5,23.6,tkpi,0.01399999986,0.00499999995,0.23599999764000004,2.7999944000111996,0.5810340258388447
703,komponen,pisang kepok segar,109.0,0.8,0.5,26.3,tkpi,0.007339449473950006,0.004587155921218753,0.2412844014561064,1.5999968000064,0.5618787604533386
704,komponen,pisang ketip segar,145.0,1.1,0.3,34.5,tkpi,0.007586206844233057,0.0020689655029726517,0.23793103284185496,3.666654444485186,0.5560774456196038
705,komponen,pisang mas bali ampenan segar,92.0,1.4,0.2,21.0,tkpi,0.0152173911389414,0.002173913019848772,0.22826086708412102,6.999965000174998,0.5780988984358437
706,komponen,pisang mas bali kopang segar,127.0,1.4,0.2,31.8,tkpi,0.011023621960443921,0.0015748031372062746,0.25039369881579765,6.999965000174998,0.5622230718161995
707,komponen,pisang talas segar,113.0,1.2,0.2,26.7,tkpi,0.01061946893257107,0.0017699114887618453,0.23628318374970633,5.9999700001499985,0.5635831046465681
708,komponen,pisang tujuh bulan,94.0,0.6,0.2,22.5,tkpi,0.006382978655500227,0.0021276595518334093,0.23936169958125852,2.9999850000749992,0.552818898619849
709,komponen,pisang ua segar,128.0,0.8,0.5,30.2,tkpi,0.006249999951171876,0.0039062499694824224,0.23593749815673828,1.5999968000064,0.5577605719000307
710,komponen,pucuk lumaidaun leunca segar,33.0,4.5,0.4,2.8,tkpi,0.1363636322314051,0.012121211753902676,0.08484848227731873,11.249971875070312,0.7815675184148422
711,dish,pulut,216.0,2.6,3.1,44.4,tkpi,0.012037036981310015,0.014351851785408095,0.20555555460390945,0.8387094068679333,0.6090235239850622
712,dish,punai daging goreng,224.0,26.2,11.3,4.4,tkpi,0.11696428519212372,0.0504464283462213,0.01964285705516582,2.318583865612047,0.7828788909638239
713,dish,pundut nasi,104.0,1.9,4.1,15.1,tkpi,0.01826923059356509,0.039423076544008874,0.1451923062962278,0.4634145211184095,0.7263377990074884
714,dish,purundawa,25.0,1.5,0.5,3.6,tkpi,0.05999999760000009,0.01999999920000003,0.14399999424000023,2.999994000012,0.7693116383919512
715,komponen,putri malu segar,76.0,3.6,0.3,14.6,tkpi,0.047368420429362894,0.0039473683691135745,0.19210526063019395,11.999960000133335,0.6695375639533987
716,dish,putri selat,163.0,2.2,6.5,23.8,tkpi,0.013496932432534157,0.03987730036885092,0.1460122690428695,0.3384614863905406,0.7127582485081052
717,dish,putu sopa,215.0,3.3,4.1,41.1,tkpi,0.015348837137912385,0.01906976735316387,0.19116278980854517,0.8048778524688165,0.636421569611193
718,komponen,rajungan segar,76.0,12.1,2.0,2.4,tkpi,0.15921052422091417,0.026315789127423828,0.031578946952908596,6.049996975001512,0.7169841891539304
719,komponen,rambutan binjai segar,76.0,0.5,0.2,18.0,tkpi,0.006578947281855957,0.002631578912742383,0.23684210214681445,2.4999875000624994,0.5550165158262601
720,dish,rebung laut mentah,320.0,7.2,4.2,63.3,tkpi,0.0224999999296875,0.013124999958984376,0.19781249938183593,1.714285306122546,0.6361377815056599
721,komponen,rebung segar,25.0,0.8,0.1,5.3,tkpi,0.031999998720000054,0.003999999840000007,0.21199999152000032,7.9999200007999915,0.6283705449723558
722,dish,renggi goreng,471.0,4.7,21.8,64.1,tkpi,0.009978768556308347,0.04628450096330255,0.13609341797007765,0.21559632038548987,0.724428499714395
723,dish,ricarica taipa,49.0,1.6,0.3,10.0,tkpi,0.032653060558100806,0.006122448854643901,0.20408162848813005,5.333315555614815,0.6387314695708044
724,komponen,rimbang segar,75.0,1.6,0.6,15.8,tkpi,0.021333333048888896,0.007999999893333335,0.21066666385777782,2.66666222222963,0.6143521297408854
725,dish,roti boong,341.0,5.5,16.2,43.3,tkpi,0.016129032210765303,0.04750733123898143,0.12697947176838864,0.3395061518823363,0.7552529516301921
726,dish,rujak aceh,82.0,0.4,0.3,19.7,tkpi,0.004878048720999406,0.0036585365407495545,0.24024389950922073,1.3333288889037038,0.5528544689061645
727,komponen,rumput laut,41.0,1.4,0.3,8.1,tkpi,0.03414634063057706,0.007317072992266513,0.19756097079119583,4.666651111162963,0.6482591899103398
728,komponen,rusa daging dendeng mentah,536.0,40.5,41.5,0.0,tkpi,0.07555970135156773,0.07742537298987803,0.0,0.9759035909420822,0.7642451646544874
729,dish,rw anjing masakan,198.0,24.6,10.7,0.9,tkpi,0.12424242361493726,0.054040403767472704,0.004545454522497705,2.299065205694841,0.7313915664203772
730,dish,saboko gurita masakan,87.0,15.7,1.5,2.6,tkpi,0.18045976804069233,0.017241379112168057,0.029885057127757967,10.466659688893541,0.6742261116500488
731,dish,saboko saltan masakan,113.0,17.1,3.6,3.0,tkpi,0.15132743228913778,0.031858406797713214,0.02654867233142768,4.7499986805559224,0.7253167797677672
732,dish,saboko sardin masakan,110.0,12.9,4.3,4.9,tkpi,0.11727272620661158,0.039090908735537194,0.04454545414049588,2.999999302325744,0.8226100702505079
733,komponen,sagu aren segar,231.0,0.6,0.2,56.6,tkpi,0.0025974025861584303,0.0008658008620528102,0.24502164396094528,2.9999850000749992,0.5384418581441888
734,dish,sagu forno,291.0,0.5,4.0,63.4,tkpi,0.0017182130525147318,0.013745704420117855,0.21786941505886798,0.12499996875000781,0.5749369973929868
735,komponen,sagu kasbi segar,230.0,0.6,0.2,56.5,tkpi,0.002608695640831758,0.0008695652136105861,0.24565217284499055,2.9999850000749992,0.5384590263956527
736,komponen,sagu lempeng,347.0,0.9,0.3,85.2,tkpi,0.0025936599348885883,0.0008645533116295294,0.24553314050278635,2.9999900000333337,0.5384077003115333
737,dish,sagu manis,287.0,0.5,3.9,62.4,tkpi,0.0017421602726753998,0.013588850126868118,0.2174216020298899,0.12820509533202684,0.5746635075282629
738,dish,sagu sinole,354.0,0.8,8.3,68.9,tkpi,0.0022598869992658563,0.02344632761738326,0.19463276781177186,0.09638553055596018,0.6091151998072881
739,komponen,salak medan segar,55.0,0.4,0.2,12.8,tkpi,0.007272727140495871,0.0036363635702479353,0.23272726849586786,1.9999900000499997,0.5602147635699588
740,dish,sale kesemek,296.0,1.1,0.6,71.4,tkpi,0.003716216203661432,0.002027027020178963,0.2412162154012966,1.8333302777828704,0.545031253634066
741,dish,sanggara belanda,242.0,6.4,7.1,38.2,tkpi,0.026446280882453387,0.029338842853971724,0.15785123901714365,0.9014083237453066,0.7131832465262447
742,komponen,sapi daleman segar,183.0,12.0,14.4,1.4,tkpi,0.06557377013347666,0.078688524160172,0.007650273182238944,0.833333275462967,0.7968271503119891
743,komponen,sapi keleponan segar,84.0,10.5,4.6,0.2,tkpi,0.12499999851190478,0.054761904109977326,0.0023809523526077104,2.282608199433,0.7241964298199728
744,komponen,sapi paru dendeng mentah,360.0,57.3,6.0,19.2,tkpi,0.15916666622453704,0.01666666662037037,0.05333333318518518,9.549998408333598,0.7363643329859431
745,dish,sarimuka,166.0,2.3,2.8,32.9,tkpi,0.013855421603280592,0.016867469777906808,0.198192769890405,0.8214282780613292,0.6234583346680023
746,dish,sate pusut masakan,274.0,12.9,18.6,13.6,tkpi,0.04708029179897704,0.06788321143108318,0.049635036315200595,0.6935483498092284,0.9437216561099735
747,komponen,sawi taiwan segar,30.0,1.9,0.5,4.4,tkpi,0.06333333122222229,0.016666666111111127,0.14666666177777796,3.7999924000151997,0.7627734581850419
748,komponen,sawi tanah segar,19.0,1.3,0.2,2.9,tkpi,0.0684210490304711,0.010526315235457093,0.15263157091412782,6.499967500162499,0.7480562250255168
749,dish,sayur bunga pepaya,49.0,1.7,0.3,9.8,tkpi,0.034693876842982106,0.006122448854643901,0.19999999591836745,5.666647777840741,0.6451230781352657
750,dish,sayur garu,178.0,2.6,13.9,10.6,tkpi,0.014606741490973364,0.0780898872017422,0.05955056146319909,0.1870503462553708,0.8249316100040941
751,dish,sayur kohukohu,133.0,7.3,6.6,11.2,tkpi,0.05488721763242693,0.049624059777262704,0.08421052568262763,1.1060604384756911,0.9193725936963584
752,dish,sayur lebui,64.0,2.1,0.6,12.5,tkpi,0.0328124994873047,0.009374999853515628,0.19531249694824224,3.499994166676389,0.6518610132746148
753,dish,sayur lilinterubuk,36.0,2.7,0.7,4.8,tkpi,0.07499999791666674,0.019444443904321002,0.13333332962962974,3.8571373469466477,0.7958556174066712
754,dish,sayur ndusuk,49.0,3.1,2.5,3.6,tkpi,0.06326530483132031,0.05102040712203251,0.07346938625572681,1.2399995040001983,0.9511205160752463
755,dish,sayur umbut kelapa,67.0,5.2,2.9,5.1,tkpi,0.07761193914012032,0.04328358144352863,0.07611940184896415,1.7931028299645415,0.919587457938936
756,dish,sayur umbut rotan,57.0,5.4,2.6,3.1,tkpi,0.09473684044321333,0.045614034287473085,0.054385963958140986,2.076922278106816,0.8901541071581268
757,dish,sepi masakan,88.0,7.9,1.6,10.6,tkpi,0.08977272625258266,0.018181817975206616,0.12045454408574381,4.937496914064429,0.8123909688063204
758,dish,sie reuboh masakan,474.0,11.2,42.5,11.7,tkpi,0.0236286919332728,0.08966244706822268,0.024683544251722478,0.263529405564014,0.7761692106392312
759,komponen,sirup pirous,228.0,0.2,0.4,55.9,tkpi,0.0008771929786088028,0.0017543859572176055,0.24517543752116036,0.49999875000312505,0.536102326846877
760,dish,sop konro masakan,71.0,7.4,2.6,4.5,tkpi,0.10422535064471337,0.036619717794088485,0.06338028079746083,2.846152751479711,0.8638816428221843
761,dish,sop saudara masakan,89.0,7.2,5.0,3.9,tkpi,0.08089887549551826,0.056179774649665455,0.043820224226739056,1.4399997120000576,0.9147862706945893
762,dish,soto banjar masakan,110.0,2.9,9.5,3.2,tkpi,0.026363636123966944,0.08636363557851241,0.029090908826446285,0.3052631257617763,0.804934306990988
763,komponen,sowa segar,48.0,1.6,0.6,9.1,tkpi,0.03333333263888891,0.012499999739583339,0.18958332938368064,2.66666222222963,0.6643124874117687
764,dish,srikaya ketan,265.0,2.7,6.4,49.1,tkpi,0.010188679206835173,0.02415094330509078,0.18528301816874335,0.4218749340820415,0.6382246743875178
765,dish,sunduk lawang,181.0,1.9,1.3,32.4,tkpi,0.010497237511064985,0.007182320402307623,0.17900552387289764,1.4615373372789713,0.5920976035259093
766,komponen,talas viqueque segar,115.0,1.8,0.5,25.9,tkpi,0.01565217377693762,0.004347826049149339,0.22521738934593574,3.5999928000144,0.5858394870709817
767,dish,tapai beras,99.0,1.7,0.3,22.4,tkpi,0.017171716998265484,0.003030302999693909,0.2262626239771452,5.666647777840741,0.5858920272190764
768,dish,tedong pallu basa masakan,83.0,10.4,3.4,2.8,tkpi,0.12530120330962408,0.040963854928146325,0.033734939352591094,3.0588226297580503,0.7921710998725202
769,dish,tekwan,53.0,1.9,0.9,9.4,tkpi,0.035849055927376305,0.016981131755072987,0.1773584872196512,2.1111087654347047,0.6890763203076218
770,komponen,telur ayam kampung segar,174.0,10.8,14.0,1.2,tkpi,0.062068965160523196,0.08045976965253006,0.006896551684502576,0.7714285163265346,0.7908094558526038
771,komponen,telur bebek alabio segar,187.0,11.8,14.2,3.0,tkpi,0.06310160394063313,0.0759358284709314,0.016042780662872833,0.8309858569728271,0.8339726888711008
772,komponen,telur bebek tambak segar,187.0,10.9,12.4,7.9,tkpi,0.05828876974177129,0.0663101600732077,0.042245989078898455,0.8790321871748237,0.9400375418786228
773,komponen,telur burung maleo segar,436.0,26.5,36.3,0.4,tkpi,0.06077981637435822,0.0832568805429888,0.0009174311905563506,0.7300275280984153,0.760264067915913
774,komponen,telur penyu segar,136.0,8.6,10.1,2.7,tkpi,0.06323529365268166,0.07426470533628893,0.019852941030493083,0.8514850642093996,0.8507433753284425
775,komponen,tempoya,110.0,1.7,1.3,21.9,tkpi,0.015454545314049589,0.011818181710743803,0.19909090728099174,1.3076913017759217,0.6137333892334235
776,komponen,terasi dobo,191.0,33.1,3.6,6.6,tkpi,0.17329842841205012,0.01884816744058551,0.03455497364107343,9.194441890432808,0.6938562151632306
777,komponen,terong asam segar,37.0,2.0,0.4,6.3,tkpi,0.054054052593133714,0.010810810518626745,0.1702702656683712,4.99998750003125,0.713641579447436
778,komponen,terong hintalo segar,45.0,1.9,0.8,7.5,tkpi,0.04222222128395064,0.017777777382716062,0.16666666296296306,2.3749970312537108,0.7123811669844688
779,dish,tikus rica masakan,257.0,18.8,18.5,3.8,tkpi,0.07315175068812549,0.07198443551757029,0.014785992160365788,1.0162161612856129,0.8296489434139728
780,dish,tinira ninahu nggaluku,33.0,1.2,1.3,4.1,tkpi,0.03636363526170802,0.03939393820018369,0.1242424204775024,0.9230762130182977,0.7963449984479196
781,dish,tinoransa masakan,516.0,17.7,49.5,0.0,tkpi,0.03430232551491797,0.09593023237222824,0.0,0.35757575035200506,0.6952418736283327
782,dish,tumis bandeng,189.0,11.3,15.7,0.6,tkpi,0.05978835947201926,0.0830687826292657,0.0031746031578063325,0.7197451770862946,0.7702582353099373
783,komponen,ubi jalar putih segar,88.0,0.4,0.4,20.6,tkpi,0.004545454493801654,0.004545454493801654,0.23409090643078517,0.9999975000062501,0.5550293775710822
784,komponen,ubi jalar tinta kemayung,108.0,0.5,0.4,25.6,tkpi,0.004629629586762689,0.0037037036694101515,0.2370370348422497,1.2499968750078125,0.5526077740894135
785,komponen,ubi jalar kuning segar,119.0,0.5,0.4,25.1,tkpi,0.004201680636960667,0.0033613445095685337,0.2109243679754255,1.2499968750078125,0.5530694941553337
786,komponen,udang galah segar,81.0,16.5,0.3,3.0,tkpi,0.2037037011888432,0.0037037036579789673,0.03703703657978967,54.999816667277784,0.6420905511812813
787,komponen,udang kering mentah,278.0,62.6,4.1,2.2,tkpi,0.22517985530510845,0.014748201385797835,0.007913669036281767,15.268288958953914,0.5930953386103746
788,dish,udang papay mentah,273.0,47.8,3.8,12.5,tkpi,0.175091574450214,0.013919413868427054,0.04578754561982584,12.578944058172615,0.7031879064920832
789,komponen,udang besar segar,56.0,11.4,0.6,1.2,tkpi,0.20357142493622457,0.010714285522959187,0.021428571045918374,18.99996833338611,0.6245602517162464
790,komponen,ulat sagu segar,241.0,5.8,21.6,5.8,tkpi,0.024066389941633237,0.0896265556447031,0.024066389941633237,0.26851850608710615,0.7756568846837861
791,dish,ulat sagu panggang,380.0,11.9,30.3,14.9,tkpi,0.03131578939127424,0.07973684189542937,0.03921052621260388,0.39273926096570094,0.8588383872475185
792,dish,uli batatas,150.0,1.1,4.0,27.4,tkpi,0.0073333332844444455,0.02666666648888889,0.1826666654488889,0.2749999312500172,0.6377207081013421
793,komponen,umbut kelapa segar,39.0,2.0,0.2,7.2,tkpi,0.05128204996712693,0.005128204996712693,0.18461537988165694,9.999950000249997,0.6842577405737296
794,komponen,umbut rotan,34.0,2.4,0.3,5.5,tkpi,0.07058823321799314,0.008823529152249142,0.16176470112456762,7.999973333422223,0.7395200106731579
795,komponen,vigus segar,44.0,2.4,0.1,8.3,tkpi,0.054545453305785155,0.0022727272210743815,0.18863635934917367,23.999760002399974,0.6802314222733478
796,dish,waluh balamak,45.0,0.8,0.9,8.1,tkpi,0.017777777382716062,0.019999999555555568,0.17999999600000008,0.8888879012356653,0.6512319799018071
797,dish,woku ubi,143.0,3.1,7.8,15.0,tkpi,0.021678321526725025,0.0545454541640178,0.1048951041615727,0.3974358464825838,0.8110517297542473
798,dish,bayau mi balu masakan,313.0,6.0,12.2,44.8,tkpi,0.019169329012238567,0.038977635658218414,0.14313098995804796,0.4918032383767838,0.729866327115316
799,dish,cucuru bayau masakan,349.0,6.8,18.7,38.3,tkpi,0.01948424063185031,0.05358166173758836,0.1097421200293922,0.36363634419056984,0.7964379512005638
800,komponen,gulai keumamah masakan,110.0,5.9,8.2,3.2,tkpi,0.05363636314876034,0.07454545386776859,0.029090908826446285,0.7195121073765725,0.8818833747669048
801,dish,putri hijau,189.0,5.4,2.1,37.2,tkpi,0.028571428420256995,0.011111111052322164,0.19682539578399263,2.5714273469393585,0.6459523916588783
802,dish,tumis keumamah,300.0,14.5,20.0,15.5,tkpi,0.04833333317222222,0.06666666644444444,0.051666666494444444,0.7249999637500018,0.9521576663519755
803,komponen,daun salam bubuk,301.0,14.2,10.9,49.0,tkpi,0.04717607957748811,0.036212624464409884,0.16279069713358574,1.3027521740594337,0.7674031224255801
804,komponen,kelinci daging segar,142.0,16.9,7.8,0.0,tkpi,0.1190140836689149,0.05492957707796072,0.0,2.1666663888889244,0.7203968868331714
805,komponen,kopi bubuk instant,129.0,12.3,0.5,35.0,tkpi,0.09534883647016407,0.003875968962201791,0.27131782735412535,24.5999508000984,0.7004818535397594
806,komponen,minyak kedelai,883.0,0.0,99.9,0.0,tkpi,0.0,0.1131370327144541,0.0,0.0,0.5285954792089683
807,komponen,minyak wijen,881.0,0.2,99.7,0.0,tkpi,0.00022701475570145887,0.11316685571717724,0.0,0.0020060180340419455,0.5300103977438456
808,komponen,susu ibu asi,62.0,1.5,3.2,7.0,tkpi,0.02419354799687826,0.051612902393340286,0.11290322398543187,0.4687498535156707,0.8034807480230138
809,komponen,susu kuda segar,40.0,2.0,1.1,5.4,tkpi,0.04999999875000003,0.02749999931250002,0.1349999966250001,1.8181801652907588,0.782149891571276
810,komponen,teh hijau daun kering,300.0,28.3,4.8,53.6,tkpi,0.0943333330188889,0.015999999946666666,0.17866666607111112,5.8958321050349785,0.7701610892255174
811,komponen,teh hitam daun kering,293.0,24.5,2.8,58.8,tkpi,0.08361774715488823,0.009556313960558655,0.20068259317173176,8.749996875001116,0.7322416423646272
812,komponen,teh melati daun kering,299.0,24.1,3.5,59.0,tkpi,0.08060200641939129,0.011705685579579647,0.1973244140557712,6.885712318367909,0.7354837517662074
813,komponen,telur burung puyuh segar,116.0,10.7,7.0,1.6,tkpi,0.09224137851516052,0.060344827065992875,0.0137931033293698,1.5285712102041127,0.8063934865963209
814,komponen,daun lobak segar,30.0,2.3,0.4,5.8,tkpi,0.07666666411111119,0.013333332888888903,0.1933333268888891,5.749985625035937,0.7368747263181764
815,dish,ikan pepetek mentah,176.0,32.0,4.4,2.0,tkpi,0.18181818078512396,0.02499999985795455,0.011363636299070248,7.272725619835086,0.6455270931838843
816,komponen,ikan pindang banjar mentah,157.0,28.0,4.2,1.8,tkpi,0.17834394790863728,0.02675159218629559,0.011464968079840968,6.6666650793654565,0.6521831696399127
817,komponen,ikan pindang benggol mentah,170.0,31.0,4.2,0.0,tkpi,0.18235294010380623,0.02470588220761246,0.0,7.3809506235831845,0.6099128473212272
818,komponen,ikan pindang layang mentah,153.0,30.0,2.8,0.0,tkpi,0.19607843009099066,0.018300653475159127,0.0,10.714281887756469,0.5874834882935815
819,komponen,ikan pindang selar mentah,142.0,27.0,3.0,0.0,tkpi,0.19014084373140253,0.02112676041460028,0.0,8.999997000000999,0.5972318008801809
820,komponen,ikan selar kering mentah,194.0,38.0,3.5,0.0,tkpi,0.19587628765012224,0.018041237020405995,0.0,10.857139755102926,0.5867940203408198
821,komponen,ikan sepat kering mentah,289.0,38.0,14.0,0.0,tkpi,0.131487888818381,0.04844290640677195,0.0,2.7142855204081773,0.6982409667707739
822,komponen,ikan teri nasi kering mentah,144.0,32.5,0.6,0.0,tkpi,0.22569444287712193,0.004166666637731482,0.0,54.16657638903935,0.5413534191469709
823,komponen,ikan teri bubuk mentah,277.0,60.0,2.3,1.8,tkpi,0.21660649741297294,0.008303249067497295,0.006498194922389188,26.08694517958905,0.5738119407933548
824,komponen,ikan teri kering mentah,170.0,33.4,3.0,0.0,tkpi,0.19647058707958479,0.017647058719723184,0.0,11.133329622223458,0.5855056021228515
825,komponen,ikan teri kering tawar mentah,331.0,68.7,4.2,0.0,tkpi,0.2075528694635865,0.012688821713931053,0.0,16.35713896258596,0.5686923435106477
826,komponen,rebon kering mentah,299.0,59.4,3.6,3.2,tkpi,0.19866220669343743,0.01204013373899621,0.010702341101329964,16.49999541666794,0.6012211746867309
827,dish,sardines dalam kaleng,338.0,21.1,27.0,1.0,tkpi,0.062426035318266175,0.07988165656839746,0.00295857987290361,0.781481452537724,0.7733270854176936
828,komponen,telur bebek asin mentah,179.0,13.6,13.3,4.4,tkpi,0.07597765320682875,0.07430167556256048,0.02458100544926813,1.02255631409351,0.8636431772722537
829,komponen,alpukat segar,85.0,0.9,6.5,7.7,tkpi,0.010588235169550176,0.07647058733564015,0.09058823422837373,0.1384615171597666,0.8037429512503942
830,komponen,ampas tahu kering,414.0,26.6,18.3,41.3,tkpi,0.06425120757427245,0.04420289844395436,0.09975845386531774,1.453551833139244,0.8896738796078785
831,komponen,anak sapi daging gemuk segar,184.0,18.8,14.0,0.0,tkpi,0.10217391248818526,0.07608695610822307,0.0,1.3428570469387824,0.7568439605083223
832,komponen,anak sapi daging kurus segar,174.0,19.6,10.0,0.0,tkpi,0.1126436775135421,0.05747126403752147,0.0,1.95999980400002,0.7296546650788529
833,komponen,anak sapi daging sedang segar,190.0,19.1,12.0,0.0,tkpi,0.10052631526038783,0.06315789440443213,0.0,1.5916665340277891,0.7465398404964326
834,komponen,andewi segar,226.0,1.6,0.2,5.3,tkpi,0.0070796459863732486,0.0008849557482966561,0.023451327329861382,7.999960000199999,0.6969739049182174
835,komponen,angsa daging segar,349.0,16.4,31.5,0.0,tkpi,0.046991403876815455,0.09025787939754189,0.0,0.5206349041068283,0.7314515426771091
836,komponen,apel segar,58.0,0.3,0.4,14.9,tkpi,0.005172413703923902,0.00689655160523187,0.25689654729488715,0.7499981250046874,0.5603168415100013
837,komponen,arbai segar,37.0,0.8,0.5,8.3,tkpi,0.02162162103725349,0.013513513148283429,0.22432431826150495,1.5999968000064,0.6241329468194018
838,komponen,asam masak pohon segar,267.0,2.8,0.6,62.5,tkpi,0.010486891346491042,0.0022471910028195093,0.23408239612703222,4.666658888901852,0.5648639792644683
839,komponen,ayam daging segar,298.0,18.2,25.0,0.0,tkpi,0.06107382529840998,0.08389261716814558,0.0,0.7279999708800011,0.7556947178767056
840,komponen,ayam didehdarah segar,75.0,13.8,1.9,0.7,tkpi,0.1839999975466667,0.025333332995555558,0.00933333320888889,7.263154072024173,0.639458163651129
841,komponen,babi daging gemuksegar,453.0,11.9,45.0,0.0,tkpi,0.026269315615299525,0.09933774812508224,0.0,0.2644444385679014,0.6654021840188985
842,komponen,babi daging kurus segar,371.0,14.1,35.0,0.0,tkpi,0.038005390733139105,0.09433962238722474,0.0,0.4028571313469391,0.7071629011562548
843,komponen,babi ginjal segar,110.0,16.3,4.6,0.8,tkpi,0.14818181683471077,0.04181818143801653,0.007272727206611571,3.543477490548372,0.6960310225971047
844,komponen,babi hati segar,129.0,19.7,4.8,1.7,tkpi,0.15271317711075055,0.037209302037137196,0.01317829447148609,4.1041658116321225,0.7001069583585362
845,komponen,baligo segar,15.0,0.4,0.2,3.0,tkpi,0.02666666488888901,0.013333332444444505,0.19999998666666757,1.9999900000499997,0.6457198801905744
846,komponen,bawang bombay segar,43.0,1.4,0.2,10.3,tkpi,0.0325581387777177,0.0046511626825311006,0.2395348781503517,6.999965000174998,0.621423623125676
847,komponen,bawang merah segar,46.0,1.5,0.3,9.2,tkpi,0.03260869494328924,0.006521738988657848,0.199999995652174,4.999983333388889,0.6415265505539366
848,komponen,bawang putih segar,112.0,4.5,0.2,23.1,tkpi,0.04017857106983419,0.0017857142697704084,0.2062499981584822,22.499887500562497,0.6425209206874628
849,komponen,bebek itik daging segar,321.0,16.0,28.6,0.0,tkpi,0.04984423660484662,0.08909657293116333,0.0,0.5594405398797013,0.7375925821869955
850,komponen,belimbing segar,36.0,0.4,0.4,8.8,tkpi,0.011111110802469145,0.011111110802469145,0.24444443765432122,0.9999975000062501,0.5875210443078474
851,komponen,beras menir mentah,362.0,7.7,4.4,73.0,tkpi,0.02127071817328531,0.012154696099020177,0.2016574580064711,1.7499996022728175,0.62879819215445
852,komponen,beras parboiled,353.0,6.8,0.6,80.0,tkpi,0.019263456036080862,0.0016997167090659583,0.22662889454212778,11.333314444475926,0.5874471946651645
853,dish,bihun mentah,348.0,4.7,0.1,82.1,tkpi,0.013505747087627164,0.00028735632101334395,0.23591953955195533,46.99953000469995,0.5671134123660607
854,dish,biskuit,458.0,6.9,14.4,75.1,tkpi,0.015065502150512005,0.03144104796628592,0.16397379876861615,0.4791666333912061,0.6832373763354551
855,komponen,bit segar,41.0,1.6,0.1,9.6,tkpi,0.03902438929208807,0.0024390243307555043,0.2341463357525284,15.999840001599983,0.630973569227233
856,komponen,boros kunci segar,40.0,1.0,0.8,7.2,tkpi,0.024999999375000016,0.019999999500000015,0.17999999550000012,1.249998437501953,0.669892148812486
857,komponen,boros laja lengkuas segar,26.0,1.0,0.3,4.7,tkpi,0.03846153698224858,0.011538461094674572,0.18076922381656832,3.3333222222592593,0.678257061431772
858,komponen,buah atung segar,23.0,0.8,0.2,5.2,tkpi,0.03478260718336491,0.008695651795841227,0.22608694669187188,3.9999800000999994,0.6404676667247207
859,komponen,buah mentega bisbul segar,39.0,0.7,0.2,9.7,tkpi,0.017948717488494425,0.005128204996712693,0.24871794234056557,3.499982500087499,0.5881823630909184
860,komponen,buah nona segar,101.0,1.7,0.6,25.2,tkpi,0.016831683001666504,0.005940594000588178,0.2495049480247035,2.8333286111189815,0.5874120290259662
861,komponen,bungkil biji karet,333.0,29.3,3.3,50.0,tkpi,0.0879879877237598,0.009909909880150421,0.1501501496992488,8.878785188246914,0.7686915478371984
862,komponen,bungkil kacang tanah,336.0,37.4,13.0,30.5,tkpi,0.11130952347824546,0.03869047607532596,0.09077380925364938,2.8769228556213187,0.8730555659428119
863,komponen,bungkil kelapa,368.0,23.0,15.0,40.0,tkpi,0.06249999983016304,0.04076086945445416,0.10869565187854442,1.533333231111118,0.8663547369990436
864,komponen,burung sarang segar,281.0,37.5,0.3,32.1,tkpi,0.13345195682045566,0.0010676156545636453,0.11423487503831006,124.99958333472223,0.7652047125730628
865,komponen,cabai hijau segar,26.0,0.7,0.3,5.2,tkpi,0.026923075887574,0.011538461094674572,0.1999999923076926,2.3333255555814816,0.641675640796739
866,komponen,cabai merah kering,367.0,15.9,6.2,61.8,tkpi,0.04332425056314918,0.016893732923995278,0.16839237011337227,2.564515715400691,0.7109736951430622
867,komponen,cabai merah segar,36.0,1.0,0.3,7.3,tkpi,0.027777777006172864,0.008333333101851859,0.2027777721450619,3.3333222222592593,0.633972236656495
868,komponen,cabai rawit segar,120.0,4.7,2.4,19.9,tkpi,0.03916666634027778,0.019999999833333334,0.16583333195138888,1.9583325173614512,0.7124278186474169
869,komponen,cantel mentah,366.0,11.0,3.3,73.0,tkpi,0.030054644726626653,0.009016393417987996,0.19945355136761325,3.3333323232326295,0.6426031173621427
870,komponen,cempedak segar,116.0,3.0,0.4,28.6,tkpi,0.025862068742568373,0.00344827583234245,0.24655172201248518,7.499981250046875,0.6023397422980823
871,komponen,cengkeh kering,330.0,5.2,8.9,57.4,tkpi,0.015757575709825528,0.026969696887970615,0.17393939341230485,0.584269597273079,0.6673673558425732
872,komponen,cuka,21.0,0.1,0.1,5.0,tkpi,0.004761904535147403,0.004761904535147403,0.23809522675737013,0.9999900000999989,0.5557918938699894
873,komponen,daun bluntas segar,44.0,1.8,0.5,9.4,tkpi,0.04090908997933887,0.011363636105371907,0.21363635878099185,3.5999928000144,0.6645185731497749
874,komponen,daun gandaria segar,63.0,3.1,0.3,14.0,tkpi,0.04920634842529606,0.004761904686318973,0.22222221869488543,10.333298889003705,0.6603517968183599
875,komponen,daun jambu mete muda segar,78.0,4.6,0.5,16.2,tkpi,0.058974358218277456,0.006410256328073637,0.20769230502958583,9.199981600036798,0.68784932313467
876,komponen,daun kecipir segar,52.0,5.0,0.5,8.5,tkpi,0.09615384430473377,0.009615384430473377,0.1634615353180474,9.999980000039999,0.7661085392334702
877,komponen,daun kedondong segar,59.0,3.5,0.3,13.4,tkpi,0.059322032892846904,0.005084745676529734,0.22711864021832814,11.666627777907408,0.6757942498545435
878,komponen,daun kemangi segar,43.0,5.5,0.3,7.5,tkpi,0.12790697376960528,0.00697674402379665,0.17441860059491626,18.33327222242593,0.7718334500904052
879,komponen,daun koro segar,23.0,3.0,0.3,3.7,tkpi,0.1304347769376184,0.01304347769376184,0.16086955822306268,9.999966666777778,0.7905844435495617
880,komponen,daun labu siam segar,34.0,4.0,0.4,4.7,tkpi,0.11764705536332191,0.011764705536332193,0.13823529005190324,9.9999750000625,0.7929835728799298
881,komponen,daun labu waluhkuning segar,34.0,3.6,0.6,4.5,tkpi,0.10588234982698973,0.017647058304498284,0.13235293728373715,5.999990000016667,0.8083525057409993
882,komponen,daun leunca segar,49.0,4.7,0.5,8.1,tkpi,0.09591836538942113,0.010204081424406502,0.16530611907538534,9.3999812000376,0.7662848475814583
883,komponen,daun lompong talas segar,44.0,3.0,0.8,7.4,tkpi,0.06818181663223144,0.01818181776859505,0.16818181435950424,3.749995312505859,0.7550105282469443
884,komponen,daun mangkokan segar,57.0,3.7,0.3,11.8,tkpi,0.06491227956294247,0.0052631578024007405,0.20701754022776248,12.333292222359262,0.6946972361157691
885,komponen,daun melinjo segar,104.0,5.0,1.3,21.3,tkpi,0.048076922614644975,0.012499999879807695,0.2048076903383876,3.8461508875762402,0.6852062928442941
886,komponen,daun oyong segar,22.0,1.0,0.1,5.3,tkpi,0.045454543388429844,0.004545454338842985,0.24090907995867816,9.99990000099999,0.6454505744767186
887,komponen,daun pepaya segar,87.0,8.0,2.0,11.9,tkpi,0.09195402193156296,0.02298850548289074,0.1367816076231999,3.999998000001,0.8140705655570564
888,komponen,daun singkong ambon segar,144.0,12.7,1.2,25.2,tkpi,0.08819444383198302,0.008333333275462963,0.17499999878472222,10.583324513896239,0.7493403166583263
889,komponen,daun tespong segar,70.0,2.9,0.3,13.9,tkpi,0.0414285708367347,0.004285714224489797,0.19857142573469394,9.666634444551853,0.6552847763244352
890,komponen,domba daging gemuk segar,317.0,15.7,27.7,0.0,tkpi,0.04952681372389017,0.08738170319437949,0.0,0.5667869831484843,0.7386623164227637
891,komponen,domba daging kurus segar,202.0,17.1,14.8,0.0,tkpi,0.08465346492745811,0.07326732636996373,0.0,1.155405327337478,0.7624669186066941
892,komponen,domba ginjal segar,100.0,16.6,3.3,1.0,tkpi,0.16599999834000004,0.03299999967,0.0099999999,5.030301505969241,0.6709948820688707
893,komponen,duku segar,63.0,1.0,0.2,16.1,tkpi,0.015873015621063243,0.003174603124212649,0.25555555149911824,4.999975000124999,0.5772216417984805
894,komponen,durian segar,134.0,2.5,3.0,28.0,tkpi,0.01865671627868122,0.022388059534417467,0.20895522232122968,0.8333330555556481,0.6446353944591329
895,komponen,eceng segar,19.0,1.0,0.2,3.8,tkpi,0.05263157617728546,0.010526315235457093,0.19999998947368475,4.999975000124999,0.691311015925594
896,komponen,embacang segar,98.0,1.4,0.2,25.4,tkpi,0.014285714139941692,0.002040816305705956,0.25918367082465643,6.999965000174998,0.5701150184134249
897,dish,emping kerupuk melinjo,345.0,12.0,1.5,71.5,tkpi,0.034782608594833016,0.004347826074354127,0.20724637621088007,7.999994666670223,0.6373768090378026
898,komponen,erbis segar,70.0,0.6,0.0,18.9,tkpi,0.008571428448979594,0.0,0.2699999961428572,600000.0,0.5501771844186998
899,dish,es krim,210.0,4.0,12.5,20.6,tkpi,0.0190476189569161,0.05952380924036282,0.09809523762811792,0.31999997440000205,0.8173159727623346
900,komponen,gambas oyong segar,19.0,0.8,0.2,4.1,tkpi,0.04210526094182837,0.010526315235457093,0.21578946232687038,3.9999800000999994,0.6637955255003481
901,komponen,gandaria masak,68.0,0.7,0.1,18.0,tkpi,0.010294117495674743,0.0014705882136678205,0.26470587846020766,6.999930000699992,0.5584928369534904
902,komponen,genjer segar,35.0,1.7,0.2,7.7,tkpi,0.048571427183673514,0.005714285551020414,0.2199999937142859,8.499957500212497,0.6624614219579239
903,dish,ham,384.0,16.9,35.0,0.3,tkpi,0.0440104165520562,0.09114583309597439,0.0007812499979654948,0.48285712906122485,0.7285320517730336
904,dish,hangop,65.0,10.0,1.0,3.5,tkpi,0.15384615147928998,0.015384615147928998,0.053846153017751495,9.999990000010001,0.7383952488105507
905,komponen,jagung kuning tepung,355.0,9.2,3.9,73.7,tkpi,0.025915492884745088,0.010985915462011506,0.20760563321801231,2.3589737541092934,0.634462256580172
906,komponen,jagung muda semi segar,35.0,2.2,0.1,7.4,tkpi,0.06285714106122454,0.002857142775510207,0.2114285653877553,21.99978000219998,0.6836620900930568
907,komponen,jahe segar,51.0,1.5,1.0,10.1,tkpi,0.029411764129181096,0.0196078427527874,0.1980392118031527,1.4999985000015001,0.6684983558833075
908,komponen,jali mentah,324.0,11.0,4.0,61.0,tkpi,0.03395061717916476,0.012345678974241731,0.1882716043571864,2.749999312500172,0.6660324592841846
909,komponen,jambu air segar,46.0,0.6,0.2,11.8,tkpi,0.013043477977315697,0.004347825992438566,0.25652173355387536,2.9999850000749992,0.5732942824623078
910,komponen,jambu biji,49.0,0.9,0.3,12.2,tkpi,0.018367346563931703,0.006122448854643901,0.24897958675551862,2.9999900000333337,0.5915092637925703
911,komponen,jambu monyet segar,64.0,0.7,0.6,15.8,tkpi,0.010937499829101565,0.009374999853515628,0.2468749961425782,1.166664722225463,0.5823453115018562
912,komponen,jampang huma mentah,350.0,6.2,1.4,78.2,tkpi,0.01771428566367347,0.0039999999885714285,0.2234285707902041,4.428568265308383,0.5905921044270368
913,komponen,jamur kuping kering,294.0,16.0,0.9,64.6,tkpi,0.05442176852237494,0.00306122447938359,0.2197278904090888,17.777758024713304,0.6665309471223338
914,komponen,jamur kuping segar,21.0,3.8,0.6,0.9,tkpi,0.1809523723356013,0.028571427210884418,0.042857140816326626,6.33332277779537,0.7277375997243603
915,komponen,jantung pisang segar,32.0,1.2,0.3,7.1,tkpi,0.03749999882812504,0.00937499970703126,0.22187499306640648,3.9999866667111115,0.64931582833279
916,komponen,jawawut mentah,364.0,9.7,3.5,73.4,tkpi,0.02664835157514189,0.009615384588968724,0.20164835109437268,2.7714277795920625,0.6352034157256712
917,komponen,jeruk bali segar,48.0,0.6,0.2,12.4,tkpi,0.012499999739583339,0.004166666579861113,0.258333327951389,2.9999850000749992,0.5712719105110262
918,komponen,jeruk garutkeprok,44.0,0.8,0.3,10.9,tkpi,0.01818181776859505,0.006818181663223144,0.2477272670971076,2.6666577778074076,0.5930579256800155
919,komponen,jeruk manis segar,45.0,0.9,0.2,11.2,tkpi,0.019999999555555568,0.0044444443456790154,0.2488888833580248,4.499977500112499,0.5911719547405072
920,komponen,jotang segar,34.0,1.9,0.3,7.1,tkpi,0.055882351297577904,0.008823529152249142,0.20882352326989637,6.333312222292593,0.6878632106512224
921,komponen,kacang arab kering,330.0,23.8,1.4,60.2,tkpi,0.07212121190266299,0.004242424229568411,0.1824242418714417,16.999987857151535,0.7162676505847614
922,komponen,kacang bogor kering,370.0,16.0,6.0,65.0,tkpi,0.04324324312636962,0.016216216172388605,0.17567567520087654,2.6666662222222963,0.7036651718364826
923,komponen,kacang endel biji kering,331.0,25.0,1.0,58.0,tkpi,0.07552870067816103,0.003021148027126441,0.1752265855733336,24.999975000025003,0.7218256798679066
924,komponen,kacang galing segar,336.0,23.1,1.7,59.5,tkpi,0.06874999979538692,0.005059523794465703,0.1770833328062996,13.588227301042766,0.7169614699217317
925,komponen,kacang gude biji segar,114.0,7.0,0.6,20.8,tkpi,0.06140350823330256,0.005263157848568791,0.18245613875038474,11.66664722225463,0.7032024543737349
926,komponen,kacang kapri segar,98.0,6.7,0.4,17.7,tkpi,0.06836734624114953,0.004081632611411912,0.1806122430549771,16.749958125104687,0.7117319310207658
927,komponen,kacang kedelai segar,286.0,30.2,15.6,30.1,tkpi,0.10559440522519438,0.05454545435473617,0.1052447548767666,1.9358973118014544,0.9096303389664825
928,komponen,kacang panjang biji kering,357.0,17.3,1.5,68.6,tkpi,0.04845938361776083,0.004201680660499494,0.1921568622068435,11.53332564444957,0.6722780649628629
929,dish,kacang tanah rebus dg kulit,360.0,13.5,31.2,12.8,tkpi,0.03749999989583334,0.08666666642592592,0.03555555545679013,0.43269229382396496,0.8519365361408403
930,komponen,kacang tanah sangan tanpa selaput,559.0,26.9,44.2,23.6,tkpi,0.04812164570997916,0.07906976730041188,0.04221824679388507,0.6085972712987042,0.9046026102856309
931,komponen,kambing daging segar,149.0,16.6,9.2,0.0,tkpi,0.11140939522544031,0.06174496602855727,0.0,1.8043476299622145,0.7368143798137212
932,komponen,kapri muda segar,45.0,3.3,0.2,9.0,tkpi,0.07333333170370374,0.0044444443456790154,0.19999999555555567,16.499917500412497,0.708441734429939
933,komponen,kecap,71.0,5.7,1.3,9.0,tkpi,0.08028168901011706,0.018309858897044243,0.12676056159492166,4.384612011836914,0.8028633792969397
934,komponen,kecipir muda segar,32.0,2.9,0.2,5.8,tkpi,0.09062499716796885,0.006249999804687507,0.1812499943359377,14.499927500362498,0.7430700691214607
935,komponen,kedondong masak segar,46.0,1.0,0.1,10.3,tkpi,0.02173912996219283,0.002173912996219283,0.22391303861058615,9.99990000099999,0.595538881284263
936,komponen,keju,326.0,22.8,20.3,13.1,tkpi,0.06993865009221273,0.06226993845929467,0.040184048956490644,1.1231526540318888,0.9268319940095255
937,komponen,keju kacang tanah peanut butter,590.0,27.0,49.0,20.9,tkpi,0.04576271178684286,0.08305084731686298,0.0354237287535191,0.5510203969179511,0.8754549424205625
938,komponen,kelapa muda air segar,17.0,0.2,0.1,3.8,tkpi,0.01176470519031146,0.00588235259515573,0.2235293986159177,1.9999800001999979,0.5802168896446964
939,komponen,kelapa muda daging segar,68.0,1.0,0.9,14.0,tkpi,0.014705882136678205,0.013235293923010384,0.20588234991349486,1.1111098765445815,0.6130839964842272
940,komponen,kelapa setengah tua daging segar,180.0,4.0,15.0,10.0,tkpi,0.022222222098765433,0.08333333287037037,0.05555555524691358,0.2666666488888901,0.8449340509973329
941,komponen,kelapa tua daging segar,359.0,3.4,34.7,14.0,tkpi,0.009470752062755565,0.09665738134635828,0.03899721437605233,0.09798270611000846,0.7505175808180364
942,komponen,kelawikluwih segar,118.0,1.5,0.3,27.2,tkpi,0.012711864299051998,0.0025423728598103993,0.23050847262280955,4.999983333388889,0.5721512362157779
943,komponen,kemang segar,48.0,1.0,0.2,11.9,tkpi,0.020833332899305567,0.004166666579861113,0.24791666150173625,4.999975000124999,0.592605051539218
944,komponen,kembang kol,25.0,2.4,0.2,4.9,tkpi,0.09599999616000014,0.007999999680000014,0.19599999216000033,11.999940000299997,0.7439907409081836
945,komponen,kembang turi segar,51.0,1.8,0.6,9.6,tkpi,0.035294116955017316,0.011764705651672439,0.18823529042675902,2.9999950000083335,0.6675010442789999
946,komponen,kemiri,675.0,19.0,63.0,8.0,tkpi,0.02814814810644719,0.09333333319506174,0.011851851834293553,0.30158729680020163,0.7359698233981983
947,komponen,kenari kering,657.0,15.0,66.0,13.0,tkpi,0.022831050193560045,0.1004566208516642,0.01978691016775204,0.22727272382920116,0.7390784093737992
948,komponen,kepala susu krim segar,204.0,2.6,20.0,4.0,tkpi,0.012745097976739717,0.09803921520569012,0.019607843041138023,0.12999999350000033,0.7032640724022122
949,komponen,kerbau daging segar,79.0,18.7,0.5,0.0,tkpi,0.23670885776317901,0.006329113843935268,0.0,37.399925200149596,0.5468849777599184
950,komponen,kerokot segar,26.0,1.7,0.4,3.8,tkpi,0.06538461286982258,0.015384614792899431,0.14615384053254457,4.249989375026562,0.7625773854299357
951,komponen,kesemek segar,78.0,0.8,0.4,20.0,tkpi,0.01025641012491782,0.00512820506245891,0.25641025312294546,1.9999950000125002,0.5685516255058491
952,komponen,ketumbar kering,418.0,14.1,16.1,54.2,tkpi,0.03373205733556924,0.03851674631933793,0.12966507146013143,0.8757763431194816,0.7813981934579928
953,komponen,kluwek,310.0,10.0,24.0,13.5,tkpi,0.03225806441207076,0.07741935458896983,0.04354838695629552,0.41666664930555625,0.8747609242275456
954,komponen,kokosan segar,86.0,1.6,0.2,13.0,tkpi,0.018604650946457548,0.0023255813683071935,0.15116278893996757,7.999960000199999,0.6126649941134115
955,komponen,kol merah kol putih,29.0,1.4,0.2,5.3,tkpi,0.04827586040428067,0.006896551486325811,0.18275861438763397,6.999965000174998,0.6844704194626486
956,komponen,koro benguk biji kering,332.0,24.0,3.0,55.0,tkpi,0.0722891564087676,0.00903614455109595,0.16566265010342576,7.999997333334222,0.7395200106731579
957,komponen,koro kerupuk biji segar,125.0,8.3,0.7,22.1,tkpi,0.06639999946880001,0.0055999999552,0.17679999858560003,11.857125918391546,0.7151803732012397
958,komponen,koro kerupuk polong,128.0,8.3,0.7,22.1,tkpi,0.06484374949340821,0.005468749957275391,0.17265624865112308,11.857125918391546,0.7151803732012397
959,komponen,koro loke biji segar,33.0,2.7,0.2,7.9,tkpi,0.08181817933884306,0.006060605876951338,0.23939393213957785,13.499932500337499,0.7030293168537056
960,komponen,koro wedus biji kering,338.0,22.2,1.5,61.0,tkpi,0.06568047317846014,0.004437869809355415,0.1804733722471202,14.79999013333991,0.7088244719372203
961,komponen,koro wedus polong,46.0,3.0,0.3,7.9,tkpi,0.06521738988657848,0.006521738988657848,0.17173912670132335,9.999966666777778,0.7191321252999041
962,komponen,kucai muda lokio segar,42.0,3.8,0.6,7.8,tkpi,0.09047618832199551,0.01428571394557824,0.18571428129251713,6.33332277779537,0.7585713438866173
963,komponen,kucai segar,45.0,2.2,0.3,10.3,tkpi,0.048888887802469166,0.006666666518518522,0.22888888380246927,7.333308888970372,0.6612380524349649
964,komponen,kuda daging segar,113.0,18.1,4.1,0.9,tkpi,0.160176989732947,0.036283185519617824,0.007964601699428303,4.414633069601691,0.6766646216643943
965,komponen,kunyit segar,69.0,2.0,2.7,9.1,tkpi,0.028985506826297004,0.039130434215500956,0.13188405605965137,0.7407404663924197,0.7684936651303337
966,dish,kwaci,515.0,30.6,42.1,13.8,tkpi,0.0594174756127816,0.08174757265680083,0.026796116452823076,0.7268408378422604,0.8656558745464962
967,dish,kwark quark,242.0,19.0,17.0,3.0,tkpi,0.0785123963697835,0.0702479335940168,0.012396694163650024,1.1176469930795885,0.8174858418456186
968,komponen,labu air segar,19.0,0.6,0.2,3.8,tkpi,0.03157894570637128,0.010526315235457093,0.19999998947368475,2.9999850000749992,0.6497667833740703
969,komponen,labu siam segar,30.0,0.6,0.1,6.7,tkpi,0.019999999333333355,0.003333333222222226,0.22333332588888913,5.999940000599993,0.5945445476336725
970,komponen,labu waluh segar,32.0,1.1,0.1,6.6,tkpi,0.03437499892578129,0.0031249999023437534,0.2062499935546877,10.99989000109999,0.6336233290708921
971,komponen,lamtoro biji muda segar,85.0,5.7,0.3,15.4,tkpi,0.06705882274048444,0.0035294117231833913,0.18117646845674745,18.99993666687778,0.7080696012872777
972,komponen,lamtoro biji tua segar,148.0,10.6,0.5,26.2,tkpi,0.07162162113769174,0.0033783783555514976,0.17702702583089847,21.199957600084797,0.7165746559945985
973,komponen,langsat segar,56.0,0.9,0.2,14.3,tkpi,0.01607142828443878,0.0035714285076530626,0.255357138297194,4.499977500112499,0.5786942349926626
974,komponen,lemak babi bacon,626.0,9.1,65.0,1.1,tkpi,0.014536741190835875,0.1038338656488277,0.0017571884955955457,0.13999999784615388,0.6220029269171622
975,komponen,lemak babi lard,902.0,0.0,100.0,0.0,tkpi,0.0,0.11086474488817656,0.0,0.0,0.5285954792089683
976,komponen,lemak kerbau lemak sapi,818.0,1.5,90.0,0.0,tkpi,0.0018337408290541066,0.11002444974324639,0.0,0.016666666481481483,0.5401386907110547
977,komponen,lobak segar,21.0,0.9,0.1,4.2,tkpi,0.042857140816326626,0.004761904535147403,0.19999999047619094,8.999910000899991,0.658747906302406
978,komponen,maizena tepung,341.0,0.3,0.0,85.0,tkpi,0.000879765393314471,0.0,0.24926686143910012,300000.0,0.5310801747374291
979,dish,makaroni mentah,353.0,8.7,0.4,78.7,tkpi,0.024645892281456395,0.0011331444727106389,0.2229461750058182,21.749945625135936,0.6000171091512578
980,komponen,mangga gedung segar,44.0,0.7,0.2,11.2,tkpi,0.01590909054752067,0.004545454442148763,0.2545454487603307,3.499982500087499,0.5808505770054287
981,komponen,mangga golek segar,63.0,0.5,0.2,16.7,tkpi,0.007936507810531622,0.003174603124212649,0.26507936087175615,2.4999875000624994,0.5569863829746721
982,komponen,mangga harumanis segar,46.0,0.4,0.2,11.9,tkpi,0.008695651984877132,0.004347825992438566,0.25869564655009464,1.9999900000499997,0.5624878414387906
983,komponen,mangga indramayu segar,72.0,0.8,0.2,18.7,tkpi,0.011111110956790127,0.0027777777391975317,0.2597222186149692,3.9999800000999994,0.5643117640599437
984,komponen,mangga kopek segar,56.0,0.4,0.2,14.6,tkpi,0.007142857015306125,0.0035714285076530626,0.26071428105867356,1.9999900000499997,0.5564750585892245
985,komponen,mangga muda segar,59.0,0.5,0.4,15.1,tkpi,0.008474576127549557,0.006779660902039647,0.25593219905199666,1.2499968750078125,0.5683626940487084
986,komponen,manggis segar,63.0,0.6,0.6,15.6,tkpi,0.009523809372637946,0.009523809372637946,0.24761904368858662,0.9999983333361111,0.5791031064365789
987,komponen,margarin,720.0,0.6,81.0,0.4,tkpi,0.0008333333321759259,0.11249999984375,0.0005555555547839507,0.007407407315957935,0.5372176614277062
988,komponen,melinjo segar,66.0,5.0,0.7,13.3,tkpi,0.07575757460973372,0.01060606044536272,0.2015151484618917,7.142846938790088,0.7247570255518376
989,komponen,menteng segar,65.0,1.7,0.3,16.1,tkpi,0.026153845751479297,0.004615384544378699,0.2476923038816569,5.666647777840741,0.6054631354468964
990,komponen,merica kering,365.0,11.5,6.8,64.4,tkpi,0.03150684922874836,0.0186301369352599,0.1764383556809908,1.6911762218858497,0.6842118160228761
991,dish,mi basah,88.0,0.6,3.3,14.0,tkpi,0.00681818174070248,0.03749999957386364,0.1590909072830579,0.18181812672177977,0.67673840885469
992,komponen,minyak hiu hati,902.0,0.0,100.0,0.0,tkpi,0.0,0.11086474488817656,0.0,0.0,0.5285954792089683
993,komponen,minyak ikan,902.0,0.0,100.0,0.0,tkpi,0.0,0.11086474488817656,0.0,0.0,0.5285954792089683
994,komponen,minyak kacang tanah,902.0,0.0,100.0,0.0,tkpi,0.0,0.11086474488817656,0.0,0.0,0.5285954792089683
995,komponen,minyak kelapa,870.0,1.0,98.0,0.0,tkpi,0.0011494252860351434,0.11264367803144405,0.0,0.010204081528529781,0.5357196582254898
996,komponen,minyak kelapa sawit,884.0,0.0,100.0,0.0,tkpi,0.0,0.1131221718177351,0.0,0.0,0.5285954792089683
997,komponen,nangka masak pohon segar,106.0,1.2,0.3,27.6,tkpi,0.01132075461018156,0.00283018865254539,0.2603773560341759,3.9999866667111115,0.5648610588152848
998,komponen,nangka muda segar,57.0,2.0,0.4,11.3,tkpi,0.035087718682671604,0.007017543736534321,0.19824561055709458,4.99998750003125,0.6492128793637961
999,komponen,nangka biji segar,165.0,4.2,0.1,36.7,tkpi,0.025454545300275484,0.0006060606023875116,0.22242424107621675,41.999580004199956,0.6006631844421326
1000,dish,oncom,187.0,13.0,6.0,22.6,tkpi,0.06951871620578226,0.032085561325745665,0.12085561432697534,2.1666663055556157,0.8364285186224304
1001,komponen,pala biji kering,518.0,7.5,36.4,40.1,tkpi,0.014478764450813196,0.07027027013461337,0.07741312726368123,0.20604395038340798,0.8264978800166985
1002,komponen,pala daging segar,42.0,0.3,0.2,10.9,tkpi,0.00714285697278912,0.00476190464852608,0.2595238033446714,1.4999925000374996,0.5595943744571983
1003,komponen,pepaya muda segar,29.0,2.1,0.1,4.9,tkpi,0.07241379060642102,0.0034482757431629056,0.16896551141498237,20.999790002099978,0.722726327507354
1004,komponen,pepaya segar,46.0,0.5,12.0,12.2,tkpi,0.010869564981096414,0.2608695595463139,0.2652173855387525,0.04166666319444474,0.7785869642908859
1005,komponen,peterseli segar,53.0,3.7,1.0,9.0,tkpi,0.06981131943752228,0.01886792417230332,0.16981131755072987,3.6999963000037006,0.7574464282125235
1006,komponen,petis ikan,165.0,20.0,0.2,20.8,tkpi,0.12121212047750231,0.0012121212047750231,0.1260606052966024,99.99950000249999,0.7676104751318922
1007,komponen,petis udang pasta,220.0,15.0,0.9,38.0,tkpi,0.06818181787190083,0.00409090907231405,0.17272727194214876,16.666648148168722,0.7163155360791906
1008,komponen,pisang angleng pisang ampyang segar,68.0,1.3,0.2,17.2,tkpi,0.019117646777681668,0.002941176427335641,0.2529411727508651,6.499967500162499,0.5846205074405346
1009,komponen,pisang lampung segar,99.0,1.3,0.2,25.6,tkpi,0.013131312998673607,0.0020202019997959397,0.2585858559738803,6.499967500162499,0.5674167225294925
1010,komponen,pisang mas segar,127.0,1.4,0.2,33.6,tkpi,0.011023621960443921,0.0015748031372062746,0.26456692705065415,6.999965000174998,0.5605162709296976
1011,komponen,pisang raja segar,120.0,1.2,0.2,31.8,tkpi,0.009999999916666667,0.001666666652777778,0.2649999977916667,5.9999700001499985,0.5582420592399671
1012,komponen,rambutan segar,69.0,0.9,0.1,18.1,tkpi,0.013043478071833653,0.0014492753413148502,0.2623188367779879,8.999910000899991,0.5652803496840414
1013,dish,roti putih,248.0,8.0,1.2,50.0,tkpi,0.03225806438605619,0.004838709657908428,0.2016129024128512,6.666661111115741,0.6354550395859264
1014,dish,roti warna sawo matang,249.0,7.9,1.5,49.7,tkpi,0.03172690750310479,0.00602409636134901,0.19959839277269723,5.266663155557897,0.6383501887263373
1015,komponen,salak segar,77.0,0.4,0.0,20.9,tkpi,0.005194805127340193,0.0,0.2714285679035251,400000.00000000006,0.5418103345240557
1016,komponen,santan dengan air,122.0,2.0,10.0,7.6,tkpi,0.016393442488578342,0.08196721244289171,0.06229508145659769,0.19999998000000202,0.8289822436737886
1017,komponen,santan murni,324.0,4.2,34.3,5.6,tkpi,0.012962962922953819,0.10586419720412284,0.017283950563938423,0.12244897602189576,0.685463196874035
1018,komponen,saos tomat,110.0,2.0,0.4,24.5,tkpi,0.018181818016528926,0.0036363636033057856,0.22272727070247936,4.99998750003125,0.5909616777854729
1019,komponen,sapi babat segar,108.0,17.6,4.2,0.0,tkpi,0.16296296145404668,0.03888888852880659,0.0,4.190475192744001,0.6557221368548625
1020,dish,sapi daging asap,182.0,32.0,6.0,0.0,tkpi,0.17582417485810894,0.032967032785895425,0.0,5.333332444444593,0.6345146200701814
1021,komponen,sapi daging dendeng mentah,301.0,55.0,9.0,0.0,tkpi,0.18272425188463703,0.02990033212657697,0.0,6.111110432098841,0.6236280882262569
1022,komponen,sapi daging gemuk segar,273.0,17.5,22.0,0.0,tkpi,0.06410256386775617,0.08058608029089348,0.0,0.7954545092975223,0.7597528971225863
1023,dish,sapi daging kornet,289.0,16.0,25.0,0.0,tkpi,0.05536332160773937,0.08650519001209277,0.0,0.639999974400001,0.7478363834264907
1025,komponen,sapi daging lemak sedang segar,201.0,18.8,14.0,0.0,tkpi,0.0935323378431227,0.06965174094700627,0.0,1.3428570469387824,0.7568439605083223
1026,dish,sapi daging sosis worst,448.0,14.5,42.3,2.3,tkpi,0.032366071356325736,0.09441964264638472,0.005133928559968909,0.3427895900049743,0.7167719571086424
1027,komponen,sapi didehdarah,98.0,21.9,1.1,0.0,tkpi,0.2234693854748022,0.01122448968138276,0.0,19.909072809933807,0.5619782494210406
1028,komponen,sapi ginjal segar,137.0,15.0,8.1,0.9,tkpi,0.10948905029570037,0.05912408715967819,0.006569343017742022,1.851851623228195,0.760136033922929
1029,dish,sapi hati sosis liverworst,274.0,16.0,22.0,3.0,tkpi,0.05839416037082423,0.08029197050988332,0.010948905069529544,0.7272726942148775,0.8065792316525151
1030,komponen,sapi liver segar,132.0,19.7,3.2,6.0,tkpi,0.14924242311179983,0.024242424058769516,0.04545454511019284,6.156248076172475,0.750539535140972
1031,komponen,sapi otak segar,123.0,10.4,8.6,0.8,tkpi,0.08455284484103379,0.06991869861854716,0.00650406498777183,1.2093021849648624,0.7895690236767712
1032,komponen,sapi usus segar,126.0,14.0,7.2,1.5,tkpi,0.1111111102292769,0.05714285668934241,0.011904761810279668,1.9444441743827534,0.7749037096211024
1033,dish,saridele bubuk,344.0,30.0,20.0,43.0,tkpi,0.08720930207206598,0.05813953471471066,0.1249999996366279,1.4999999250000036,0.8987494846464119
1034,komponen,sawi segar,28.0,2.3,0.3,4.0,tkpi,0.08214285420918377,0.010714285331632666,0.14285713775510223,7.666641111196296,0.7708829046017424
1035,komponen,sawo manila segar,92.0,0.5,1.1,22.4,tkpi,0.005434782549621929,0.011956521609168245,0.2434782582230624,0.4545450413226897,0.5756131874496256
1036,komponen,selada segar,18.0,1.2,0.2,2.9,tkpi,0.06666666296296317,0.011111110493827195,0.16111110216049432,5.9999700001499985,0.7408022713596824
1037,komponen,seledri segar,23.0,1.0,0.1,4.6,tkpi,0.04347825897920613,0.004347825897920613,0.19999999130434817,9.99990000099999,0.6589083842943231
1038,komponen,semangka segar,28.0,0.5,0.2,6.9,tkpi,0.017857142219387778,0.007142856887755111,0.24642856262755133,2.4999875000624994,0.5934042566727443
1039,komponen,sirsak segar,65.0,1.0,0.3,16.3,tkpi,0.015384615147928998,0.004615384544378699,0.2507692269112427,3.3333222222592593,0.5805105944833893
1040,komponen,susu asam untuk bayi bubuk,418.0,19.0,9.0,65.5,tkpi,0.045454545345802524,0.02153110042695909,0.15669856421842449,2.1111108765432363,0.7367037901667342
1041,komponen,susu bubuk,513.0,24.6,30.0,36.2,tkpi,0.04795321628079295,0.0584795320497475,0.07056530200669532,0.8199999726666676,0.9478036047366337
1042,komponen,susu kambing segar,64.0,4.3,2.3,6.6,tkpi,0.06718749895019532,0.03593749943847657,0.1031249983886719,1.8695644045372153,0.8669021822918743
1043,komponen,susu kedelai,41.0,3.5,2.5,5.0,tkpi,0.08536585157644265,0.06097560826888761,0.12195121653777521,1.399999440000224,0.9065997878338033
1044,komponen,susu kental manis,343.0,8.2,10.0,55.0,tkpi,0.02390670546965975,0.02915451886543872,0.16034985375991295,0.8199999180000082,0.7042357614316603
1045,komponen,susu kental tak manis,138.0,7.0,7.9,9.9,tkpi,0.05072463731358959,0.05724637639676539,0.07173912991493385,0.8860758372055901,0.9511299490250058
1046,komponen,susu kerbau segar,160.0,6.3,12.0,7.1,tkpi,0.03937499975390625,0.07499999953125,0.04437499972265625,0.5249999562500036,0.900799206357143
1047,komponen,susu sapi segar,61.0,3.2,3.5,4.3,tkpi,0.05245901553345877,0.05737704823972052,0.07049180212308521,0.9142854530612992,0.9577927627964118
1048,komponen,susu skim bubuk,359.0,35.6,1.0,52.0,tkpi,0.09916434512767593,0.0027855153125751664,0.14484679625390864,35.5999644000356,0.7600678108217293
1049,komponen,susu skim segar,36.0,3.5,0.1,5.1,tkpi,0.09722221952160502,0.0027777777006172863,0.1416666627314816,34.999650003499966,0.7603602180672507
1050,komponen,taoge kacang kedelai segar,76.0,9.0,2.6,6.4,tkpi,0.11842105107340722,0.03421052586565098,0.08421052520775625,3.4615371301780264,0.8539970122635036
1051,komponen,taoge kacang tunggak segar,40.0,5.0,0.2,5.8,tkpi,0.12499999687500009,0.004999999875000004,0.1449999963750001,24.999875000624996,0.7751850061698011
1052,komponen,tebu terubuk lilin segar,30.0,4.6,0.4,3.0,tkpi,0.15333332822222237,0.013333332888888903,0.09999999666666677,11.499971250071875,0.7836540835708805
1053,komponen,tekokak kering,302.0,8.3,1.7,72.6,tkpi,0.027483443617604495,0.005629139054208148,0.24039735019735975,4.882350069205843,0.6128250136293812
1054,komponen,tekokak segar,34.0,2.0,0.1,7.9,tkpi,0.05882352768166096,0.002941176384083048,0.23235293434256077,19.99980000199998,0.6679022901480818
1055,komponen,telur ayam ras bagian kuning segar,355.0,16.3,31.9,0.7,tkpi,0.04591549282840707,0.08985915467645308,0.0019718309803610392,0.5109717708159319,0.7395225631396212
1056,komponen,telur ayam ras bagian putih segar,50.0,10.8,0.0,0.8,tkpi,0.2159999956800001,0.0,0.01599999968000001,10800000.000000002,0.5764246948807292
1057,komponen,telur bebek bagian kuning segar,386.0,17.0,35.0,0.8,tkpi,0.04404145066310505,0.09067357489462805,0.0020725388547343554,0.4857142718367351,0.7354443925722087
1058,komponen,telur bebek bagian putih segar,54.0,11.0,0.0,0.8,tkpi,0.20370369993141296,0.0,0.014814814540466398,11000000.0,0.5756313681759566
1059,dish,tempe bongkrek,119.0,4.4,3.5,18.3,tkpi,0.036974789605253876,0.02941176445872467,0.1537815113127604,1.2571424979592865,0.7414264938577068
1060,dish,tempe koro benguk,141.0,10.2,1.3,23.2,tkpi,0.07234042501886223,0.009219858090639304,0.16453900592525528,7.84614781065553,0.740844002897904
1061,komponen,tepung beras mentah,353.0,7.0,0.5,80.0,tkpi,0.01983002827243618,0.0014164305908882986,0.22662889454212778,13.999972000056,0.5880867052906928
1062,komponen,tepung hunkwe pati kacang ijo,364.0,4.5,1.0,83.5,tkpi,0.012362637328674073,0.0027472527397053494,0.2293956037653967,4.4999955000045,0.571991874929556
1063,komponen,tepung jagung putih,355.0,9.2,3.9,73.7,tkpi,0.025915492884745088,0.010985915462011506,0.20760563321801231,2.3589737541092934,0.634462256580172
1064,komponen,tepung kacang kedelai,347.0,35.9,20.6,29.9,tkpi,0.10345821295833367,0.05936599406522769,0.08616714672574309,1.7427183620039628,0.927147662121036
1065,komponen,terasi merah,174.0,30.0,3.5,5.6,tkpi,0.1724137921125644,0.020114942413132515,0.03218390786101202,8.57142612244968,0.6923826577896769
1066,komponen,terong segar,28.0,1.1,0.2,5.5,tkpi,0.03928571288265311,0.007142856887755111,0.19642856441326556,5.499972500137499,0.659463638569443
1067,komponen,tomat muda segar,24.0,2.0,0.7,3.3,tkpi,0.08333332986111125,0.029166665451388938,0.13749999427083356,2.857138775516035,0.8230924074656594
1068,komponen,tomat air sari segar,20.0,1.0,0.2,3.5,tkpi,0.04999999750000012,0.009999999500000025,0.17499999125000043,4.999975000124999,0.7009479625204538
1069,komponen,wijen mentah,568.0,19.3,51.1,18.1,tkpi,0.03397887317961466,0.08996478857400565,0.031866197126996135,0.3776907949571273,0.8273292520235656
1070,komponen,yoghurt segar,52.0,3.3,2.5,4.0,tkpi,0.06346153724112429,0.048076922152366884,0.07692307544378701,1.319999472000211,0.9374667472420061
1071,komponen,bengkuang segar,59.0,1.4,0.2,12.8,tkpi,0.023728813157138758,0.0033898304510198234,0.2169491488652687,6.999965000174998,0.6056925120394892
1072,komponen,coklat bubuk,311.0,8.0,4.0,48.9,tkpi,0.02572347258609816,0.01286173629304908,0.157234726182525,1.999999500000125,0.6668460177120992
1073,komponen,coklat manis batang,527.0,2.0,29.8,62.7,tkpi,0.0037950664064609744,0.05654648945626852,0.11897533184255156,0.06711409170758081,0.73746232923008
1074,komponen,coklat pahitbatang,615.0,5.5,42.6,29.2,tkpi,0.0089430894163527,0.06926829257029546,0.04747967471954524,0.12910797818995357,0.8015608454468506
1075,komponen,coklat susu batang,565.0,9.0,35.0,53.6,tkpi,0.015929203511629728,0.06194690254522672,0.0948672564692615,0.2571428497959186,0.8125899142599503
1076,komponen,gula aren,368.0,0.0,0.0,92.0,tkpi,0.0,0.0,0.24999999932065217,0.0,0.5285954792089683
1077,komponen,gula kelapa,386.0,3.0,10.0,76.0,tkpi,0.007772020705253832,0.025906735684179442,0.19689119119976375,0.299999970000003,0.630483011702754
1078,komponen,gula putih,394.0,0.0,0.0,94.0,tkpi,0.0,0.0,0.23857867959751605,0.0,0.5285954792089683
1079,komponen,ikan asin kering,193.0,42.0,1.5,0.0,tkpi,0.2176165791833338,0.007772020685119064,0.0,27.99998133334578,0.5527568630265811
1080,komponen,ikan bader segar,193.0,19.0,13.0,0.0,tkpi,0.09844559534484147,0.06735751260436522,0.0,1.4615383491124347,0.752179640554785
1081,komponen,ikan bandeng segar,123.0,20.0,4.8,0.0,tkpi,0.16260162469429573,0.03902438992663097,0.0,4.166665798611292,0.6562501642334241
1082,komponen,ikan bawal segar,91.0,19.0,1.7,0.0,tkpi,0.20879120649679994,0.018681318476029468,0.0,11.176464013844699,0.5853094774182026
1083,komponen,ikan beunteur segar,109.0,17.0,4.0,0.0,tkpi,0.1559633013214376,0.036697247369750025,0.0,4.249998937500266,0.6544199832209961
1084,dish,ikan gabus kering,268.0,58.0,4.0,0.0,tkpi,0.2164179096402317,0.014925373078636667,0.0,14.499996375000906,0.573401410217691
1085,komponen,ikan kakap segar,92.0,20.0,0.7,0.0,tkpi,0.21739130198487716,0.0076086955694707,0.0,28.57138775516035,0.552294398203083
1086,komponen,ikan layang segar,109.0,22.0,1.7,0.0,tkpi,0.20183486053362515,0.01559633013214376,0.0,12.941168858135967,0.578298239372687
1087,komponen,ikan lemuru segar,112.0,20.0,3.0,0.0,tkpi,0.17857142697704084,0.026785714046556126,0.0,6.666664444445185,0.6171059474312202
1088,komponen,ikan mas segar,86.0,16.0,2.0,0.0,tkpi,0.1860465094645755,0.023255813683071936,0.0,7.999996000002,0.6045526573321737
1089,komponen,ikan paling segar,303.0,14.0,27.0,0.0,tkpi,0.04620462030955571,0.0891089105970003,0.0,0.5185184993141296,0.7310921071781914
1090,dish,ikan peda banjar mentah,156.0,28.0,4.0,2.0,tkpi,0.17948717833662065,0.025641025476660095,0.012820512738330047,6.999998250000437,0.6525481343790324
1091,dish,ikan selar kuning cue mentah,138.0,27.0,3.3,0.0,tkpi,0.1956521724952741,0.023913043304977948,0.0,8.18181570248009,0.6031087265240449
1092,komponen,ikan selar segar,100.0,18.8,2.2,0.0,tkpi,0.18799999812000004,0.021999999780000005,0.0,8.545450661158789,0.600378107656107
1093,komponen,ikan tembang segar,204.0,16.0,15.0,0.0,tkpi,0.0784313721645521,0.0735294114042676,0.0,1.0666665955555603,0.7639301247301059
1094,komponen,jam selai,239.0,0.5,0.6,64.5,tkpi,0.002092050200451673,0.0025104602405420073,0.2698744758582658,0.8333319444467593,0.5404520312876753
1095,komponen,kentang hitam segar,142.0,0.9,0.4,33.7,tkpi,0.006338028124380084,0.0028169013886133708,0.2373239419906765,2.2499943750140625,0.5548212415398428
1096,komponen,keong segar,64.0,12.0,1.0,2.0,tkpi,0.18749999707031256,0.015624999755859379,0.031249999511718758,11.999988000012001,0.6688963460944146
1097,komponen,kepiting segar,151.0,13.8,3.8,14.1,tkpi,0.09139072787158459,0.02516556274724793,0.09337748282531469,3.6315779916900026,0.8490118893549585
1098,komponen,kodok segar,73.0,16.4,0.3,0.0,tkpi,0.22465753116907491,0.004109588984800151,0.0,54.66648444505185,0.5412393729807059
1099,komponen,kurakura segar,83.0,19.1,0.2,0.0,tkpi,0.23012047915517497,0.002409638525185078,0.0,95.49952250238749,0.5359037280434291
1100,komponen,madu,294.0,0.3,0.0,79.5,tkpi,0.00102040815979453,0.0,0.2704081623455505,300000.0,0.531251262818308
1101,komponen,melase,276.0,0.0,0.1,71.0,tkpi,0.0,0.00036231883926696076,0.25724637587954213,0.0,0.5295896530831679
1102,komponen,mentega,742.0,0.5,81.6,1.4,tkpi,0.0006738544465311935,0.10997304567389077,0.0018867924502873417,0.006127450905300848,0.5446640718689308
1103,komponen,minyak zaitun,884.0,0.0,100.0,0.0,tkpi,0.0,0.1131221718177351,0.0,0.0,0.5285954792089683
1104,komponen,rebon udang kecil segar,81.0,16.2,1.2,0.7,tkpi,0.19999999753086423,0.01481481463191587,0.008641975201950923,13.499988750009376,0.602662080839937
1105,komponen,sagu singkong kering,362.0,0.5,0.3,86.9,tkpi,0.0013812154657977473,0.0008287292794786484,0.2400552479556485,1.6666611111296297,0.5350447799909808
1106,komponen,sente talas segar,353.0,0.7,0.2,84.7,tkpi,0.001983002827243618,0.0005665722363553194,0.2399433420964778,3.499982500087499,0.5360238851272545
1107,komponen,sirup,213.0,0.0,0.0,55.0,tkpi,0.0,0.0,0.25821596122903306,0.0,0.5285954792089683
1108,komponen,tepung arrowroot,355.0,0.7,0.2,85.2,tkpi,0.0019718309803610392,0.0005633802801031541,0.23999999932394367,3.499982500087499,0.5359807828244525
1109,komponen,tepung kentang kering,347.0,0.3,0.1,85.6,tkpi,0.0008645533116295294,0.0002881844372098431,0.2466858782516257,2.9999700002999967,0.5318833851760715
1110,komponen,tepung singkong tapioka,363.0,1.1,0.5,88.2,tkpi,0.003030303021955088,0.00137741046452504,0.24297520594221708,2.1999956000088,0.5411861553151847
1111,komponen,udang segar,91.0,21.0,0.2,0.1,tkpi,0.2307692282333052,0.002197802173650526,0.001098901086825263,104.99947500262498,0.5385507491496206
1112,dish,beras cerdas,350.0,2.7,1.1,82.3,tkpi,0.007714285692244899,0.003142857133877551,0.2351428564710204,2.4545432231425246,0.5597380747457166
1113,dish,beras ganyong,364.0,3.4,0.7,86.3,tkpi,0.009340659314998188,0.0019230769177937446,0.23708791143657165,4.857135918377259,0.5604964148268202
1114,dish,beras siger,344.0,1.1,0.2,28.3,tkpi,0.0031976744093090864,0.0005813953471471066,0.08226744162131558,5.499972500137499,0.5594759256195442
1115,dish,bihun jagung mentah,354.0,0.5,0.3,87.4,tkpi,0.00141242937454116,0.0008474576247246959,0.2468926546697948,1.6666611111296297,0.5350082246555472
1116,komponen,buah naga merah segar,71.0,1.7,3.1,9.1,tkpi,0.023943661634596314,0.04366197121602858,0.12816901227930969,0.5483869198751871,0.769085791516341
1117,komponen,buah naga putih segar,56.0,0.8,1.0,10.9,tkpi,0.01428571403061225,0.017857142538265314,0.19464285366709191,0.7999992000008002,0.6287596644357127
1118,komponen,bunga turi segar,42.0,2.0,1.1,6.1,tkpi,0.0476190464852608,0.026190475566893443,0.14523809178004543,1.8181801652907588,0.763463786319573
1119,komponen,daun kenikir segar,45.0,3.7,0.5,6.6,tkpi,0.08222222039506177,0.011111110864197537,0.14666666340740747,7.3999852000296,0.769322383443768
1120,dish,gatot,347.0,1.3,0.7,83.8,tkpi,0.003746397683727961,0.0020172910604689016,0.24149855838184853,1.8571402040854228,0.5450691968734539
1121,dish,geblek,195.0,0.4,1.7,44.4,tkpi,0.0020512820407626565,0.008717948673241289,0.22769230652465483,0.23529397923883577,0.5603811515032622
1122,komponen,ikan sale segar,534.0,40.2,39.3,4.9,tkpi,0.07528089873542904,0.07359550548015822,0.009176029945363241,1.0229007373307704,0.8053014720078552
1123,komponen,jamur merang segar,30.0,3.5,0.2,4.0,tkpi,0.1166666627777779,0.006666666444444452,0.13333332888888902,17.499912500437496,0.7810533572917439
1124,komponen,jamur tiram segar,30.0,1.9,0.1,5.5,tkpi,0.06333333122222229,0.003333333222222226,0.18333332722222243,18.999810001899977,0.7006674090580847
1125,komponen,jeruk kalamansi segar,39.0,0.3,0.3,8.9,tkpi,0.0076923074950690385,0.0076923074950690385,0.22820512235371485,0.9999966666777779,0.5732548548628555
1126,komponen,melon segar,37.0,0.6,0.4,7.8,tkpi,0.016216215777940114,0.010810810518626745,0.2108108051132215,1.4999962500093749,0.6088384653507399
1127,dish,mie bendo,353.0,0.3,0.0,88.0,tkpi,0.0008498583545329791,0.0,0.24929178399634055,300000.0,0.5309958295114159
1128,dish,mie sagu,190.0,0.2,0.4,46.5,tkpi,0.0010526315734072024,0.002105263146814405,0.24473684081717453,0.49999875000312505,0.5375999593752928
1129,dish,nasi jagung,357.0,8.8,0.5,79.5,tkpi,0.024649859874930367,0.001400560220166498,0.22268907500647317,17.5999648000704,0.6008225712209248
1130,dish,oyek,351.0,0.9,0.9,84.9,tkpi,0.002564102556797429,0.002564102556797429,0.24188034119122412,0.9999988888901234,0.5432758968114573
1131,dish,rasbi beras ubi,394.0,2.2,8.8,76.6,tkpi,0.005583756331005695,0.02233502532402278,0.1944162431613801,0.24999997159091233,0.6161530741287853
1132,dish,rasi beras singkong,350.0,0.9,0.4,85.7,tkpi,0.0025714285640816327,0.0011428571395918367,0.24485714215755103,2.2499943750140625,0.539155469934431
1133,dish,sagu lemak kue sagon,452.0,2.8,14.8,76.8,tkpi,0.006194690251781658,0.03274336275941734,0.16991150404886834,0.18918917640613672,0.6564862568639743
1134,dish,sagu rendang,364.0,0.1,0.2,90.5,tkpi,0.000274725273970535,0.00054945054794107,0.24862637294333415,0.49999750001249993,0.5309315196119917
1135,dish,sate bandeng,283.0,12.1,16.8,20.9,tkpi,0.04275618359450112,0.05936395738740651,0.07385158984504737,0.7202380523667825,0.9278038676774092
1136,komponen,tepung ganyong,353.0,0.8,1.7,83.6,tkpi,0.0022662889454212777,0.0048158640090202156,0.2368271947965235,0.47058795847767154,0.5491068404719024
1137,komponen,tepung gaplek,345.0,2.4,0.4,83.1,tkpi,0.0069565217189666035,0.001159420286494434,0.24086956451921865,5.9999850000374995,0.5515436170648493
1138,komponen,tepung jalejo,388.0,19.0,7.5,61.2,tkpi,0.04896907203873951,0.019329896857397173,0.15773195835636095,2.5333329955556008,0.736758684698412
1139,komponen,tepung mocaf,350.0,1.2,0.6,85.0,tkpi,0.00342857141877551,0.001714285709387755,0.24285714216326532,1.9999966666722222,0.5432502660730061
1140,komponen,tepung pisang,338.0,2.9,0.4,80.6,tkpi,0.008579881631420469,0.001183431949161444,0.23846153775603093,7.249981875045313,0.5562410173823795
1141,komponen,tepung sente,326.0,4.0,0.4,76.7,tkpi,0.0122699386126689,0.00122699386126689,0.23527607289792618,9.9999750000625,0.5665798351002338
1142,komponen,tepung sukun,353.0,2.9,0.5,84.4,tkpi,0.008215297427152131,0.0014164305908882986,0.23909348374194483,5.799988400023199,0.5558375363891606
1143,komponen,tepung tales beneng,332.0,5.7,0.6,76.1,tkpi,0.017168674647082306,0.00180722891021919,0.22921686677946726,9.499984166693055,0.5818940402182595
1144,komponen,tepung ubi ungu,354.0,2.8,0.6,84.4,tkpi,0.007909604497430495,0.0016949152494493919,0.2384180784225478,4.666658888901852,0.5558599280673255
1145,dish,tiwul,353.0,2.4,1.1,83.4,tkpi,0.006798866836263833,0.0031161472999542573,0.23626062256016822,2.1818161983489106,0.5570329356651227
1146,dish,tiwul instan,395.0,3.2,8.5,76.5,tkpi,0.008101265802275277,0.021518987287293703,0.19367088558564333,0.37647054394464197,0.6215993118018888
1147,dish,ubi cilembu,186.0,1.9,0.2,44.3,tkpi,0.010215053708521216,0.001075268811423286,0.23817204173025783,9.499952500237498,0.5603436537465899
1148,komponen,umbi uwi segar,120.0,2.8,0.5,82.3,tkpi,0.02333333313888889,0.004166666631944445,0.6858333276180556,5.599988800022399,0.5557200002037438
1149,komponen,abon,280.0,9.2,28.4,0.0,kaggle,0.03285714273979592,0.10142857106632652,0.0,0.3239436505653644,0.6853348857946239
1151,komponen,agaragar,0.0,0.0,0.2,0.0,kaggle,0.0,200000.00000000003,0.0,0.0,0.5285954792089683
1156,komponen,ampas tahu,414.0,26.6,18.3,41.3,kaggle,0.06425120757427245,0.04420289844395436,0.09975845386531774,1.453551833139244,0.8896738796078785
1163,komponen,andewi,25.0,1.6,0.2,5.3,kaggle,0.06399999744000011,0.007999999680000014,0.21199999152000032,7.999960000199999,0.6969739049182174
1165,komponen,angsa,354.0,16.4,31.5,0.0,kaggle,0.04632768348495004,0.08898305059609307,0.0,0.5206349041068283,0.7314515426771091
1167,komponen,apel,58.0,0.3,0.4,14.9,kaggle,0.005172413703923902,0.00689655160523187,0.25689654729488715,0.7499981250046874,0.5603168415100013
1169,komponen,arbei,37.0,0.8,0.5,8.3,kaggle,0.02162162103725349,0.013513513148283429,0.22432431826150495,1.5999968000064,0.6241329468194018
1174,dish,asam masak di pohon,239.0,2.8,0.6,62.5,kaggle,0.011715481122529367,0.0025104602405420073,0.2615062750564591,4.666658888901852,0.5648639792644683
1178,komponen,ayam,302.0,18.2,25.0,0.0,kaggle,0.060264900462699,0.0827814566795316,0.0,0.7279999708800011,0.7556947178767056
1188,dish,ayam goreng paha,287.0,31.0,15.7,1.7,kaggle,0.10801393690587478,0.05470383256200755,0.005923344927096359,1.9745221672278876,0.7527768835092812
1197,komponen,babat,113.0,17.6,4.2,0.0,kaggle,0.1557522110110424,0.037168141263998755,0.0,4.190475192744001,0.6557221368548625
1203,dish,bacang,102.9,3.3,2.7,16.3,kaggle,0.032069970533819527,0.0262390668003978,0.1584062180912904,1.2222217695474926,0.7186339356447846
1210,komponen,baje,129.0,1.9,6.6,15.6,kaggle,0.014728682056366805,0.05116279030106364,0.12093023162069588,0.2878787442607963,0.7641456075267199
1212,dish,bakso,76.0,4.1,2.5,9.2,kaggle,0.053947367711218844,0.032894736409279784,0.1210526299861496,1.6399993440002623,0.8191797271121002
1215,komponen,baligo,13.0,0.4,0.2,3.0,kaggle,0.03076922840236705,0.015384614201183524,0.23076921301775286,1.9999900000499997,0.6457198801905744
1218,komponen,batang tading,137.0,4.3,4.8,19.1,kaggle,0.03138686108476744,0.035036496094624114,0.13941605737652515,0.8958331467014278,0.7566676416478284
1225,komponen,bawang bombay,45.0,1.4,0.2,10.3,kaggle,0.0311111104197531,0.0044444443456790154,0.22888888380246927,6.999965000174998,0.621423623125676
1226,komponen,bawang merah,39.0,1.5,0.3,0.2,kaggle,0.0384615374753452,0.0076923074950690385,0.005128204996712693,4.999983333388889,0.7046659142221774
1227,komponen,bawang putih,95.0,4.5,0.2,23.1,kaggle,0.047368420554016626,0.0021052631357340724,0.24315789217728537,22.499887500562497,0.6425209206874628
1229,komponen,bayam merah,51.0,4.6,0.5,10.0,kaggle,0.09019607666282202,0.0098039213763937,0.19607842752787397,9.199981600036798,0.7423546931484957
1233,dish,bayam tumis oncom,102.0,3.7,6.7,6.9,kaggle,0.036274509448289124,0.06568627386582085,0.06764705816032296,0.5522387235464592,0.9153969233136796
1234,dish,bayam tumis bersantan,48.0,1.4,4.2,2.6,kaggle,0.02916666605902779,0.08749999817708339,0.05416666553819447,0.3333332539682728,0.860124792405811
1235,komponen,bebek itik,326.0,16.0,28.6,0.0,kaggle,0.0490797544506756,0.08773006108058264,0.0,0.5594405398797013,0.7375925821869955
1245,komponen,belimbing,36.0,0.4,0.4,8.8,kaggle,0.011111110802469145,0.011111110802469145,0.24444443765432122,0.9999975000062501,0.5875210443078474
1250,komponen,bengkuang,55.0,1.4,0.2,12.8,kaggle,0.025454544991735543,0.0036363635702479353,0.23272726849586786,6.999965000174998,0.6056925120394892
1255,komponen,beras giling,360.0,6.8,0.7,78.9,kaggle,0.018888888836419752,0.0019444444390432098,0.21916666605787039,9.714271836754518,0.5889644488161743
1256,dish,beras giling masak nasi,178.0,2.1,0.1,40.6,kaggle,0.011797752742709255,0.0005617977496528216,0.2280898863590456,20.999790002099978,0.5645240324316427
1263,komponen,beras ketan hitam,356.0,7.0,0.7,78.0,kaggle,0.01966292129308168,0.001966292129308168,0.21910112298005302,9.999985714306122,0.5910252029551373
1264,dish,beras ketan hitam kukus,181.0,4.0,1.2,37.3,kaggle,0.022099447391715762,0.006629834217514728,0.20607734692774946,3.3333305555578705,0.6141734457686729
1265,dish,beras ketan hitam tape,166.0,3.8,1.0,34.4,kaggle,0.02289156612715924,0.006024096349252432,0.20722891441428365,3.7999962000038003,0.6140767102148496
1266,komponen,beras ketan hitam tumbuk,360.0,8.0,2.3,74.5,kaggle,0.022222222160493826,0.006388888871141975,0.20694444386959876,3.4782593572785405,0.6135068685129299
1268,komponen,beras ketan putih,362.0,6.7,0.7,79.4,kaggle,0.018508287241689816,0.0019337016521168461,0.2193370159686823,9.571414897978718,0.5879113869910674
1269,dish,beras ketan putih kukus,163.0,3.0,0.4,35.7,kaggle,0.018404907862546577,0.0024539877150062104,0.2190184035643043,7.499981250046875,0.5891850992275123
1270,dish,beras ketan putih tape,172.0,3.0,0.5,37.5,kaggle,0.017441860363710114,0.002906976727285019,0.21802325454637644,5.999988000024,0.5882051622071847
1271,komponen,beras ketan putih tumbuk,361.0,7.4,0.8,78.4,kaggle,0.020498614901665886,0.0022160664758557715,0.21717451463386564,9.249988437514453,0.5943551706963881
1274,komponen,beras menir,339.0,7.7,4.4,73.0,kaggle,0.02271386423978211,0.012979350994161207,0.2153392324031291,1.7499996022728175,0.62879819215445
1276,komponen,beras merah tumbuk,359.0,7.5,0.9,77.6,kaggle,0.020891364844313746,0.0025069637813176495,0.21615598825583288,8.333324074084361,0.5964436831626552
1279,komponen,beras pecah kulit,335.0,7.4,1.9,76.2,kaggle,0.02208955217286701,0.005671641774114502,0.2274626858881711,3.8947347922448468,0.6046356875058788
1280,komponen,beras setengah giling,363.0,7.6,1.1,78.3,kaggle,0.020936639060780606,0.003030303021955088,0.21570247874462126,6.909084628104883,0.598146935547599
1285,komponen,bihun,360.0,4.7,0.1,82.1,kaggle,0.013055555519290125,0.0002777777770061729,0.2280555549220679,46.99953000469995,0.5671134123660607
1286,dish,bihun goreng,154.0,3.0,4.5,25.5,kaggle,0.0194805193540226,0.029220779031033903,0.16558441450919212,0.6666665185185514,0.6887479002397858
1290,komponen,biji jambu mete,562.0,21.2,49.6,23.6,kaggle,0.037722419861703875,0.08825622760096757,0.04199288248755715,0.42741934622138417,0.8637755980657685
1291,dish,biji jambu mete goreng,629.0,21.5,56.6,19.8,kaggle,0.03418124000925081,0.08998410160574864,0.031478537310844934,0.3798586505325327,0.8267497696954127
1295,dish,bir 4 alkohol,48.0,0.6,0.0,4.4,kaggle,0.012499999739583339,0.0,0.0916666647569445,600000.0,0.6103562881012677
1297,komponen,bit,42.0,1.6,0.1,9.6,kaggle,0.03809523718820864,0.00238095232426304,0.22857142312925183,15.999840001599983,0.630973569227233
1299,komponen,bonggol pisang,43.0,2.6,0.0,11.6,kaggle,0.06046511487290431,0.0,0.2697674355868038,2600000.0,0.6499906324954778
1300,komponen,bonggol pisang kering,245.0,3.4,0.0,66.2,kaggle,0.013877550963765098,0.0,0.2702040805297793,3400000.0,0.5626830765753169
1301,komponen,bongkrek tempe bungkil,119.0,4.4,3.5,18.3,kaggle,0.036974789605253876,0.02941176445872467,0.1537815113127604,1.2571424979592865,0.7414264938577068
1302,komponen,boros kunci,23.0,1.0,0.8,7.2,kaggle,0.04347825897920613,0.03478260718336491,0.31304346465028415,1.249998437501953,0.669892148812486
1303,komponen,boros laja lengkuas,22.0,1.0,0.3,4.7,kaggle,0.045454543388429844,0.013636363016528952,0.21363635392562028,3.3333222222592593,0.678257061431772
1306,dish,brondong,400.0,4.0,0.7,95.3,kaggle,0.009999999975,0.0017499999956249999,0.238249999404375,5.71427755103207,0.5616224356916872
1308,komponen,buah atung,23.0,0.8,0.2,5.2,kaggle,0.03478260718336491,0.008695651795841227,0.22608694669187188,3.9999800000999994,0.6404676667247207
1312,komponen,buah mentega bisbul,39.0,0.7,0.2,9.7,kaggle,0.017948717488494425,0.005128204996712693,0.24871794234056557,3.499982500087499,0.5881823630909184
1317,komponen,buah nona,101.0,1.7,0.6,25.2,kaggle,0.016831683001666504,0.005940594000588178,0.2495049480247035,2.8333286111189815,0.5874120290259662
1323,komponen,bubur,60.0,1.0,60.0,13.0,kaggle,0.016666666388888893,0.9999999833333336,0.21666666305555562,0.016666666388888893,0.6559431269562466
1327,komponen,bulung jajan,212.0,16.9,0.2,47.6,kaggle,0.07971698075605198,0.0009433962219651122,0.2245283008276967,84.49957750211247,0.6965949711094039
1328,komponen,bulung sangu,237.0,14.7,0.2,56.0,kaggle,0.062025316193986005,0.0008438818529794015,0.23628691883423242,73.49963250183748,0.6665748384327823
1329,komponen,buncis,35.0,2.4,0.2,7.7,kaggle,0.06857142661224495,0.005714285551020414,0.2199999937142859,11.999940000299997,0.6943845859461997
1330,dish,buncis asam,60.0,5.1,0.5,8.5,kaggle,0.08499999858333336,0.008333333194444447,0.1416666643055556,10.199979600040798,0.767502773462993
1337,komponen,buntil,106.0,4.4,6.3,7.9,kaggle,0.04150943357066573,0.05943396170345319,0.07452830118369527,0.6984125875535576,0.9230850762226704
1339,dish,buras,125.7,3.3,1.9,23.9,kaggle,0.026252983084701805,0.015115353897252553,0.19013524112859792,1.7368411911362152,0.654392786481666
1354,komponen,cempedak,116.0,3.0,0.4,28.6,kaggle,0.025862068742568373,0.00344827583234245,0.24655172201248518,7.499981250046875,0.6023397422980823
1356,komponen,centel,332.0,11.0,3.3,73.0,kaggle,0.03313253002068515,0.009939759006205544,0.21987951741000145,3.3333323232326295,0.6426031173621427
1362,komponen,coklat pahit batang,504.0,5.5,52.9,29.2,kaggle,0.010912698391046234,0.10496031725206285,0.057936507821554545,0.10396975228790639,0.7790985277627043
1364,dish,combro,210.0,1.6,6.6,35.8,kaggle,0.0076190475827664405,0.03142857127891156,0.1704761896643991,0.2424242056933022,0.6572206185957414
1365,dish,corned beef,241.0,16.0,25.0,0.0,kaggle,0.06639004121829858,0.10373443940359153,0.0,0.639999974400001,0.7478363834264907
1368,komponen,cue selar kuning,145.0,27.0,2.3,0.0,kaggle,0.18620689526753867,0.01586206885612366,0.0,11.739125330815074,0.5828693075283652
1372,komponen,daging anak sapi,190.0,19.1,12.0,0.0,kaggle,0.10052631526038783,0.06315789440443213,0.0,1.5916665340277891,0.7465398404964326
1373,komponen,daging asap,191.0,32.0,6.0,0.0,kaggle,0.16753926613853787,0.03141361240097585,0.0,5.333332444444593,0.6345146200701814
1374,komponen,daging babi gemuk,457.0,11.6,45.0,0.0,kaggle,0.025382932110759447,0.09846827111932545,0.0,0.25777777204938285,0.6629642865337922
1375,komponen,daging babi kurus,376.0,14.1,35.0,0.0,kaggle,0.03749999990026596,0.09308510613541195,0.0,0.4028571313469391,0.7071629011562548
1376,komponen,daging domba,206.0,17.1,14.8,0.0,kaggle,0.08300970833490434,0.07184465984541427,0.0,1.155405327337478,0.7624669186066941
1377,komponen,daging kambing,154.0,16.6,9.2,0.0,kaggle,0.10779220709225841,0.05974025935233598,0.0,1.8043476299622145,0.7368143798137212
1378,komponen,daging kerbau,84.0,18.7,0.5,0.0,kaggle,0.2226190449688209,0.005952380881519275,0.0,37.399925200149596,0.5468849777599184
1379,komponen,daging kuda,118.0,18.1,4.1,0.9,kaggle,0.15338982920856079,0.03474576241740879,0.007627118579431199,4.414633069601691,0.6766646216643943
1380,komponen,daging sapi,207.0,18.8,14.0,0.0,kaggle,0.09082125559989732,0.06763284991481715,0.0,1.3428570469387824,0.7568439605083223
1382,komponen,daun bawang,29.0,1.8,0.7,5.2,kaggle,0.062068963376932296,0.024137930202140334,0.17931033864447107,2.5714248979644316,0.751242287470846
1386,komponen,daun beluntas,42.0,1.8,0.5,9.4,kaggle,0.042857141836734725,0.0119047616213152,0.22380951848072578,3.5999928000144,0.6645185731497749
1387,komponen,daun cincau,122.0,6.0,1.0,26.0,kaggle,0.04918032746573502,0.008196721244289171,0.21311475235151842,5.999994000006001,0.6726898637167747
1388,komponen,daun gandaria,60.0,3.1,0.3,14.0,kaggle,0.051666665805555574,0.004999999916666668,0.23333332944444451,10.333298889003705,0.6603517968183599
1393,komponen,daun jambu mete muda,73.0,4.6,0.5,16.2,kaggle,0.06301369776693565,0.006849314974666919,0.22191780517920814,9.199981600036798,0.68784932313467
1398,komponen,daun kacang panjang,34.0,4.1,0.4,5.8,kaggle,0.12058823174740495,0.011764705536332193,0.17058823027681677,10.249974375064062,0.7811283052568166
1402,komponen,daun katuk,59.0,4.8,1.0,11.0,kaggle,0.08135593082447574,0.016949152255099114,0.18644067480609028,4.7999952000048,0.7546733092686709
1405,komponen,daun kecipir,47.0,5.0,0.5,8.5,kaggle,0.10638297645993668,0.010638297645993668,0.18085105998189235,9.999980000039999,0.7661085392334702
1406,komponen,daun kedondong,59.0,2.8,0.3,13.4,kaggle,0.047457626314277516,0.005084745676529734,0.22711864021832814,9.333302222325926,0.655841523964795
1407,komponen,daun kelor,82.0,6.7,1.7,14.3,kaggle,0.08170731607674005,0.020731707064247474,0.17439024177572876,3.941174152250499,0.7717927497202653
1409,komponen,daun kemangi,46.0,4.0,0.5,8.9,kaggle,0.08695651984877131,0.010869564981096414,0.19347825666351617,7.999984000032,0.7429010909909607
1413,komponen,daun koro,23.0,3.0,0.3,3.7,kaggle,0.1304347769376184,0.01304347769376184,0.16086955822306268,9.999966666777778,0.7905844435495617
1415,komponen,daun kumak,14.0,1.3,0.3,2.3,kaggle,0.09285713622449028,0.02142856989795929,0.16428570255102123,4.333318888937038,0.7906419023262241
1416,komponen,daun labu siam,60.0,4.0,0.4,4.7,kaggle,0.06666666555555557,0.006666666555555558,0.0783333320277778,9.9999750000625,0.7929835728799298
1417,komponen,daun labu waluh,30.0,3.6,0.6,4.5,kaggle,0.11999999600000014,0.019999999333333355,0.14999999500000016,5.999990000016667,0.8083525057409993
1420,komponen,daun leunca,45.0,4.7,0.5,8.1,kaggle,0.10444444212345685,0.011111110864197537,0.17999999600000008,9.3999812000376,0.7662848475814583
1421,komponen,daun lobak,30.0,2.3,0.4,5.8,kaggle,0.07666666411111119,0.013333332888888903,0.1933333268888891,5.749985625035937,0.7368747263181764
1422,komponen,daun lompong tales,40.0,3.0,0.8,7.4,kaggle,0.07499999812500005,0.019999999500000015,0.18499999537500014,3.749995312505859,0.7550105282469443
1423,komponen,daun mangkokan,54.0,3.7,0.3,11.8,kaggle,0.06851851724965709,0.005555555452674899,0.2185185144718794,12.333292222359262,0.6946972361157691
1425,komponen,daun melinjo,99.0,5.0,1.3,21.3,kaggle,0.050505049994898486,0.013131312998673607,0.21515151297826757,3.8461508875762402,0.6852062928442941
1428,komponen,daun oyong,22.0,1.0,0.1,5.3,kaggle,0.045454543388429844,0.004545454338842985,0.24090907995867816,9.99990000099999,0.6454505744767186
1430,komponen,daun pakis,35.0,4.0,0.3,6.4,kaggle,0.11428571102040827,0.00857142832653062,0.18285713763265324,13.333288889037037,0.7655051804790178
1438,komponen,daun pete cina,128.0,12.0,6.5,12.4,kaggle,0.09374999926757813,0.05078124960327149,0.09687499924316408,1.8461535621302212,0.9128814450503993
1439,komponen,daun pohpohan,37.0,2.5,0.8,6.9,kaggle,0.06756756574141715,0.02162162103725349,0.18648648144631133,3.1249960937548824,0.7480055209325882
1442,komponen,daun semanggi,45.0,4.4,8.0,0.5,kaggle,0.09777777560493833,0.1777777738271606,0.011111110864197537,0.5499999312500087,0.7625830568819604
1446,komponen,daun singkong,73.0,6.8,1.2,13.0,kaggle,0.09315068365547009,0.016438355939200604,0.17808218934133987,5.66666194444838,0.7705045133723452
1450,dish,daun singkong lodeh,55.0,4.0,0.5,8.5,kaggle,0.0727272714049587,0.009090908925619838,0.15454545173553724,7.999984000032,0.7481168884052756
1453,komponen,daun sintrong,36.0,2.6,0.9,6.1,kaggle,0.07222222021604945,0.024999999305555576,0.16944443973765447,2.888885679015912,0.7744925988732012
1456,komponen,daun tales,71.0,4.1,2.1,12.3,kaggle,0.057746478059908755,0.02957746437214839,0.1732394341797263,1.9523800226761794,0.7614534174639946
1459,komponen,daun ubi jalar,47.0,2.8,0.4,10.4,kaggle,0.059574466817564536,0.008510638116794934,0.2212765910366683,6.99998250004375,0.6865810320951807
1460,dish,daun ubi jalar kukus,56.0,3.1,0.3,13.0,kaggle,0.05535714186862247,0.005357142761479593,0.23214285299744905,10.333298889003705,0.667796381963801
1466,komponen,deblo,260.0,2.0,15.0,53.0,kaggle,0.007692307662721894,0.057692307470414206,0.2038461530621302,0.13333332444444504,0.6908793834834766
1468,komponen,dendeng daging sapi,433.0,55.0,9.0,0.0,kaggle,0.12702078492604899,0.02078521935153529,0.0,6.111110432098841,0.6236280882262569
1470,komponen,dideh darah ayam,77.0,13.8,1.9,0.7,kaggle,0.17922077689323668,0.024675324354865916,0.009090908972845337,7.263154072024173,0.639458163651129
1471,komponen,dideh darah sapi,104.0,21.9,1.1,0.0,kaggle,0.21057692105214498,0.010576922975221895,0.0,19.909072809933807,0.5619782494210406
1473,dish,dodol,395.0,3.0,5.7,81.2,kaggle,0.007594936689633072,0.014430379710302838,0.20556961973273516,0.526315697137597,0.5968386807391518
1479,komponen,dodonkol,17.5,3.3,2.3,39.5,kaggle,0.18857141779591896,0.13142856391836777,2.2571427281632723,1.4347819848773977,0.6162890898811797
1483,komponen,duku,63.0,1.0,0.2,16.1,kaggle,0.015873015621063243,0.003174603124212649,0.25555555149911824,4.999975000124999,0.5772216417984805
1484,komponen,durian,134.0,2.5,3.0,28.0,kaggle,0.01865671627868122,0.022388059534417467,0.20895522232122968,0.8333330555556481,0.6446353944591329
1486,komponen,eceng gondok,18.0,1.0,0.2,3.8,kaggle,0.055555552469135974,0.011111110493827195,0.2111110993827167,4.999975000124999,0.691311015925594
1487,dish,embacang,98.0,1.4,0.2,25.4,kaggle,0.014285714139941692,0.002040816305705956,0.25918367082465643,6.999965000174998,0.5701150184134249
1489,dish,empal goreng,590.0,18.5,57.0,0.0,kaggle,0.03135593215024418,0.09661016932777937,0.0,0.3245613978147123,0.6855253618996089
1497,komponen,erbis,70.0,0.6,0.0,18.9,kaggle,0.008571428448979594,0.0,0.2699999961428572,600000.0,0.5501771844186998
1499,dish,es krim coconut milk,156.7,3.0,1.7,32.7,kaggle,0.019144862672974713,0.01084875551468567,0.2086790031354244,1.7647048442912683,0.617193385005361
1500,dish,es mambo,152.0,0.0,0.0,37.6,kaggle,0.0,0.0,0.2473684194252078,0.0,0.5285954792089683
1501,dish,es sirup,44.8,0.0,0.0,11.3,kaggle,0.0,0.0,0.25223213722696125,0.0,0.5285954792089683
1505,dish,gadung kukus,88.0,0.8,0.3,20.9,kaggle,0.009090908987603308,0.00340909087035124,0.23749999730113638,2.6666577778074076,0.5638521156268681
1506,komponen,gadung mentah,101.0,2.1,0.2,23.2,kaggle,0.020792079002058626,0.0019801980001960596,0.2297029680227429,10.499947500262499,0.5912403460505045
1509,komponen,gambas oyong,18.0,0.8,0.2,4.1,kaggle,0.04444444197530878,0.011111110493827195,0.22777776512345746,3.9999800000999994,0.6637955255003481
1510,dish,gambas lodeh,13.0,0.3,0.6,1.6,kaggle,0.023076921301775286,0.04615384260355057,0.1230769136094682,0.49999916666805555,0.7776889066595591
1511,komponen,gandaria,68.0,0.7,0.1,18.0,kaggle,0.010294117495674743,0.0014705882136678205,0.26470587846020766,6.999930000699992,0.5584928369534904
1512,dish,ganyong kukus,100.0,0.8,0.2,23.8,kaggle,0.007999999920000002,0.0019999999800000006,0.23799999762000004,3.9999800000999994,0.5569977294892827
1513,komponen,ganyong mentah,95.0,1.0,0.1,22.6,kaggle,0.01052631567867036,0.0010526315678670362,0.2378947343379502,9.99990000099999,0.5611408652313996
1516,komponen,gaplek,338.0,1.5,0.7,81.3,kaggle,0.004437869809355415,0.0020710059110325267,0.24053254366706348,2.1428540816370263,0.5472089433776244
1520,komponen,gelatine,389.0,0.0,0.0,91.0,kaggle,0.0,0.0,0.23393316135235692,0.0,0.5285954792089683
1521,komponen,gembili,95.0,1.5,0.1,22.4,kaggle,0.015789473518005543,0.0010526315678670362,0.23578947120221608,14.999850001499984,0.5750680882427992
1530,dish,getuk lindri,171.4,4.0,4.0,32.0,kaggle,0.02333722273432192,0.02333722273432192,0.18669778187457536,0.9999997500000625,0.6700168354462778
1533,komponen,ginjal babi,114.0,16.3,4.6,0.8,kaggle,0.14298245488611883,0.0403508768390274,0.007017543798091721,3.543477490548372,0.6960310225971047
1534,komponen,ginjal domba,105.0,16.6,3.3,1.0,kaggle,0.1580952365895692,0.0314285711292517,0.009523809433106578,5.030301505969241,0.6709948820688707
1535,komponen,ginjal sapi,141.0,15.0,8.1,0.9,kaggle,0.10638297796891505,0.05744680810321413,0.006382978678134903,1.851851623228195,0.760136033922929
1536,dish,gudeg,53.0,1.6,1.6,8.8,kaggle,0.03018867867568531,0.03018867867568531,0.1660377327162692,0.9999993750003907,0.7171572875253809
1540,komponen,gula merah tebu belum dimurnikan,356.0,0.4,0.5,90.6,kaggle,0.0011235955024618105,0.001404494378077263,0.25449438130760005,0.7999984000032,0.535550413568524
1554,komponen,hati babi,134.0,19.7,4.8,1.7,kaggle,0.147014924276008,0.035820895255067944,0.01268656706950323,4.1041658116321225,0.7001069583585362
1555,komponen,hati sapi,136.0,19.7,3.2,6.0,kaggle,0.14485294011137545,0.023529411591695505,0.04411764673442907,6.156248076172475,0.750539535140972
1556,komponen,havermout,390.0,14.2,7.4,68.2,kaggle,0.036410256316896775,0.018974358925706772,0.17487179442340567,1.9189186596055863,0.697097398809368
1559,dish,ikan asin bilis goreng,380.0,33.6,27.5,0.0,kaggle,0.08842105239889197,0.07236842086218837,0.0,1.2218181373884314,0.7607997258586751
1560,dish,ikan asin gabus goreng,456.0,46.5,24.4,0.0,kaggle,0.10197368398689982,0.05350877181248076,0.0,1.9057376268140318,0.7321398511877983
1561,dish,ikan asin japuh goreng,348.0,18.7,29.5,0.0,kaggle,0.05373563202949531,0.08477011469893646,0.0,0.6338982835966683,0.7471696614725071
1563,dish,ikan asin pari goreng,430.0,58.2,23.6,0.0,kaggle,0.13534883689453758,0.054883720802596,0.0,2.466101590419424,0.7078106052550135
1564,dish,ikan asin pepetek goreng,652.0,40.4,54.3,0.0,kaggle,0.06196319008901351,0.0832822084612236,0.0,0.7440147192630807,0.7567999804205091
1565,dish,ikan asin sirinding goreng,319.0,6.9,31.7,0.0,kaggle,0.021630093976081212,0.09937304044083686,0.0,0.21766560827553288,0.6473616256409873
1566,dish,ikan asin teri goreng,430.0,33.4,32.4,0.0,kaggle,0.07767441842401297,0.07534883703407247,0.0,1.0308641657140691,0.7642160949024603
1567,komponen,ikan bader tawes,198.0,19.0,13.0,0.0,kaggle,0.09595959547495155,0.06565656532496685,0.0,1.4615383491124347,0.752179640554785
1570,komponen,ikan bandeng,129.0,20.0,4.8,0.0,kaggle,0.15503875848807164,0.037209302037137196,0.0,4.166665798611292,0.6562501642334241
1576,komponen,ikan bawal,96.0,19.0,1.7,0.0,kaggle,0.19791666460503474,0.01770833314887153,0.0,11.176464013844699,0.5853094774182026
1577,komponen,ikan bekasang,138.0,14.0,0.7,7.4,kaggle,0.10144927462717918,0.005072463731358958,0.05362318801722328,19.999971428612245,0.7543097999157461
1580,dish,ikan belut segar goreng,417.0,25.9,19.4,32.0,kaggle,0.06211031160165393,0.046522781663014906,0.0767386089286844,1.335051477574666,0.9334438239994957
1581,komponen,ikan belut segar mentah,82.0,6.7,1.0,10.9,kaggle,0.08170731607674005,0.012195121802498515,0.13292682764723382,6.6999933000067005,0.7818767443537549
1582,komponen,ikan beunteur,66.0,14.0,0.0,0.0,kaggle,0.21212120890725442,0.0,0.0,14000000.0,0.5285954792089683
1595,komponen,ikan ekor kuning,109.0,17.0,4.0,0.0,kaggle,0.1559633013214376,0.036697247369750025,0.0,4.249998937500266,0.6544199832209961
1610,komponen,ikan kembung,103.0,22.0,1.0,0.0,kaggle,0.21359223093599777,0.00970873776981808,0.0,21.999978000022,0.5589819114578858
1613,komponen,ikan layang,109.0,22.0,1.7,0.0,kaggle,0.20183486053362515,0.01559633013214376,0.0,12.941168858135967,0.578298239372687
1616,dish,ikan lele goreng,252.0,19.9,19.1,0.0,kaggle,0.07896825365488788,0.07579365049288235,0.0,1.041884762204986,0.7641490198102749
1617,komponen,ikan lemuru,112.0,20.0,3.0,0.0,kaggle,0.17857142697704084,0.026785714046556126,0.0,6.666664444445185,0.6171059474312202
1621,komponen,ikan mas,86.0,16.0,2.0,0.0,kaggle,0.1860465094645755,0.023255813683071936,0.0,7.999996000002,0.6045526573321737
1622,dish,ikan mas goreng,188.0,19.3,12.2,0.0,kaggle,0.10265957392202354,0.06489361667609778,0.0,1.5819670834453212,0.7469726423775812
1625,dish,ikan mujair dendeng goreng,598.0,74.3,26.9,9.2,kaggle,0.12424749143102426,0.04498327751675037,0.015384615358888602,2.7620816817070004,0.7510557104606215
1637,komponen,ikan pepetek,176.0,32.0,4.4,0.0,kaggle,0.18181818078512396,0.02499999985795455,0.0,7.272725619835086,0.6109276208563745
1648,komponen,ikan segar,113.0,17.0,4.5,0.0,kaggle,0.15044247654475684,0.039823008497141515,0.0,3.777776938271791,0.665496914567575
1649,komponen,ikan selar kering,194.0,38.0,3.5,0.0,kaggle,0.19587628765012224,0.018041237020405995,0.0,10.857139755102926,0.5867940203408198
1652,komponen,ikan sepat kering,289.0,38.0,14.0,0.0,kaggle,0.131487888818381,0.04844290640677195,0.0,2.7142855204081773,0.6982409667707739
1661,komponen,ikan tembang,204.0,16.0,15.0,0.0,kaggle,0.0784313721645521,0.0735294114042676,0.0,1.0666665955555603,0.7639301247301059
1665,komponen,ikan teri bubuk,277.0,60.0,2.3,1.8,kaggle,0.21660649741297294,0.008303249067497295,0.006498194922389188,26.08694517958905,0.5738119407933548
1666,komponen,ikan teri kering,170.0,33.4,3.0,0.0,kaggle,0.19647058707958479,0.017647058719723184,0.0,11.133329622223458,0.5855056021228515
1667,komponen,ikan teri kering tawar,331.0,68.7,4.2,0.0,kaggle,0.2075528694635865,0.012688821713931053,0.0,16.35713896258596,0.5686923435106477
1668,dish,ikan teri nasi kering,144.0,32.5,0.6,0.0,kaggle,0.22569444287712193,0.004166666637731482,0.0,54.16657638903935,0.5413534191469709
1670,komponen,ikan teri tepung,347.0,48.8,6.4,19.6,kaggle,0.14063400535840342,0.01844380398142996,0.05648414969312925,7.6249988085939355,0.7631580108705497
1677,komponen,jagung kuning giling,361.0,8.7,4.5,72.4,kaggle,0.024099722924931514,0.012465373926688715,0.20055401606494735,1.933332903703799,0.6370820967369
1678,komponen,jagung kuning muda,129.0,4.1,1.3,30.3,kaggle,0.031782945490054684,0.010077519301724657,0.23488371910942854,3.153843727812517,0.63414893350787
1679,komponen,jagung kuning pipil baru,307.0,7.9,3.4,63.6,kaggle,0.025732898938980786,0.01107491853070059,0.20716612310369342,2.3235287283739035,0.6344513351480583
1681,komponen,jagung kuning pipil lama,355.0,9.2,3.9,73.7,kaggle,0.025915492884745088,0.010985915462011506,0.20760563321801231,2.3589737541092934,0.634462256580172
1683,komponen,jagung kuning segar,140.0,4.7,1.3,33.1,kaggle,0.03357142833163266,0.009285714219387757,0.23642856973979595,3.615381834321666,0.6353706886192529
1685,komponen,jagung muda,35.0,2.2,0.1,7.4,kaggle,0.06285714106122454,0.002857142775510207,0.2114285653877553,21.99978000219998,0.6836620900930568
1690,komponen,jagung putih giling,361.0,8.7,4.5,72.4,kaggle,0.024099722924931514,0.012465373926688715,0.20055401606494735,1.933332903703799,0.6370820967369
1691,komponen,jagung putih muda,129.0,4.1,1.3,30.3,kaggle,0.031782945490054684,0.010077519301724657,0.23488371910942854,3.153843727812517,0.63414893350787
1692,komponen,jagung putih pipil baru,307.0,7.9,3.4,63.6,kaggle,0.025732898938980786,0.01107491853070059,0.20716612310369342,2.3235287283739035,0.6344513351480583
1693,komponen,jagung putih pipil lama,355.0,9.2,3.9,73.7,kaggle,0.025915492884745088,0.010985915462011506,0.20760563321801231,2.3589737541092934,0.634462256580172
1694,komponen,jagung putih segar,140.0,4.7,1.3,33.1,kaggle,0.03357142833163266,0.009285714219387757,0.23642856973979595,3.615381834321666,0.6353706886192529
1695,dish,jagung rebus,175.0,1.8,1.8,35.0,kaggle,0.010285714226938776,0.010285714226938776,0.19999999885714287,0.9999994444447531,0.5945432619103044
1696,dish,jagung sayur tumis,148.9,10.4,10.4,20.1,kaggle,0.06984553344630266,0.06984553344630266,0.13498992521833497,0.9999999038461632,0.8881999058270658
1698,komponen,jahe,51.0,1.5,1.0,10.1,kaggle,0.029411764129181096,0.0196078427527874,0.1980392118031527,1.4999985000015001,0.6684983558833075
1699,komponen,jali,289.0,11.0,4.0,61.0,kaggle,0.03806228360532082,0.013840830401934843,0.21107266362950636,2.749999312500172,0.6660324592841846
1702,komponen,jambu air,46.0,0.6,0.0,11.8,kaggle,0.013043477977315697,0.0,0.25652173355387536,600000.0,0.5623642704307801
1705,komponen,jambu bol,56.0,0.6,0.3,14.2,kaggle,0.010714285522959187,0.005357142761479593,0.2535714240433674,1.9999933333555557,0.5706642952687435
1706,komponen,jambu monyet buah,64.0,0.7,0.6,15.8,kaggle,0.010937499829101565,0.009374999853515628,0.2468749961425782,1.166664722225463,0.5823453115018562
1708,dish,jamur coklat kulat siau,45.0,2.5,3.9,0.0,kaggle,0.05555555432098769,0.08666666474074079,0.0,0.6410254766601342,0.7479467993216071
1713,dish,jamur putih kulat putih,48.0,2.8,4.1,2.9,kaggle,0.05833333211805558,0.08541666488715281,0.06041666540798614,0.6829266627008139,0.9397277375963627
1719,komponen,jaruk tigarun,48.0,2.5,4.2,0.0,kaggle,0.05208333224826391,0.08749999817708339,0.0,0.5952379535147729,0.7425403177525252
1720,komponen,jawawut,334.0,9.7,3.5,73.4,kaggle,0.029041916080712823,0.010479041884793289,0.21976047838395069,2.7714277795920625,0.6352034157256712
1721,dish,jenang,381.7,9.5,9.5,65.8,kaggle,0.024888655947370563,0.024888655947370563,0.17238669066705084,0.9999998947368532,0.6870274231068976
1723,komponen,jeruk bali,48.0,0.6,0.2,12.4,kaggle,0.012499999739583339,0.004166666579861113,0.258333327951389,2.9999850000749992,0.5712719105110262
1725,komponen,jeruk garut,44.0,0.8,0.3,10.9,kaggle,0.01818181776859505,0.006818181663223144,0.2477272670971076,2.6666577778074076,0.5930579256800155
1727,komponen,jeruk manis,45.0,0.9,0.2,11.2,kaggle,0.019999999555555568,0.0044444443456790154,0.2488888833580248,4.499977500112499,0.5911719547405072
1728,komponen,jeruk nipis,37.0,0.8,0.1,12.3,kaggle,0.02162162103725349,0.002702702629656686,0.3324324234477724,7.9999200007999915,0.5762538978277043
1730,komponen,jotang,32.0,1.9,0.3,7.1,kaggle,0.05937499814453131,0.00937499970703126,0.22187499306640648,6.333312222292593,0.6878632106512224
1735,komponen,kacang andong,356.0,20.5,4.1,61.6,kaggle,0.05758426950116778,0.011516853900233555,0.1730337073791188,4.999998780488102,0.7194264387090881
1736,komponen,kacang arab,330.0,23.8,1.4,60.2,kaggle,0.07212121190266299,0.004242424229568411,0.1824242418714417,16.999987857151535,0.7162676505847614
1740,dish,kacang belimbing rebus,204.0,16.9,8.8,17.5,kaggle,0.08284313684880815,0.043137254690503654,0.08578431330497886,1.920454327221099,0.9081628035885307
1741,komponen,kacang belimbing tempe,212.0,17.5,10.0,12.9,kaggle,0.08254716942194731,0.04716981109825561,0.060849056316749736,1.7499998250000177,0.9235651116962478
1747,komponen,kacang endel biji,331.0,25.0,1.0,58.0,kaggle,0.07552870067816103,0.003021148027126441,0.1752265855733336,24.999975000025003,0.7218256798679066
1751,komponen,kacang gude biji,336.0,20.7,1.4,62.0,kaggle,0.061607142673788265,0.004166666654265873,0.18452380897463153,14.78570372449734,0.6994359294035759
1753,komponen,kacang gude biji muda,114.0,7.0,0.6,20.8,kaggle,0.06140350823330256,0.005263157848568791,0.18245613875038474,11.66664722225463,0.7032024543737349
1754,komponen,kacang gude muda,123.0,8.4,0.6,1.8,kaggle,0.06829268237160421,0.004878048740828872,0.014634146222486617,13.999976666705557,0.6824735518614399
1761,komponen,kacang ijo,345.0,22.2,1.2,62.9,kaggle,0.06434782590044108,0.0034782608594833017,0.18231884005124974,18.499984583346183,0.7032060117395255
1762,dish,kacang kapri goreng,445.0,11.0,11.0,65.5,kaggle,0.024719101068046964,0.024719101068046964,0.14719101090518874,0.9999999090909174,0.7063823270501575
1763,komponen,kacang kapri muda,98.0,6.7,0.4,17.7,kaggle,0.06836734624114953,0.004081632611411912,0.1806122430549771,16.749958125104687,0.7117319310207658
1764,komponen,kacang kedelai basah,286.0,30.2,15.6,30.1,kaggle,0.10559440522519438,0.05454545435473617,0.1052447548767666,1.9358973118014544,0.9096303389664825
1767,dish,kacang kedelai kukus,75.0,4.1,2.1,10.7,kaggle,0.05466666593777778,0.027999999626666675,0.14266666476444448,1.9523800226761794,0.7825717746821196
1775,komponen,kacang merah,336.0,23.1,1.7,59.5,kaggle,0.06874999979538692,0.005059523794465703,0.1770833328062996,13.588227301042766,0.7169614699217317
1785,komponen,kacang panjang,44.0,2.7,0.3,7.8,kaggle,0.061363634969008304,0.006818181663223144,0.17727272324380175,8.999970000100001,0.710435263497928
1786,komponen,kacang panjang biji,357.0,17.3,1.5,70.0,kaggle,0.04845938361776083,0.004201680660499494,0.19607843082330972,11.53332564444957,0.6701994591042132
1788,dish,kacang panjang tumis,150.0,2.5,12.5,7.0,kaggle,0.016666666555555557,0.08333333277777778,0.04666666635555556,0.1999999840000013,0.8141235735396167
1791,komponen,kacang sukro putih,488.0,25.6,25.6,59.6,kaggle,0.05245901628594464,0.05245901628594464,0.12213114729071486,0.9999999609375014,0.8553451831507665
1792,komponen,kacang tanah atom,535.0,27.8,38.1,28.8,kaggle,0.05196261672530352,0.07121495313791598,0.05383177560031444,0.7296587734997698,0.9510267406310797
1794,komponen,kacang tanah kacang sari,561.0,25.5,43.8,26.0,kaggle,0.04545454537352131,0.07807486617098953,0.04634581096908055,0.5821917675298683,0.9106894052592547
1798,komponen,kacang tanah rempeyek,513.0,17.5,32.5,44.3,kaggle,0.03411306036235271,0.06335282638722646,0.08635477566012714,0.5384615218934917,0.8837007288349658
1799,komponen,kacang tanah sangan berselaput,569.0,28.8,48.4,15.8,kaggle,0.050615114146546375,0.08506151127405709,0.027768014010952524,0.5950413100198078,0.8559193281900422
1802,komponen,kacang telur,748.0,20.8,20.8,124.8,kaggle,0.02780748659384026,0.02780748659384026,0.16684491956304154,0.9999999519230792,0.7053721745056052
1804,dish,kacang tolo rebus,138.0,10.7,1.1,22.6,kaggle,0.07753623132220122,0.00797101443499265,0.16376811475530353,9.72726388430556,0.7443586147011181
1805,komponen,kacang tunggak tolo,342.0,22.9,1.4,61.6,kaggle,0.06695906413169864,0.004093567239492493,0.1801169585376697,16.357131173477732,0.7100270355179438
1807,komponen,kacang tunggak rempeyek,451.0,11.2,20.2,59.7,kaggle,0.024833702827419726,0.04478935688516772,0.13237250524972838,0.5544554180962664,0.7687737091165852
1813,komponen,kakap,92.0,20.0,0.7,0.0,kaggle,0.21739130198487716,0.0076086955694707,0.0,28.57138775516035,0.552294398203083
1814,komponen,kalakai,66.0,2.8,6.8,3.4,kaggle,0.04242424178145088,0.10303030146923786,0.05151515073461893,0.4117646453287286,0.8645144121679702
1821,komponen,kangkung,29.0,3.0,0.3,5.4,kaggle,0.10344827229488716,0.010344827229488715,0.1862068901307969,9.999966666777778,0.7605440614252912
1825,dish,kangkung tumis,52.0,1.8,3.6,3.0,kaggle,0.034615383949704155,0.06923076789940831,0.05769230658284026,0.4999998611111497,0.9109129193625252
1827,komponen,kapri muda,42.0,3.3,0.2,9.6,kaggle,0.07857142670068032,0.00476190464852608,0.22857142312925183,16.499917500412497,0.701453948118804
1831,dish,karedok,146.7,5.9,5.9,19.7,kaggle,0.0402181319685199,0.0402181319685199,0.1342876609796342,0.9999998305085033,0.7934799242248813
1833,komponen,karoket,292.0,11.2,11.2,2.8,kaggle,0.038356164252204915,0.038356164252204915,0.009589041063051229,0.9999999107142937,0.8428651597363228
1834,komponen,katak,73.0,16.4,0.3,0.0,kaggle,0.22465753116907491,0.004109588984800151,0.0,54.66648444505185,0.5412393729807059
1835,komponen,katul beras,275.0,12.6,14.8,54.6,kaggle,0.04581818165157025,0.053818181622479346,0.19854545382347108,0.8513512938276152,0.7646176480500466
1836,komponen,katul jagung,356.0,9.0,8.5,64.5,kaggle,0.025280898805390733,0.02387640442731347,0.18117977477196692,1.0588234048443055,0.679492747039616
1840,komponen,kecipir biji,405.0,32.8,17.0,36.5,kaggle,0.08098765412101813,0.04197530853833257,0.0901234565675964,1.929411651211079,0.9020128289996808
1841,komponen,kecipir buah muda,35.0,2.9,0.2,0.8,kaggle,0.08285714048979599,0.005714285551020414,0.022857142204081655,14.499927500362498,0.703183669159225
1846,komponen,keju kacang tanah,590.0,27.0,49.0,20.9,kaggle,0.04576271178684286,0.08305084731686298,0.0354237287535191,0.5510203969179511,0.8754549424205625
1848,komponen,kelapa muda air,17.0,0.2,0.1,3.8,kaggle,0.01176470519031146,0.00588235259515573,0.2235293986159177,1.9999800001999979,0.5802168896446964
1849,komponen,kelapa muda daging,68.0,1.0,0.9,14.0,kaggle,0.014705882136678205,0.013235293923010384,0.20588234991349486,1.1111098765445815,0.6130839964842272
1851,komponen,kelapa tua daging,359.0,3.4,34.7,14.0,kaggle,0.009470752062755565,0.09665738134635828,0.03899721437605233,0.09798270611000846,0.7505175808180364
1852,dish,kelepon,214.0,5.4,5.4,40.2,kaggle,0.025233644741898858,0.025233644741898858,0.18785046641191372,0.9999998148148491,0.6783357387543548
1853,komponen,kelewih,111.0,1.5,0.3,27.2,kaggle,0.01351351339177015,0.00270270267835403,0.24504504283743206,4.999983333388889,0.5721512362157779
1855,komponen,kemang,48.0,1.0,0.2,11.9,kaggle,0.020833332899305567,0.004166666579861113,0.24791666150173625,4.999975000124999,0.592605051539218
1857,komponen,kembang turi,44.0,1.8,0.6,9.6,kaggle,0.04090908997933887,0.013636363326446289,0.21818181322314062,2.9999950000083335,0.6675010442789999
1859,komponen,kenari,657.0,15.0,66.0,13.0,kaggle,0.022831050193560045,0.1004566208516642,0.01978691016775204,0.22727272382920116,0.7390784093737992
1861,komponen,kentang,83.0,2.0,0.1,19.1,kaggle,0.02409638525185078,0.001204819262592539,0.23012047915517497,19.99980000199998,0.5969748212242001
1862,komponen,kentang hitam,142.0,0.9,0.4,33.7,kaggle,0.006338028124380084,0.0028169013886133708,0.2373239419906765,2.2499943750140625,0.5548212415398428
1863,komponen,keong,64.0,12.0,1.0,2.0,kaggle,0.18749999707031256,0.015624999755859379,0.031249999511718758,11.999988000012001,0.6688963460944146
1864,komponen,kepala susu krim,204.0,2.6,20.0,4.0,kaggle,0.012745097976739717,0.09803921520569012,0.019607843041138023,0.12999999350000033,0.7032640724022122
1865,komponen,kepiting,151.0,13.8,3.8,14.1,kaggle,0.09139072787158459,0.02516556274724793,0.09337748282531469,3.6315779916900026,0.8490118893549585
1866,komponen,kerang,59.0,18.0,1.1,3.6,kaggle,0.3050847405917841,0.01864406748060903,0.06101694811835682,16.36362148761683,0.6719055559861413
1885,komponen,kerupuk aci,350.0,0.5,0.2,85.9,kaggle,0.001428571424489796,0.0005714285697959184,0.24542857072734695,2.4999875000624994,0.5343089754593497
1887,komponen,kerupuk ikan berpati,342.0,16.0,0.4,65.6,kaggle,0.04678362559419993,0.0011695906398549983,0.19181286493621968,39.99990000025,0.6609999813794101
1891,komponen,kerupuk kulit kerbau,422.0,83.0,4.0,0.0,kaggle,0.19668246398890413,0.00947867296332068,0.0,20.749994812501296,0.560704953040273
1892,dish,kerupuk melinjo mentah,345.0,12.0,1.5,71.5,kaggle,0.034782608594833016,0.004347826074354127,0.20724637621088007,7.999994666670223,0.6373768090378026
1893,dish,kerupuk melinjo tebal goreng asin,431.0,11.1,16.2,63.0,kaggle,0.025754060265071786,0.03758700687334801,0.14617169339635339,0.6851851428898059,0.741342217876902
1894,dish,kerupuk melinjo tebal goreng manis,439.0,10.0,16.4,65.7,kaggle,0.02277904322829375,0.03735763089440175,0.14965831400988996,0.609756060380728,0.7297907202573973
1895,dish,kerupuk melinjo tipis goreng,485.0,11.5,24.5,59.1,kaggle,0.023711340157296205,0.05051546381337018,0.12185566985184398,0.4693877359433577,0.788764763525023
1897,komponen,kerupuk sayong,46.7,17.3,17.3,81.3,kaggle,0.37044967086831543,0.37044967086831543,1.740899320323355,0.9999999421965351,0.7396903422724244
1898,komponen,kerupuk udang,340.0,30.0,30.0,52.0,kaggle,0.08823529385813149,0.08823529385813149,0.15294117602076124,0.9999999666666678,0.9074026834160474
1899,komponen,kerupuk udang berpati,359.0,17.2,68.2,332.0,kaggle,0.047910863376292856,0.18997214431762635,0.9247910837749552,0.2521994097917975,0.6694836761173344
1902,komponen,kesemek,78.0,0.8,0.4,20.0,kaggle,0.01025641012491782,0.00512820506245891,0.25641025312294546,1.9999950000125002,0.5685516255058491
1905,komponen,ketapang,340.0,11.0,11.0,54.0,kaggle,0.03235294108131488,0.03235294108131488,0.1588235289446367,0.9999999090909174,0.7332842842892847
1906,komponen,ketela pohon kuning,157.0,0.8,0.3,37.9,kaggle,0.005095541368818208,0.001910828013306828,0.2414012723477626,2.6666577778074076,0.5485091780495414
1907,komponen,ketela singkong segar,154.0,1.0,0.3,36.8,kaggle,0.006493506451340867,0.0019480519354022601,0.2389610374093439,3.3333222222592593,0.5526595957618945
1909,komponen,ketimun,12.0,0.7,0.1,2.7,kaggle,0.058333328472222626,0.008333332638888948,0.2249999812500016,6.999930000699992,0.6824127237993701
1912,komponen,ketumbar,404.0,14.1,16.1,54.2,kaggle,0.034900990012621314,0.03985148504987256,0.13415841550950888,0.8757763431194816,0.7813981934579928
1914,dish,ketupat tahu,109.6,2.6,2.6,18.6,kaggle,0.023722627520778947,0.023722627520778947,0.1697080276486494,0.9999996153847632,0.6830893977875416
1917,komponen,kokosan,86.0,1.6,0.2,13.0,kaggle,0.018604650946457548,0.0023255813683071935,0.15116278893996757,7.999960000199999,0.6126649941134115
1919,komponen,kool kembang,25.0,2.4,0.2,4.9,kaggle,0.09599999616000014,0.007999999680000014,0.19599999216000033,11.999940000299997,0.7439907409081836
1920,komponen,kool merah kool putih,24.0,1.4,0.2,5.3,kaggle,0.058333330902777876,0.008333332986111126,0.2208333241319448,6.999965000174998,0.6844704194626486
1921,komponen,kopi bagian yang larut,352.0,17.4,1.3,69.0,kaggle,0.049431818041386875,0.0036931818076898246,0.19602272671584453,13.384605088765316,0.6707269122907213
1924,komponen,koro benguk biji,332.0,24.0,3.0,55.0,kaggle,0.0722891564087676,0.00903614455109595,0.16566265010342576,7.999997333334222,0.7395200106731579
1925,komponen,koro benguk tempe,141.0,10.2,1.3,23.2,kaggle,0.07234042501886223,0.009219858090639304,0.16453900592525528,7.84614781065553,0.740844002897904
1926,komponen,koro kerupuk biji,125.0,8.3,0.7,22.1,kaggle,0.06639999946880001,0.0055999999552,0.17679999858560003,11.857125918391546,0.7151803732012397
1927,komponen,koro loke biji,33.0,2.7,0.2,7.9,kaggle,0.08181817933884306,0.006060605876951338,0.23939393213957785,13.499932500337499,0.7030293168537056
1928,komponen,koro roway biji,344.0,12.5,2.1,69.4,kaggle,0.036337209196694156,0.006104651145044619,0.201744185460046,5.952378117915181,0.6478510523509833
1929,komponen,koro wedus biji,338.0,22.2,1.5,61.0,kaggle,0.06568047317846014,0.004437869809355415,0.1804733722471202,14.79999013333991,0.7088244719372203
1930,komponen,koro wedus buah muda,38.0,3.0,0.3,7.9,kaggle,0.07894736634349037,0.007894736634349036,0.2078947313711913,9.999966666777778,0.7191321252999041
1936,dish,kripik tempe goreng,542.0,40.3,42.4,11.5,kaggle,0.07435424340525047,0.07822878214348933,0.0212177121379747,0.9504716756964228,0.8503448247138075
1937,komponen,krokot,21.0,1.7,0.4,3.8,kaggle,0.08095237709750584,0.01904761814058961,0.1809523723356013,4.249989375026562,0.7625773854299357
1938,komponen,kucai,45.0,2.2,0.3,10.3,kaggle,0.048888887802469166,0.006666666518518522,0.22888888380246927,7.333308888970372,0.6612380524349649
1939,komponen,kucai muda lokio,42.0,3.8,0.6,7.8,kaggle,0.09047618832199551,0.01428571394557824,0.18571428129251713,6.33332277779537,0.7585713438866173
1942,dish,kue apem,186.7,1.6,1.6,39.6,kaggle,0.008569898186556518,0.008569898186556518,0.21210498011727383,0.9999993750003907,0.5814632759331961
1944,dish,kue bugis,240.0,1.0,4.0,54.0,kaggle,0.004166666649305556,0.016666666597222223,0.2249999990625,0.24999993750001562,0.5879965050055472
1947,dish,kue koya,366.0,4.2,4.3,7.9,kaggle,0.011475409804711996,0.011748633847681328,0.021584699394577325,0.9767439588967538,0.895054222411174
1949,dish,kue mangkok,182.0,1.0,1.0,40.4,kaggle,0.0054945054643159045,0.0054945054643159045,0.2219780207583625,0.9999990000010001,0.561949572661164
1950,dish,kue pacar cina,126.7,0.7,0.7,57.3,kaggle,0.005524861834847183,0.005524861834847183,0.45224940448106227,0.9999985714306122,0.545460036170828
1951,dish,kue pia,296.0,1.4,1.4,66.4,kaggle,0.004729729713750913,0.004729729713750913,0.2243243235664719,0.999999285714796,0.5572067362511985
1954,dish,kue satu,393.3,2.7,2.7,79.3,kaggle,0.0068649885408975635,0.0068649885408975635,0.2016272560345099,0.9999996296297667,0.5736766671476621
1955,dish,kue semprong,380.0,1.0,1.0,92.0,kaggle,0.002631578940443213,0.002631578940443213,0.24210526252077563,0.9999990000010001,0.5436403043405971
1957,dish,kue talam,180.0,5.0,5.0,32.0,kaggle,0.02777777762345679,0.02777777762345679,0.17777777679012347,0.99999980000004,0.6969542366343369
1958,dish,kue tambang,512.0,26.0,26.0,60.4,kaggle,0.05078124990081787,0.05078124990081787,0.11796874976959228,0.9999999615384629,0.8557267302917128
1962,komponen,kunyit,63.0,2.0,2.7,9.1,kaggle,0.031746031242126486,0.04285714217687076,0.1444444421516755,0.7407404663924197,0.7684936651303337
1963,komponen,kurakura,83.0,19.1,0.2,0.0,kaggle,0.23012047915517497,0.002409638525185078,0.0,95.49952250238749,0.5359037280434291
1966,komponen,labu air,17.0,0.6,0.2,3.8,kaggle,0.03529411557093438,0.01176470519031146,0.2235293986159177,2.9999850000749992,0.6497667833740703
1968,komponen,labu siam,26.0,0.6,0.1,6.7,kaggle,0.023076922189349144,0.003846153698224858,0.25769229778106545,5.999940000599993,0.5945445476336725
1970,dish,laksa,166.3,2.7,3.9,29.5,kaggle,0.016235718483248836,0.023451593364692762,0.1773902575021632,0.692307514792945,0.6576035845665216
1971,komponen,lamtoro pete cina biji muda,85.0,5.7,0.3,15.4,kaggle,0.06705882274048444,0.0035294117231833913,0.18117646845674745,18.99993666687778,0.7080696012872777
1972,komponen,lamtoro biji tua,148.0,10.6,0.5,26.2,kaggle,0.07162162113769174,0.0033783783555514976,0.17702702583089847,21.199957600084797,0.7165746559945985
1973,komponen,lamtoro tempe,142.0,11.0,2.5,20.4,kaggle,0.0774647881868677,0.017605633678833565,0.1436619708192819,4.399998240000704,0.7843444625813739
1976,komponen,langsat,56.0,0.9,0.2,14.3,kaggle,0.01607142828443878,0.0035714285076530626,0.255357138297194,4.499977500112499,0.5786942349926626
1986,komponen,lemak babi,902.0,0.0,100.0,0.0,kaggle,0.0,0.11086474488817656,0.0,0.0,0.5285954792089683
1989,komponen,lemak kerbau,818.0,1.5,90.0,0.0,kaggle,0.0018337408290541066,0.11002444974324639,0.0,0.016666666481481483,0.5401386907110547
1991,komponen,lemon squasih,36.0,0.0,0.0,10.0,kaggle,0.0,0.0,0.2777777700617286,0.0,0.5285954792089683
1992,komponen,lemonade,30.0,0.0,0.0,8.0,kaggle,0.0,0.0,0.26666665777777804,0.0,0.5285954792089683
1993,dish,lemper,221.3,3.8,3.6,43.4,kaggle,0.017171260654445273,0.016267510093684996,0.19611387168498023,1.0555552623457602,0.6315957167894539
1996,komponen,leunca buah,33.0,1.9,0.1,7.4,kaggle,0.0575757558310377,0.003030302938475669,0.2242424174471995,18.999810001899977,0.6696603421890435
1997,dish,leupeut ketan,240.0,7.8,0.5,51.3,kaggle,0.03249999986458333,0.002083333324652778,0.213749999109375,15.599968800062399,0.6237310372787127
1998,dish,leverwost sosis hati,387.0,16.0,22.0,3.0,kaggle,0.04134366914381481,0.056847545072745365,0.007751937964465276,0.7272726942148775,0.8065792316525151
2000,komponen,lobak,19.0,0.9,0.1,4.2,kaggle,0.04736841855955692,0.005263157617728546,0.22105261994459896,8.999910000899991,0.658747906302406
2003,komponen,lopis,163.3,2.8,2.2,33.0,kaggle,0.017146356294266033,0.013472137088351885,0.20208205632527826,1.2727266942151387,0.6215809400698262
2008,komponen,makaroni,363.0,8.7,0.4,78.7,kaggle,0.023966942082735695,0.0011019283716200321,0.2168044071162413,21.749945625135936,0.6000171091512578
2010,komponen,mangga gedong,44.0,0.7,0.2,11.2,kaggle,0.01590909054752067,0.004545454442148763,0.2545454487603307,3.499982500087499,0.5808505770054287
2011,komponen,mangga golek,63.0,0.5,0.2,16.7,kaggle,0.007936507810531622,0.003174603124212649,0.26507936087175615,2.4999875000624994,0.5569863829746721
2012,komponen,mangga harum manis,46.0,0.4,0.2,11.9,kaggle,0.008695651984877132,0.004347825992438566,0.25869564655009464,1.9999900000499997,0.5624878414387906
2013,komponen,mangga indramayu,72.0,0.8,0.2,18.7,kaggle,0.011111110956790127,0.0027777777391975317,0.2597222186149692,3.9999800000999994,0.5643117640599437
2014,komponen,mangga kopek,56.0,0.4,0.2,14.6,kaggle,0.007142857015306125,0.0035714285076530626,0.26071428105867356,1.9999900000499997,0.5564750585892245
2017,komponen,mangga muda,59.0,0.5,0.4,15.1,kaggle,0.008474576127549557,0.006779660902039647,0.25593219905199666,1.2499968750078125,0.5683626940487084
2019,komponen,manggis,63.0,0.6,0.6,15.6,kaggle,0.009523809372637946,0.009523809372637946,0.24761904368858662,0.9999983333361111,0.5791031064365789
2024,dish,martabak manis,265.3,4.7,5.5,49.3,kaggle,0.017715793374610656,0.020731247566033745,0.1858273645464479,0.854545299173582,0.6497707676585709
2027,dish,martabak telur,200.0,8.9,5.1,29.5,kaggle,0.0444999997775,0.025499999872499998,0.14749999926250001,1.7450976970396674,0.7535757994862393
2031,komponen,melinjo,66.0,5.0,0.7,13.3,kaggle,0.07575757460973372,0.01060606044536272,0.2015151484618917,7.142846938790088,0.7247570255518376
2035,komponen,menteng,65.0,1.7,0.2,16.1,kaggle,0.026153845751479297,0.0030769230295858,0.2476923038816569,8.499957500212497,0.6017786458342795
2036,komponen,merica,359.0,11.5,6.8,64.4,kaggle,0.03203342609461441,0.01894150412551113,0.17938718612984073,1.6911762218858497,0.6842118160228761
2043,dish,mie basah,86.0,0.6,3.3,14.0,kaggle,0.00697674410492158,0.03837209257706869,0.16279069578150354,0.18181812672177977,0.67673840885469
2046,dish,mie goreng,468.0,7.6,20.4,62.4,kaggle,0.016239316204616844,0.043589743496603106,0.13333333304843303,0.3725490013456372,0.7410758664942478
2047,dish,mie kering,337.0,7.9,11.8,50.0,kaggle,0.023442136428955086,0.03501483669135064,0.14836795208199421,0.6694914686871637,0.7274929460638093
2050,komponen,minyak hati hiu eulamia,902.0,0.0,100.0,0.0,kaggle,0.0,0.11086474488817656,0.0,0.0,0.5285954792089683
2059,dish,misro,218.0,0.8,16.0,50.2,kaggle,0.0036697247538086024,0.07339449507617204,0.2302752283014898,0.049999996875000195,0.6916610724619883
2061,komponen,mostarda metan sawi,33.0,2.3,0.5,4.7,kaggle,0.06969696758494037,0.015151514692378344,0.14242423810835644,4.599990800018399,0.7706046595455299
2064,komponen,nanas,52.0,0.4,0.2,13.7,kaggle,0.007692307544378702,0.003846153772189351,0.2634615333949705,1.9999900000499997,0.5582273952315813
2066,komponen,nangka biji,165.0,4.2,0.1,36.7,kaggle,0.025454545300275484,0.0006060606023875116,0.22242424107621675,41.999580004199956,0.6006631844421326
2067,dish,nangka masak di pohon,106.0,1.2,0.3,27.6,kaggle,0.01132075461018156,0.00283018865254539,0.2603773560341759,3.9999866667111115,0.5648610588152848
2068,komponen,nangka muda,51.0,2.0,0.4,11.3,kaggle,0.0392156855055748,0.00784313710111496,0.2215686231064976,4.99998750003125,0.6492128793637961
2072,dish,nasi goreng,276.0,3.2,3.2,30.2,kaggle,0.011594202856542744,0.011594202856542744,0.10942028945862214,0.9999996875000976,0.6522425666295668
2078,dish,nasi uduk,253.3,4.3,21.0,11.7,kaggle,0.016975917816913075,0.08290564515236619,0.04619028801346116,0.20476189501133832,0.8153394874091493
2080,komponen,noga kacang tanah,600.0,14.0,41.7,42.0,kaggle,0.023333333294444446,0.06949999988416668,0.06999999988333333,0.33573140681699265,0.8656173268905889
2085,dish,oncom goreng,363.3,19.3,19.3,40.3,kaggle,0.053124139683115496,0.053124139683115496,0.11092760773210127,0.9999999481865312,0.8745311161392691
2086,dish,oncom hitam goreng,284.0,12.0,14.4,13.6,kaggle,0.04225352097798056,0.05070422517357667,0.047887323775044635,0.833333275462967,0.975055617421507
2087,dish,oncom hitam goreng bertepung,306.7,9.0,18.0,27.0,kaggle,0.029344636356880872,0.058689272713761745,0.08803390907064262,0.49999997222222375,0.8639172365120457
2090,komponen,oncom kedele,187.0,13.0,6.0,22.6,kaggle,0.06951871620578226,0.032085561325745665,0.12085561432697534,2.1666663055556157,0.8364285186224304
2091,dish,oncom merah goreng,368.0,6.8,32.0,13.2,kaggle,0.01847826081935255,0.08695652150283555,0.03586956511991966,0.21249999335937522,0.7943276448189182
2092,dish,oncom merah goreng bertepung,320.0,7.3,18.7,31.0,kaggle,0.022812499928710938,0.05843749981738281,0.09687499969726562,0.39037431067517053,0.8302138654465234
2093,dish,oncom merah sayur tumis,40.0,2.0,2.0,3.0,kaggle,0.04999999875000003,0.04999999875000003,0.07499999812500005,0.99999950000025,0.9326564970298526
2094,dish,oncom pepes,76.0,5.2,1.8,10.6,kaggle,0.06842105173130196,0.023684210214681447,0.1394736823753463,2.888887283951509,0.7941260872469517
2096,dish,ongolongol,115.0,1.5,6.0,14.0,kaggle,0.013043478147448016,0.052173912589792065,0.12173912937618149,0.24999995833334027,0.7595649237322353
2098,komponen,opak singkong,940.0,36.0,42.0,104.0,kaggle,0.038297872299683115,0.044680851016296964,0.11063829775464011,0.8571428367346944,0.8311041482285934
2100,komponen,otak,125.0,10.4,8.6,0.8,kaggle,0.0831999993344,0.0687999994496,0.006399999948800001,1.2093021849648624,0.7895690236767712
2102,komponen,oyek dari singkong,342.0,2.3,0.1,83.1,kaggle,0.006725146179166239,0.00029239765996374957,0.24298245542987584,22.999770002299975,0.5483219214443285
2104,komponen,pala biji,494.0,7.5,36.4,40.1,kaggle,0.015182186204084644,0.07368421037715747,0.08117408890450589,0.20604395038340798,0.8264978800166985
2105,komponen,pala daging,42.0,0.3,0.2,10.9,kaggle,0.00714285697278912,0.00476190464852608,0.2595238033446714,1.4999925000374996,0.5595943744571983
2107,komponen,papais,133.8,3.0,1.6,27.0,kaggle,0.022421524496102206,0.011958146397921178,0.20179372046491986,1.8749988281257324,0.6310850997378159
2110,komponen,paria pare,29.0,1.1,0.3,6.6,kaggle,0.03793103317479196,0.010344827229488715,0.22758619904875174,3.666654444485186,0.649950400339863
2114,komponen,pati singkong tapioka,362.0,0.5,0.3,86.9,kaggle,0.0013812154657977473,0.0008287292794786484,0.2400552479556485,1.6666611111296297,0.5350447799909808
2115,komponen,pecay,23.0,1.8,0.3,4.5,kaggle,0.07826086616257104,0.01304347769376184,0.19565216540642758,5.999980000066667,0.736694739439655
2116,komponen,peda ikan banjar,156.0,28.0,4.0,0.0,kaggle,0.17948717833662065,0.025641025476660095,0.0,6.999998250000437,0.6135992293543456
2128,dish,pepaya lodeh,275.0,11.6,11.6,30.2,kaggle,0.042181818028429754,0.042181818028429754,0.10981818141884298,0.9999999137931109,0.8358029197244721
2129,komponen,pepaya muda,26.0,2.1,0.1,4.9,kaggle,0.08076922766272202,0.003846153698224858,0.18846153121301804,20.999790002099978,0.722726327507354
2132,komponen,permen,400.0,0.0,0.0,95.0,kaggle,0.0,0.0,0.23749999940625,0.0,0.5285954792089683
2133,komponen,pete segar,142.0,10.4,2.0,22.0,kaggle,0.07323943610394763,0.014084506943066852,0.1549295763737354,5.199997400001299,0.7616357850926854
2134,komponen,peterseli,50.0,3.7,1.0,9.0,kaggle,0.07399999852000004,0.01999999960000001,0.17999999640000008,3.6999963000037006,0.7574464282125235
2136,komponen,petis udang,220.0,15.0,0.1,40.0,kaggle,0.06818181787190083,0.0004545454524793389,0.18181818099173555,149.99850001499985,0.7012314858764208
2139,komponen,pilus,514.0,1.0,27.8,647.0,kaggle,0.0019455252880437252,0.05408560300761556,1.2587548613642903,0.03597122172765389,0.5584327601484976
2141,dish,pindang ikan banjar,157.0,28.0,4.2,0.0,kaggle,0.17834394790863728,0.02675159218629559,0.0,6.6666650793654565,0.6171059474312202
2142,dish,pindang ikan benggol,170.0,31.0,4.2,0.0,kaggle,0.18235294010380623,0.02470588220761246,0.0,7.3809506235831845,0.6099128473212272
2143,dish,pindang ikan layang,153.0,30.0,2.8,0.0,kaggle,0.19607843009099066,0.018300653475159127,0.0,10.714281887756469,0.5874834882935815
2144,dish,pindang ikan selar kecil,142.0,27.0,3.0,0.0,kaggle,0.19014084373140253,0.02112676041460028,0.0,8.999997000000999,0.5972318008801809
2146,komponen,pisang ambon,99.0,1.2,0.2,25.8,kaggle,0.012121211998775637,0.0020202019997959397,0.2606060579736762,5.9999700001499985,0.5647318281889055
2150,dish,pisang goreng,220.0,2.3,2.3,6.3,kaggle,0.010454545407024793,0.010454545407024793,0.02863636350619835,0.9999995652175803,0.8270075153060434
2157,komponen,pisang lampung,99.0,1.3,0.2,25.6,kaggle,0.013131312998673607,0.0020202019997959397,0.2585858559738803,6.499967500162499,0.5674167225294925
2158,komponen,pisang mas,127.0,1.4,0.2,33.6,kaggle,0.011023621960443921,0.0015748031372062746,0.26456692705065415,6.999965000174998,0.5605162709296976
2159,komponen,pisang mas bali,127.0,1.4,0.2,31.8,kaggle,0.011023621960443921,0.0015748031372062746,0.25039369881579765,6.999965000174998,0.5622230718161995
2160,komponen,pisang oli,134.0,1.1,0.5,35.5,kaggle,0.00820895516261974,0.0037313432557362445,0.2649253711572734,2.1999956000088,0.559041219321243
2161,komponen,pisang raja,120.0,1.2,0.2,31.8,kaggle,0.009999999916666667,0.001666666652777778,0.2649999977916667,5.9999700001499985,0.5582420592399671
2162,komponen,pisang raja sere susu,118.0,1.2,0.2,31.1,kaggle,0.010169491439241597,0.0016949152398736,0.26355931980034475,5.9999700001499985,0.558876576135224
2164,dish,pisang siam goreng,625.0,1.0,0.0,8.1,kaggle,0.00159999999744,0.0,0.012959999979264,1000000.0,0.6037517110910686
2166,komponen,prey bawang daun,45.0,2.2,0.3,10.3,kaggle,0.048888887802469166,0.006666666518518522,0.22888888380246927,7.333308888970372,0.6612380524349649
2175,dish,putu mayang,200.0,1.0,2.4,43.8,kaggle,0.004999999975,0.01199999994,0.218999998905,0.41666649305562786,0.5793568092483183
2176,komponen,ragi,136.0,43.0,2.4,3.0,kaggle,0.31617646826340834,0.017647058693771627,0.022058823367214535,17.916659201391997,0.6074549324605435
2178,komponen,rambutan,69.0,0.9,0.1,18.1,kaggle,0.013043478071833653,0.0014492753413148502,0.2623188367779879,8.999910000899991,0.5652803496840414
2179,komponen,rambutan aceh,11.0,0.0,0.0,2.7,kaggle,0.0,0.0,0.24545452314049793,0.0,0.5285954792089683
2181,komponen,rambutan sinyonya,4.0,0.0,0.0,0.9,kaggle,0.0,0.0,0.22499994375001406,0.0,0.5285954792089683
2182,komponen,rarawuan,295.0,7.3,8.5,47.5,kaggle,0.024745762627980464,0.028813559224360817,0.16101694860672222,0.8588234283737144,0.7049913718739349
2187,komponen,rebon kering,299.0,29.4,3.6,3.2,kaggle,0.09832775886846903,0.01204013373899621,0.010702341101329964,8.166664398148777,0.6613921174342572
2189,komponen,rebung,27.0,0.6,0.3,5.2,kaggle,0.022222221399176983,0.011111110699588492,0.19259258545953387,1.9999933333555557,0.632374028599909
2196,dish,risoles,335.0,5.3,3.5,70.5,kaggle,0.015820895475161505,0.010447761162842503,0.2104477605658276,1.5142852816327765,0.606954569738701
2198,komponen,roti gambang,350.0,7.5,2.0,75.5,kaggle,0.021428571367346938,0.005714285697959184,0.21571428509795917,3.7499981250009373,0.606736854540987
2206,komponen,saga biji tanpa kulit,449.0,30.6,25.5,31.9,kaggle,0.06815144750968498,0.056792872924737475,0.07104677044310295,1.1999999529411782,0.9686131325971719
2207,komponen,sagu ambon,338.0,0.6,0.3,83.1,kaggle,0.0017751479237421658,0.0008875739618710829,0.24585798743828996,1.9999933333555557,0.5361693316641418
2222,komponen,santan kelapa saja,324.0,4.2,34.3,55.6,kaggle,0.012962962922953819,0.10586419720412284,0.17160493774196006,0.12244897602189576,0.7759168427404124
2244,komponen,sarang burung,281.0,37.5,0.3,32.1,kaggle,0.13345195682045566,0.0010676156545636453,0.11423487503831006,124.99958333472223,0.7652047125730628
2246,komponen,sari kedelai bubuk,344.0,30.0,20.0,43.0,kaggle,0.08720930207206598,0.05813953471471066,0.1249999996366279,1.4999999250000036,0.8987494846464119
2249,dish,sate kulit,110.0,15.5,0.5,11.5,kaggle,0.1409090896280992,0.004545454504132232,0.10454545359504133,30.999938000123997,0.7693782110249643
2252,dish,sate usus,126.7,14.0,7.3,1.3,kaggle,0.11049723669694367,0.057616416277692054,0.010260457693287628,1.9178079564646635,0.7704700069347836
2253,komponen,sawi,22.0,2.3,0.3,4.0,kaggle,0.10454544979338863,0.013636363016528952,0.18181817355371938,7.666641111196296,0.7708829046017424
2257,komponen,sawo,92.0,0.5,1.1,22.4,kaggle,0.005434782549621929,0.011956521609168245,0.2434782582230624,0.4545450413226897,0.5756131874496256
2271,komponen,selada,15.0,1.2,0.2,2.9,kaggle,0.07999999466666702,0.013333332444444505,0.19333332044444532,5.9999700001499985,0.7408022713596824
2272,komponen,selada air,17.0,1.7,0.3,3.0,kaggle,0.0999999941176474,0.01764705778546719,0.17647057785467188,5.666647777840741,0.779495527886117
2273,dish,selada air rebus,19.0,2.7,0.2,2.9,kaggle,0.14210525567867074,0.010526315235457093,0.15263157091412782,13.499932500337499,0.7882123474403646
2274,komponen,seledri,20.0,1.0,0.1,4.6,kaggle,0.04999999750000012,0.004999999750000012,0.22999998850000056,9.99990000099999,0.6589083842943231
2275,komponen,semangka,28.0,0.5,0.2,6.9,kaggle,0.017857142219387778,0.007142856887755111,0.24642856262755133,2.4999875000624994,0.5934042566727443
2277,komponen,sente,64.0,0.6,0.3,14.8,kaggle,0.009374999853515628,0.004687499926757814,0.23124999638671884,1.9999933333555557,0.5690596505399942
2280,komponen,serbuk coklat,298.0,8.0,23.8,48.9,kaggle,0.026845637493806584,0.07986577154407459,0.16409395918089276,0.3361344396582168,0.7913181476674418
2282,komponen,setrup sirup,213.0,0.0,0.0,55.0,kaggle,0.0,0.0,0.25821596122903306,0.0,0.5285954792089683
2285,komponen,singkah rotan muda,81.0,5.1,4.5,5.1,kaggle,0.06296296218564244,0.05555555486968451,0.06296296218564244,1.1333330814815374,0.9807589991513864
2286,dish,singkong goreng,285.0,1.0,18.0,28.0,kaggle,0.003508771917513081,0.06315789451523546,0.09824561369036627,0.055555552469135974,0.7628616525205605
2287,dish,singkong kukus,146.0,1.2,0.3,34.7,kaggle,0.008219178025896041,0.0020547945064740103,0.23767123124882722,3.9999866667111115,0.557778989710574
2288,dish,singkong tape,173.0,0.5,0.1,42.5,kaggle,0.0028901733936984196,0.000578034678739684,0.24566473846436568,4.999950000499995,0.5384236424713342
2289,dish,siomay,95.3,4.4,2.2,14.4,kaggle,0.046169989022350595,0.023084994511175298,0.15110178225496557,1.999999090909504,0.7471851588309264
2290,komponen,sirsak,65.0,1.0,0.3,16.3,kaggle,0.015384615147928998,0.004615384544378699,0.2507692269112427,3.3333222222592593,0.5805105944833893
2297,dish,sop kool,12.0,0.5,0.1,2.0,kaggle,0.04166666319444474,0.008333332638888948,0.16666665277777895,4.999950000499995,0.6854398936824283
2298,dish,sop kool dan wortel,15.0,0.6,0.1,3.1,kaggle,0.03999999733333351,0.006666666222222253,0.20666665288888983,5.999940000599993,0.6546487774556222
2303,dish,soto dengan daging,127.5,2.6,9.4,8.3,kaggle,0.020392156702806617,0.0737254896178393,0.06509803870511342,0.276595715255775,0.853186910034436
2312,dish,soto tanpa daging,117.1,0.4,8.6,9.6,kaggle,0.0034158838307781062,0.07344150236172928,0.08198121193867454,0.046511622498648555,0.7784146019200899
2314,komponen,srikaya,101.0,1.7,0.6,35.2,kaggle,0.016831683001666504,0.005940594000588178,0.3485148480345065,2.8333286111189815,0.5717972096895798
2320,komponen,susu kambing,64.0,4.3,2.3,6.6,kaggle,0.06718749895019532,0.03593749943847657,0.1031249983886719,1.8695644045372153,0.8669021822918743
2324,komponen,susu kerbau,160.0,6.3,12.0,7.1,kaggle,0.03937499975390625,0.07499999953125,0.04437499972265625,0.5249999562500036,0.900799206357143
2325,komponen,susu sapi,61.0,3.2,3.5,4.3,kaggle,0.05245901553345877,0.05737704823972052,0.07049180212308521,0.9142854530612992,0.9577927627964118
2326,komponen,susu skim tak berlemak,36.0,3.5,0.1,5.1,kaggle,0.09722221952160502,0.0027777777006172863,0.1416666627314816,34.999650003499966,0.7603602180672507
2329,komponen,susupan,87.0,5.3,5.2,6.3,kaggle,0.06091953952966046,0.059770114255515934,0.07241379227110584,1.0192305732248896,0.9704371737584299
2330,dish,suweg kukus,90.0,1.5,0.1,21.9,kaggle,0.016666666481481483,0.0011111110987654324,0.24333333062962964,14.999850001499984,0.5760407310871742
2331,komponen,suweg mentah,69.0,1.0,0.1,15.7,kaggle,0.014492753413148502,0.0014492753413148502,0.22753622858643147,9.99990000099999,0.5743319243147351
2334,komponen,tahu,68.0,7.8,4.6,1.6,kaggle,0.11470588066609,0.06764705782871973,0.02352941141868513,1.6956518052930858,0.8191729757519284
2341,dish,tales kukus,120.0,1.5,0.3,28.2,kaggle,0.012499999895833334,0.0024999999791666667,0.23499999804166669,4.999983333388889,0.5707111824320498
2342,komponen,tales mentah,98.0,1.9,0.2,23.7,kaggle,0.01938775490420658,0.002040816305705956,0.2418367322261558,9.499952500237498,0.5852773552082806
2343,komponen,taoco,166.0,10.4,4.9,24.1,kaggle,0.06265060203222529,0.029518072111336918,0.14518072201698362,2.122448546439072,0.7950980228377051
2348,komponen,taokoa,104.0,12.9,6.8,1.2,kaggle,0.12403846034578404,0.06538461475591717,0.011538461427514794,1.8970585445502142,0.7713895381384209
2355,komponen,tebu terubuk,25.0,4.6,0.4,3.0,kaggle,0.18399999264000028,0.015999999360000027,0.11999999520000018,11.499971250071875,0.7836540835708805
2357,komponen,teh,132.0,19.5,0.7,67.8,kaggle,0.14772727160812674,0.005303030262855831,0.5136363597451791,27.857103061281343,0.6788392515352264
2360,komponen,tekokak,34.0,2.0,0.1,7.9,kaggle,0.05882352768166096,0.002941176384083048,0.23235293434256077,19.99980000199998,0.6679022901480818
2363,komponen,telur ayam,162.0,12.8,11.5,0.7,kaggle,0.07901234519128182,0.07098765388279227,0.004320987627648224,1.1130433814744887,0.783055562668943
2364,komponen,telur ayam bagian kuning,361.0,19.3,31.9,0.7,kaggle,0.05346260373002049,0.08836565072474889,0.0019390581663738,0.6050156550151833,0.7530709927768664
2365,komponen,telur ayam bagian putih,50.0,10.8,0.0,0.8,kaggle,0.2159999956800001,0.0,0.01599999968000001,10800000.000000002,0.5764246948807292
2366,komponen,telur ayam ceplok,383.0,15.1,32.9,8.3,kaggle,0.03942558736442405,0.0859007830655332,0.02167101822018011,0.458966551399193,0.815769360099171
2367,komponen,telur ayam dadar,251.0,16.3,19.4,1.4,kaggle,0.06494023878509865,0.07729083634545483,0.005577689220806019,0.8402061422574154,0.7882156956602062
2368,komponen,telur ayam kampung,179.0,13.6,13.3,4.4,kaggle,0.07597765320682875,0.07430167556256048,0.02458100544926813,1.02255631409351,0.8636431772722537
2372,komponen,telur bebek ceplok,320.0,15.1,30.5,0.9,kaggle,0.04718749985253906,0.09531249970214845,0.0028124999912109375,0.4950819509809196,0.7400546437468806
2373,komponen,telur bebek dadar,301.0,20.0,23.7,0.0,kaggle,0.06644518250350438,0.07873754126665268,0.0,0.8438818209332565,0.7617767027531096
2375,komponen,telur bebek telur asin,195.0,13.6,13.6,1.4,kaggle,0.06974358938593031,0.06974358938593031,0.0071794871426692965,0.9999999264705937,0.7989113582639655
2377,komponen,telur penyu,144.0,12.0,10.2,0.0,kaggle,0.08333333275462963,0.07083333284143518,0.0,1.176470472895052,0.7619847781329205
2378,komponen,telur terubuk,425.0,31.0,28.0,10.0,kaggle,0.07294117629896193,0.06588235278615917,0.02352941170934256,1.1071428176020421,0.8655997319493376
2380,komponen,tempe gembus,73.0,5.7,1.3,4.2,kaggle,0.07808219071120287,0.01780821893413399,0.057534245787202114,4.384612011836914,0.836933005573777
2382,dish,tempe goreng,328.0,18.4,23.2,12.8,kaggle,0.0560975608045806,0.07073170710142772,0.039024390124925645,0.79310341409037,0.921875600732798
2384,komponen,tempe kacang belimbing,212.0,17.5,10.0,12.9,kaggle,0.08254716942194731,0.04716981109825561,0.060849056316749736,1.7499998250000177,0.9235651116962478
2391,komponen,tempe pasar segar,150.0,14.0,7.7,9.1,kaggle,0.09333333271111112,0.05133333299111111,0.060666666262222224,1.8181815820543399,0.9123042658879529
2393,dish,tempe sayur,240.0,6.0,2.7,49.3,kaggle,0.024999999895833333,0.011249999953125001,0.20541666581076387,2.2222213991772595,0.6339238351263883
2395,komponen,tempuyak,126.0,1.1,2.2,25.7,kaggle,0.008730158660871758,0.017460317321743517,0.2039682523494583,0.499999772727376,0.6087527861453128
2397,komponen,tepung beras,364.0,7.0,0.5,80.0,kaggle,0.019230769177937448,0.0013736263698526747,0.21978021917642798,13.999972000056,0.5880867052906928
2401,komponen,tepung garut arrowroot,355.0,0.7,0.2,85.2,kaggle,0.0019718309803610392,0.0005633802801031541,0.23999999932394367,3.499982500087499,0.5359807828244525
2402,komponen,tepung hunkwee,364.0,4.5,1.0,83.5,kaggle,0.012362637328674073,0.0027472527397053494,0.2293956037653967,4.4999955000045,0.571991874929556
2403,komponen,tepung ikan,316.0,60.1,6.5,22.4,kaggle,0.19018987281585484,0.020569620188070823,0.07088607572504406,9.246152423668859,0.7474460990084326
2404,komponen,tepung jagung kuning,355.0,9.2,3.9,73.7,kaggle,0.025915492884745088,0.010985915462011506,0.20760563321801231,2.3589737541092934,0.634462256580172
2408,komponen,tepung kentang,347.0,0.3,0.1,85.6,kaggle,0.0008645533116295294,0.0002881844372098431,0.2466858782516257,2.9999700002999967,0.5318833851760715
2411,komponen,tepung sagu,353.0,0.7,0.2,84.7,kaggle,0.001983002827243618,0.0005665722363553194,0.2399433420964778,3.499982500087499,0.5360238851272545
2415,komponen,tepung susu,509.0,24.6,30.0,36.2,kaggle,0.04833005884414527,0.05893909615139667,0.07111984268935198,0.8199999726666676,0.9478036047366337
2416,komponen,tepung susu asam untuk bayi,418.0,19.0,9.0,65.5,kaggle,0.045454545345802524,0.02153110042695909,0.15669856421842449,2.1111108765432363,0.7367037901667342
2417,komponen,tepung susu skim,362.0,35.6,1.0,52.0,kaggle,0.09834254116479961,0.0027624309315954945,0.14364640844296572,35.5999644000356,0.7600678108217293
2427,komponen,terong,24.0,1.1,0.2,5.5,kaggle,0.04583333142361119,0.008333332986111126,0.22916665711805595,5.499972500137499,0.659463638569443
2428,komponen,terong oncom makanan,285.0,4.3,25.7,9.5,kaggle,0.015087719245306247,0.09017543828008617,0.03333333321637427,0.1673151685869584,0.7692881946706253
2429,komponen,terong asam,39.0,2.3,1.9,2.0,kaggle,0.05897435746219596,0.048717947468770575,0.05128204996712693,1.2105256786706955,0.9725859165935872
2430,komponen,terong belanda,48.0,1.5,0.3,11.3,kaggle,0.03124999934895835,0.006249999869791669,0.2354166617621529,4.999983333388889,0.6238913747195546
2432,dish,terong kukus,23.0,1.8,0.1,4.9,kaggle,0.07826086616257104,0.004347825897920613,0.21304346899811005,17.999820001799982,0.707767479200218
2438,komponen,tespong daun,59.0,2.9,0.3,13.9,kaggle,0.04915254153978743,0.005084745676529734,0.2355932163458777,9.666634444551853,0.6552847763244352
2439,dish,tim nasi tim,120.0,2.4,0.4,26.0,kaggle,0.019999999833333334,0.003333333305555556,0.21666666486111114,5.9999850000374995,0.5963451439678276
2445,komponen,toge tahu makanan,392.0,5.4,28.5,28.4,kaggle,0.013775510168940026,0.07270408144718346,0.0724489794070179,0.1894736775623271,0.8255866629747659
2446,dish,toge goreng,93.6,4.4,1.8,15.1,kaggle,0.04700854650631896,0.0192307690253123,0.16132478460123095,2.444443086420508,0.7297851171109373
2447,komponen,toge kacang ijo,23.0,2.9,0.2,4.1,kaggle,0.12608695103969778,0.008695651795841227,0.17826086181474513,14.499927500362498,0.7734790773569432
2448,komponen,toge kacang tunggak,35.0,5.0,0.2,5.8,kaggle,0.14285713877551032,0.005714285551020414,0.16571428097959198,24.999875000624996,0.7751850061698011
2449,komponen,toge kedelai,67.0,9.0,2.6,6.4,kaggle,0.1343283562040544,0.03880596957006016,0.09552238663399423,3.4615371301780264,0.8539970122635036
2451,komponen,tomat air juice segar,20.0,1.0,0.2,3.5,kaggle,0.04999999750000012,0.009999999500000025,0.17499999125000043,4.999975000124999,0.7009479625204538
2452,dish,tomat masak,20.0,1.0,0.3,4.2,kaggle,0.04999999750000012,0.014999999250000036,0.2099999895000005,3.3333222222592593,0.6913252950728038
2458,dish,ubi jalar goreng,160.0,3.7,1.3,55.3,kaggle,0.02312499985546875,0.008124999949218751,0.34562499783984374,2.846151656806418,0.586908192983343
2462,komponen,ubi jalar merah,123.0,1.8,0.7,27.9,kaggle,0.014634146222486617,0.005691056864300351,0.22682926644854254,2.5714248979644316,0.5864817705344315
2464,komponen,ubi jalar putih,123.0,1.8,0.7,27.9,kaggle,0.014634146222486617,0.005691056864300351,0.22682926644854254,2.5714248979644316,0.5864817705344315
2465,dish,ubi jalar rebus,114.0,1.4,9.6,25.6,kaggle,0.012280701646660511,0.08421052557710065,0.22456140153893508,0.1458333181423627,0.725431359532797
2466,komponen,ubi jalar sayur,184.0,1.4,0.3,22.5,kaggle,0.007608695610822306,0.001630434773747637,0.12228260803107278,4.666651111162963,0.5778602067751213
2472,komponen,udang kering,295.0,62.4,2.3,1.8,kaggle,0.21152542301177824,0.007796610143062338,0.006101694894570526,27.130422986772615,0.5721805245392395
2480,komponen,usus sapi,130.0,14.0,7.2,1.5,kaggle,0.10769230686390534,0.05538461495857989,0.011538461449704144,1.9444441743827534,0.7749037096211024
2481,komponen,uwi,101.0,2.0,0.2,19.8,kaggle,0.019801980001960595,0.0019801980001960596,0.1960396020194099,9.999950000249997,0.5979163544299589
2482,komponen,vermicelli,363.0,8.7,0.4,78.7,kaggle,0.023966942082735695,0.0011019283716200321,0.2168044071162413,21.749945625135936,0.6000171091512578
2486,komponen,wijen,568.0,19.3,51.1,18.1,kaggle,0.03397887317961466,0.08996478857400565,0.031866197126996135,0.3776907949571273,0.8273292520235656
2489,dish,worst sosis daging,452.0,14.5,42.3,2.3,kaggle,0.032079645946726444,0.09358407058941577,0.005088495563963505,0.3427895900049743,0.7167719571086424
2494,komponen,yoghurt,52.0,3.3,2.5,4.0,kaggle,0.06346153724112429,0.048076922152366884,0.07692307544378701,1.319999472000211,0.9374667472420061
