id,jenis_makanan,nama_makanan,kalori,protein,lemak,karbohidrat,source
1,komponen,blewah segar,34.0,0.8,0.2,8.2,tkpi
2,komponen,mentimun suri segar,16.0,1.3,0.0,2.1,tkpi
3,dish,nasi tim,120.0,2.4,0.4,26.0,tkpi
4,komponen,akar tonjong segar,45.0,1.1,0.4,10.8,tkpi
5,komponen,aletoge segar,37.0,4.4,0.5,3.8,tkpi
6,komponen,andaliman segar,99.0,4.6,1.0,18.0,tkpi
7,dish,ayam goreng pasundan dada,246.0,37.9,9.0,0.7,tkpi
8,dish,ayam goreng pasundan paha,245.0,33.1,11.4,0.3,tkpi
9,dish,ayam goreng pioneer dada,295.0,37.4,14.7,0.6,tkpi
10,dish,ayam goreng sukabumi dada,244.0,36.7,9.2,1.0,tkpi
11,dish,ayam goreng sukabumi paha,283.0,35.7,14.3,0.5,tkpi
12,dish,ayam usus goreng,473.0,45.2,26.3,13.9,tkpi
13,dish,bayam kukus,30.0,1.3,0.7,5.8,tkpi
14,dish,bayam rebus,23.0,1.2,0.6,3.7,tkpi
15,komponen,bayam segar,16.0,0.9,0.4,2.9,tkpi
16,dish,botok lamtoro,186.0,11.7,9.7,13.0,tkpi
17,dish,brem,249.0,3.4,0.4,58.0,tkpi
18,dish,brongkos,141.0,15.3,3.3,12.6,tkpi
19,dish,buncis rebus,30.0,2.2,0.2,6.4,tkpi
20,komponen,buncis segar,34.0,2.4,0.3,7.2,tkpi
21,komponen,bunga pepaya segar,45.0,2.6,0.3,8.1,tkpi
22,dish,buntil daun talas,141.0,4.4,10.2,8.0,tkpi
23,komponen,caisin segar,20.0,1.7,0.4,3.4,tkpi
24,komponen,daun bangunbangun segar,27.0,1.3,0.6,4.0,tkpi
25,komponen,daun bebuas segar,41.0,2.7,1.0,7.3,tkpi
26,komponen,daun belem segar,50.0,4.4,1.4,7.8,tkpi
27,komponen,daun gelang segar,30.0,1.3,0.7,5.8,tkpi
28,komponen,daun gunda bali segar,50.0,4.6,0.9,7.0,tkpi
29,komponen,daun gunda serang segar,62.0,4.2,0.9,9.2,tkpi
30,komponen,daun jampang segar,34.0,3.8,0.5,5.3,tkpi
31,komponen,daun jonghe segar,27.0,2.1,0.7,4.4,tkpi
32,komponen,daun kacang ma segar,36.0,2.9,0.6,6.8,tkpi
33,dish,daun kacang panjang kukus,40.0,3.7,0.3,8.0,tkpi
34,komponen,daun kacang panjang segar,30.0,3.1,0.3,5.8,tkpi
35,dish,daun katuk rebus,53.0,5.3,0.9,9.1,tkpi
36,komponen,daun katuk segar,59.0,6.4,1.0,9.9,tkpi
37,dish,daun kelor rebus,61.0,6.1,0.9,10.0,tkpi
38,komponen,daun kesum segar,48.0,4.5,0.8,9.1,tkpi
39,komponen,daun kol sawi segar,22.0,2.1,0.5,3.6,tkpi
40,komponen,daun kumak segar,14.0,1.3,0.3,2.3,tkpi
41,komponen,daun lamtoro segar,87.0,8.3,1.8,14.4,tkpi
42,komponen,daun matel ambon segar,71.0,6.8,1.6,11.5,tkpi
43,dish,daun mengkudu kukus,63.0,3.8,1.5,11.5,tkpi
44,komponen,daun mengkudu segar,65.0,4.0,1.7,11.4,tkpi
45,komponen,daun pakis segar,39.0,4.5,0.4,6.9,tkpi
46,komponen,daun pohpohan segar,37.0,2.5,0.8,6.9,tkpi
47,komponen,daun semanggi segar,45.0,4.4,0.5,8.5,tkpi
48,komponen,daun simpur segar,53.0,3.2,2.5,7.6,tkpi
49,komponen,daun singkil segar,68.0,2.0,1.0,15.2,tkpi
50,dish,daun singkong rebus,31.0,3.7,0.6,4.8,tkpi
51,komponen,daun singkong segar,50.0,6.2,1.1,7.1,tkpi
52,komponen,daun sintrong segar,36.0,2.6,0.9,6.1,tkpi
53,dish,daun talas rebus,27.0,1.3,0.2,5.9,tkpi
54,komponen,daun talas segar,59.0,3.0,0.4,13.5,tkpi
55,dish,daun ubi merah kukus,56.0,3.1,0.3,13.0,tkpi
56,komponen,daun ubi merah segar,48.0,3.0,0.3,10.8,tkpi
57,dish,gadogado,137.0,6.1,3.2,21.0,tkpi
58,dish,gudeg sayur,160.0,3.3,9.2,16.0,tkpi
59,komponen,gulai pakis,143.0,4.0,11.4,6.0,tkpi
60,komponen,kacang babi kering,341.0,30.4,3.2,51.3,tkpi
61,komponen,kacang belimbing kecipir kering,400.0,34.4,16.9,34.1,tkpi
62,dish,kacang belimbing kecipir rebus,204.0,16.9,8.8,17.5,tkpi
63,dish,kacang bogor goreng,479.0,12.7,23.2,58.9,tkpi
64,dish,kacang bogor rebus,161.0,7.7,2.8,27.1,tkpi
65,komponen,kacang bogor segar,165.0,7.7,3.1,27.4,tkpi
66,komponen,kacang gude biji kering,316.0,20.7,1.0,58.0,tkpi
67,dish,kacang gude rebus,147.0,9.0,0.5,27.5,tkpi
68,komponen,kacang hijau var bakti kering,350.0,17.1,1.8,70.7,tkpi
69,komponen,kacang hijau var siwalik kering,339.0,20.8,2.1,64.6,tkpi
70,komponen,kacang hijau kering,323.0,22.9,1.5,56.8,tkpi
71,dish,kacang hijau rebus,109.0,8.7,0.5,18.3,tkpi
72,dish,kacang kedelai goreng,521.0,32.2,37.7,22.9,tkpi
73,komponen,kacang kedelai kering,381.0,40.4,16.7,24.9,tkpi
74,dish,kacang kedelai rebus,189.0,20.2,8.2,12.7,tkpi
75,komponen,kacang mekah polong segar,22.0,1.1,1.0,3.4,tkpi
76,dish,kacang panjang kukus,39.0,3.0,0.6,7.6,tkpi
77,dish,kacang panjang rebus,30.0,2.3,0.4,5.8,tkpi
78,komponen,kacang ranti polong,37.0,3.1,0.2,7.9,tkpi
79,dish,kangkung kukus,30.0,3.2,0.7,4.7,tkpi
80,dish,kangkung rebus,22.0,2.5,0.6,3.1,tkpi
81,komponen,kangkung segar,28.0,3.4,0.7,3.9,tkpi
82,dish,karedok sayur,92.0,2.2,3.3,14.1,tkpi
83,komponen,kecombrang segar,34.0,0.9,1.0,6.7,tkpi
84,dish,keripik bayam,586.0,4.9,40.6,50.2,tkpi
85,komponen,ketimun krai segar,10.0,0.5,0.2,2.0,tkpi
86,komponen,ketimun madura segar,9.0,0.5,0.1,1.9,tkpi
87,komponen,ketimun segar,8.0,0.2,0.2,1.4,tkpi
88,dish,ketoprak,153.0,7.9,7.7,13.0,tkpi
89,komponen,kulit melinjo,111.0,4.5,1.1,20.7,tkpi
90,dish,lawar babi masakan,174.0,17.0,10.0,3.0,tkpi
91,dish,lawar penyu masakan,141.0,23.0,1.5,7.6,tkpi
92,dish,paria putih kukus,16.0,0.8,0.2,3.4,tkpi
93,komponen,paria putih segar,19.0,1.0,0.4,3.6,tkpi
94,dish,penyu serapah masakan,174.0,13.1,12.2,2.2,tkpi
95,dish,rawon masakan,60.0,5.4,2.5,4.0,tkpi
96,dish,rendang sapi masakan,193.0,22.6,7.9,7.8,tkpi
97,dish,rujak cingur,153.0,11.3,8.4,8.0,tkpi
98,komponen,sapi abon,212.0,18.0,10.6,59.3,tkpi
99,komponen,sapi abon asli,358.0,14.6,16.1,38.6,tkpi
100,dish,sate penyu masakan,179.0,22.5,3.5,13.3,tkpi
101,komponen,sawi putih pecai segar,9.0,1.0,0.1,1.7,tkpi
102,dish,sayur asem,29.0,0.7,0.6,5.0,tkpi
103,dish,sayur sop,27.0,1.3,2.0,1.0,tkpi
104,komponen,selada air segar,17.0,3.1,0.2,2.2,tkpi
105,dish,selada rebus,19.0,2.7,0.2,2.9,tkpi
106,dish,soto bandung masakan,42.0,3.9,1.7,2.8,tkpi
107,dish,soto betawi masakan,135.0,2.5,8.8,11.5,tkpi
108,dish,soto kudus masakan,38.0,2.6,2.3,1.8,tkpi
109,komponen,soto madura masakan,60.0,3.5,4.5,1.3,tkpi
110,dish,soto padang masakan,127.0,5.9,6.6,11.0,tkpi
111,dish,soto pekalongan masakan,94.0,3.0,6.8,5.1,tkpi
112,dish,soto pemalang masakan,75.0,3.6,5.2,3.5,tkpi
113,dish,soto sukaraja masakan,80.0,3.2,3.5,9.0,tkpi
114,dish,soto sulung masakan,86.0,2.3,8.5,0.0,tkpi
115,dish,taoge goreng,88.0,3.2,2.1,14.0,tkpi
116,dish,taoge seduh,28.0,3.0,0.8,4.0,tkpi
117,komponen,taoge segar,34.0,3.7,1.2,4.3,tkpi
118,komponen,telur ayam ras segar,154.0,12.4,10.8,0.7,tkpi
119,dish,telur ayam dadar masakan,251.0,16.3,19.4,1.4,tkpi
120,dish,telur bebek dadar masakan,301.0,20.0,23.7,0.0,tkpi
121,komponen,terung belanda segar,52.0,2.1,1.1,8.6,tkpi
122,komponen,terung bengkulu segar,52.0,1.1,0.4,11.2,tkpi
123,komponen,terung panjang,25.0,2.1,0.1,5.3,tkpi
124,dish,terung panjang kukus,23.0,1.8,0.1,4.9,tkpi
125,komponen,tomat merah segar,24.0,1.3,0.5,4.7,tkpi
126,komponen,tumis bayam bersantan,48.0,1.4,4.2,2.6,tkpi
127,komponen,uceng bunga melinjo segar,82.0,5.8,1.3,11.7,tkpi
128,dish,wortel kukus,37.0,1.0,0.6,8.3,tkpi
129,dish,wortel rebus,28.0,0.7,0.5,6.3,tkpi
130,komponen,wortel segar,36.0,1.0,0.6,7.9,tkpi
131,dish,kacang merah kering rebus,158.0,10.3,0.9,28.2,tkpi
132,dish,kacang merah segar rebus,144.0,10.0,1.0,24.7,tkpi
133,komponen,kacang merah tua kering,280.0,16.7,1.6,63.2,tkpi
134,komponen,kacang merah kering,314.0,22.1,1.1,56.2,tkpi
135,komponen,kacang merah segar,171.0,11.0,2.2,28.0,tkpi
136,komponen,kacang tanah sangan,560.0,29.5,43.0,24.1,tkpi
137,dish,kacang tanah goreng,564.0,25.5,44.4,25.5,tkpi
138,komponen,kacang tanah kering,525.0,27.9,42.7,17.4,tkpi
139,dish,kacang tanah rebus,220.0,10.6,18.0,8.0,tkpi
140,komponen,kacang tolo tunggak kering,331.0,24.4,1.9,56.6,tkpi
141,dish,kacang tolo tunggak rebus,138.0,10.7,1.1,22.6,tkpi
142,komponen,kacang uci kering,358.0,23.4,2.4,60.6,tkpi
143,komponen,ampas kacang hijau,96.0,3.7,0.6,19.1,tkpi
144,komponen,ampas tahu kukus,75.0,4.1,2.1,10.7,tkpi
145,komponen,ampas tahu mentah,67.0,5.0,2.1,8.1,tkpi
146,komponen,anggur hutan segar,30.0,0.5,0.2,6.8,tkpi
147,komponen,apel malang segar,57.0,0.5,0.4,12.8,tkpi
148,komponen,arrowroot segar,102.0,1.0,0.2,24.1,tkpi
149,komponen,asam arang coklat segar,130.0,0.5,1.1,30.9,tkpi
150,komponen,asam arang merah segar,99.0,0.8,1.6,20.3,tkpi
151,komponen,asam kandis kering,261.0,0.9,1.6,63.3,tkpi
152,komponen,asam kandis segar,75.0,0.2,1.1,16.1,tkpi
153,komponen,asam payak segar,135.0,0.8,0.4,32.1,tkpi
154,dish,ayam goreng church texas dada,338.0,35.2,20.6,0.4,tkpi
155,dish,ayam goreng church texas sayap,295.0,34.0,16.0,1.5,tkpi
156,dish,ayam goreng churchtexas paha,287.0,31.0,15.7,1.7,tkpi
157,dish,ayam goreng kalasan paha,275.0,37.4,12.2,1.3,tkpi
158,dish,ayam goreng kentucky dada,298.0,34.2,16.8,0.1,tkpi
159,dish,ayam goreng kentucky paha,286.0,32.1,16.1,1.1,tkpi
160,dish,ayam goreng kentuckysayap,297.0,35.9,15.2,1.6,tkpi
161,dish,ayam goreng mbok berek dada,295.0,39.2,13.6,1.0,tkpi
162,dish,bagea kw 1,416.0,6.5,9.4,76.3,tkpi
163,dish,bagea kw 2,382.0,0.3,3.5,87.2,tkpi
164,dish,bakpia kue,272.0,8.7,6.7,44.1,tkpi
165,dish,bakwan,280.0,8.2,10.2,39.0,tkpi
166,komponen,bekicot dendeng mentah,441.0,48.7,20.3,15.8,tkpi
167,dish,belitung talas kukus,145.0,1.2,0.4,34.2,tkpi
168,komponen,belitung talas segar,145.0,1.2,0.4,34.2,tkpi
169,dish,belut goreng,417.0,25.9,19.4,32.0,tkpi
170,komponen,belutlaut segar,93.0,12.8,1.5,6.1,tkpi
171,komponen,bentul komba talas segar,98.0,1.6,0.7,20.9,tkpi
172,dish,bentul talas kukus,71.0,2.3,0.3,15.4,tkpi
173,komponen,beras giling var pelita mentah,369.0,9.5,1.4,77.1,tkpi
174,komponen,beras giling var rojolele mentah,357.0,8.4,1.7,77.1,tkpi
175,komponen,beras ketan hitam tumbuk mentah,360.0,8.0,2.3,74.5,tkpi
176,komponen,beras ketan putih tumbuk mentah,361.0,7.4,0.8,78.4,tkpi
177,komponen,beras tumbuk merah mentah,352.0,7.3,0.9,76.2,tkpi
178,dish,bika ambon,199.0,2.1,1.5,44.4,tkpi
179,komponen,biwah segar,51.0,0.3,0.1,12.1,tkpi
180,komponen,buah kom segar,264.0,4.0,1.1,59.6,tkpi
181,komponen,cabai gembor merah segar,38.0,1.6,0.8,6.3,tkpi
182,komponen,carica papaya segar,24.0,1.9,0.2,3.7,tkpi
183,dish,cassavastick,460.0,0.8,18.7,17.2,tkpi
184,dish,ceriping getuk singkong,462.0,1.2,20.7,67.7,tkpi
185,dish,cumicumi goreng,265.0,40.6,10.1,0.0,tkpi
186,komponen,cumicumi segar,75.0,16.1,0.7,0.1,tkpi
187,dish,dendeng belut goreng,382.0,55.7,14.1,8.0,tkpi
188,dish,dendeng mujahir goreng,598.0,74.3,26.9,9.2,tkpi
189,dish,dodol bali,298.0,3.7,2.1,65.9,tkpi
190,dish,dodol kedondong,331.0,1.9,7.6,63.8,tkpi
191,komponen,duwet segar,80.0,0.5,0.6,18.2,tkpi
192,komponen,encung asam segar,122.0,3.5,4.5,17.5,tkpi
193,dish,entingenting gepuk hello kity,538.0,13.6,30.3,52.6,tkpi
194,dish,entingenting gepuk kacang tanah,524.0,13.3,29.2,52.0,tkpi
195,dish,entingenting wijen,565.0,18.2,38.4,36.8,tkpi
196,dish,gadung ubi kukus,88.0,0.6,0.3,20.9,tkpi
197,komponen,gadung ubi segar,100.0,0.9,0.3,23.5,tkpi
198,dish,ganyong rebus,100.0,0.8,0.2,23.8,tkpi
199,komponen,ganyong segar,77.0,0.6,0.2,18.4,tkpi
200,komponen,gatep segar,191.0,4.5,1.5,39.7,tkpi
201,komponen,gembili ubi segar,131.0,1.1,0.2,31.3,tkpi
202,dish,gemblong,274.0,1.7,5.4,55.5,tkpi
203,dish,gendar goreng,407.0,6.4,28.2,32.0,tkpi
204,dish,getuk goreng,360.0,1.3,6.4,74.3,tkpi
205,dish,getuk pisang,144.0,1.1,0.4,34.1,tkpi
206,dish,getuk singkong,204.0,0.5,1.4,47.4,tkpi
207,dish,gurame asem manis masakan,192.0,12.7,10.1,12.7,tkpi
208,dish,gurandil,218.0,0.5,2.5,48.5,tkpi
209,komponen,ikan balong segar,107.0,16.5,3.9,1.5,tkpi
210,komponen,ikan bambangan segar,112.0,20.0,1.3,3.7,tkpi
211,dish,ikan bandeng presto masakan,296.0,17.1,20.3,11.3,tkpi
212,komponen,ikan banjar segar,111.0,19.4,0.9,4.8,tkpi
213,komponen,ikan cakalang asin mentah,198.0,36.5,2.2,5.5,tkpi
214,dish,ikan calo peda mentah,81.0,11.4,1.9,3.8,tkpi
215,komponen,ikan hiu segar,57.0,10.7,0.3,2.2,tkpi
216,komponen,ikan kacangan segar,77.0,15.6,0.9,1.6,tkpi
217,dish,ikan katombo asin,162.0,31.7,2.8,0.3,tkpi
218,komponen,ikan kerukeru segar,93.0,16.5,2.1,0.8,tkpi
219,komponen,ikan lais segar,161.0,11.9,11.5,2.4,tkpi
220,komponen,ikan layur segar,82.0,18.0,1.0,0.4,tkpi
221,komponen,ikan lidah segar,104.0,15.6,3.2,2.0,tkpi
222,dish,ikan mas pepes,209.0,15.2,11.3,11.8,tkpi
223,komponen,ikan mayong segar,97.0,17.9,2.0,0.4,tkpi
224,dish,ikan mujahir goreng,416.0,46.9,23.9,0.0,tkpi
225,dish,ikan mujahir pepes,121.0,21.7,2.8,0.8,tkpi
226,komponen,ikan mujahir dendeng mentah,582.0,68.3,15.2,37.2,tkpi
227,komponen,ikan mujahir segar,89.0,18.7,1.0,0.0,tkpi
228,dish,ikan sale lais mentah,415.0,61.3,17.6,2.9,tkpi
229,komponen,ikan sidat segar,81.0,11.4,1.9,3.8,tkpi
230,komponen,ikan teri segar,74.0,10.3,1.4,4.1,tkpi
231,komponen,ikan teri tepung mentah,347.0,48.8,6.4,19.6,tkpi
232,komponen,ikan tepung mentah,316.0,60.1,6.5,22.4,tkpi
233,dish,intip goreng,474.0,7.6,21.6,62.3,tkpi
234,dish,jagung gerontol,156.0,2.7,1.3,33.3,tkpi
235,komponen,jagung kuning pipil kering mentah,366.0,9.8,7.3,69.1,tkpi
236,dish,jagung kuning pipil rebus,154.0,3.8,3.5,28.4,tkpi
237,komponen,jagung muda kuning mentah,147.0,5.1,0.7,31.5,tkpi
238,dish,jagung muda rebus,142.0,5.0,0.7,30.3,tkpi
239,komponen,jagung pipil var harapan kering,367.0,6.2,5.1,76.2,tkpi
240,komponen,jagung pipil var metro kering,368.0,5.5,4.6,78.0,tkpi
241,dish,jagung titi,374.0,9.4,2.2,79.1,tkpi
242,komponen,jambu biji putih tidak berbiji,61.0,0.9,0.3,15.4,tkpi
243,dish,japilus,500.0,1.2,25.1,67.3,tkpi
244,komponen,jeruk nipis segar,44.0,0.5,0.2,10.0,tkpi
245,komponen,jeruk ragi segar,49.0,0.7,0.2,11.1,tkpi
246,komponen,kaburan ubi segar,133.0,1.0,0.2,32.2,tkpi
247,dish,kacang atom,533.0,27.8,38.1,28.8,tkpi
248,komponen,kacang metebiji jambu monyet goreng,629.0,20.4,56.3,19.8,tkpi
249,dish,kacang sukro,484.0,8.8,26.1,57.7,tkpi
250,dish,kacang tanah sari,561.0,25.5,43.8,26.0,tkpi
251,komponen,kawista segar,120.0,3.5,2.5,20.8,tkpi
252,dish,kecimpring singkong goreng,464.0,1.2,18.6,73.0,tkpi
253,dish,kembang tahu,380.0,48.9,13.8,23.3,tkpi
254,dish,kembang tahu rebus,90.0,10.7,4.0,4.7,tkpi
255,komponen,kentang segar,62.0,2.1,0.2,13.5,tkpi
256,komponen,kerang dendeng mentah,357.0,41.1,10.0,25.6,tkpi
257,komponen,kerang segar,101.0,14.4,2.6,3.9,tkpi
258,dish,keremes,475.0,1.6,25.2,64.4,tkpi
259,komponen,keribang ubi segar,137.0,1.3,1.1,29.8,tkpi
260,dish,keripik gadung,446.0,2.8,14.5,76.0,tkpi
261,dish,keripik lampung,485.0,1.7,22.2,69.7,tkpi
262,dish,keripik oncom,598.0,8.3,43.8,42.6,tkpi
263,dish,keripik singkong,478.0,0.9,20.7,72.0,tkpi
264,dish,keripik singkong berbumbu,481.0,2.2,19.7,73.6,tkpi
265,dish,keripik tempe,581.0,12.1,40.6,41.7,tkpi
266,dish,keripik tempe abadi besar,556.0,15.8,37.1,39.8,tkpi
267,dish,keripik tempe abadi murni,542.0,40.3,42.4,11.6,tkpi
268,dish,keripik tempe abadi prima,540.0,16.7,33.9,42.0,tkpi
269,dish,keripik tempe abadi sedang,510.0,12.3,27.9,52.4,tkpi
270,dish,keripik tempe abadi telur,529.0,20.8,31.7,40.2,tkpi
271,dish,kerupuk kemplang goreng,504.0,5.6,28.1,57.1,tkpi
272,dish,kerupuk kemplang panggang,356.0,9.7,1.1,76.9,tkpi
273,dish,kerupuk mie kuning goreng,476.0,0.1,21.1,71.3,tkpi
274,dish,ketan hitam matang,181.0,4.0,1.2,37.3,tkpi
275,dish,ketan putih matang,163.0,3.0,0.4,35.7,tkpi
276,komponen,ketela pohon singkong segar,154.0,1.0,0.3,36.8,tkpi
277,dish,ketela pohonsingkong kukus,153.0,1.2,0.3,36.4,tkpi
278,dish,ketupat ketan,212.0,4.0,4.6,38.6,tkpi
279,komponen,koro andong kering,356.0,20.5,4.1,61.6,tkpi
280,komponen,koro roay kering,344.0,12.5,2.1,69.4,tkpi
281,komponen,kranji segar,315.0,2.1,1.4,73.5,tkpi
282,dish,kue jahe,425.0,1.6,8.8,84.6,tkpi
283,dish,kue putu cangkir,304.0,5.3,7.0,54.9,tkpi
284,komponen,kuro segar,87.0,16.0,2.2,1.0,tkpi
285,komponen,lamtoro var gung tanpa kulit,367.0,46.4,5.4,32.5,tkpi
286,komponen,lamtoro var lokal dengan kulit,336.0,23.8,1.2,59.7,tkpi
287,dish,lanting getuk,422.0,0.9,10.8,80.4,tkpi
288,dish,lapis legit,389.0,6.6,15.7,55.5,tkpi
289,dish,ledre pisang,405.0,4.8,5.1,84.9,tkpi
290,dish,lempog durian,320.0,3.5,5.7,63.7,tkpi
291,komponen,lontar segar,27.0,0.4,0.2,6.0,tkpi
292,dish,lupis ketan,164.0,1.8,2.1,34.5,tkpi
293,komponen,markisa segar,144.0,3.5,1.2,29.8,tkpi
294,dish,melinjo emping tebal goreng manis,439.0,10.0,16.4,65.7,tkpi
295,dish,melinjo emping tebal goreng asin,431.0,11.1,16.2,63.0,tkpi
296,dish,melinjo emping tipis goreng,485.0,11.5,24.5,59.1,tkpi
297,dish,mi golosor,71.0,0.2,0.8,15.9,tkpi
298,dish,mi kering,339.0,10.0,1.7,6.3,tkpi
299,dish,misoa,345.0,8.5,2.2,78.0,tkpi
300,dish,mujahir acar kuning masakan,330.0,17.8,23.4,12.1,tkpi
301,komponen,nanas segar,40.0,0.6,0.3,9.9,tkpi
302,dish,nasi,180.0,3.0,0.3,39.8,tkpi
303,dish,nasi beras merah,149.0,2.8,0.4,32.5,tkpi
304,dish,nopia spesial,387.0,5.3,7.6,74.3,tkpi
305,komponen,oncom ampas kacang hijau,376.0,14.9,6.0,65.7,tkpi
306,dish,oncom kacang hijau singkong,351.0,11.0,5.3,65.9,tkpi
307,dish,oncom kacang tanah pepes,132.0,12.7,3.8,13.7,tkpi
308,dish,ongolongol sagu,111.0,0.3,2.7,21.2,tkpi
309,dish,pempek belida,156.0,4.2,1.4,31.6,tkpi
310,dish,pempek kelesan,211.0,12.3,6.1,26.6,tkpi
311,dish,pempek tenggiri,173.0,7.2,1.2,33.4,tkpi
312,dish,pencok lele masakan,372.0,7.8,36.3,3.5,tkpi
313,komponen,pepes oncom ampas tahu,76.0,5.2,1.8,10.6,tkpi
314,komponen,petis udang kering,345.0,23.8,1.4,59.3,tkpi
315,komponen,pisang hijau segar,117.0,2.0,0.3,28.9,tkpi
316,komponen,pisang kidang segar,96.0,1.0,0.2,22.5,tkpi
317,komponen,pisang raja sereh segar,108.0,1.3,0.3,28.2,tkpi
318,komponen,pisang rotan segar,98.0,1.3,1.2,20.5,tkpi
319,komponen,pisang uli segar,134.0,1.1,0.5,35.5,tkpi
320,komponen,purut segar,76.0,4.1,1.1,15.2,tkpi
321,dish,rempeyek kacang tanah,513.0,17.5,32.5,44.3,tkpi
322,dish,rempeyek kacang tolo,451.0,11.2,20.2,59.7,tkpi
323,dish,rempeyek kacang uci,497.0,17.0,27.6,50.8,tkpi
324,komponen,rusip,110.0,11.5,2.0,11.7,tkpi
325,komponen,saga merah terkupas mentah,449.0,30.6,25.5,31.9,tkpi
326,komponen,sagu aren kering,355.0,0.6,1.1,85.6,tkpi
327,komponen,salak bali segar,57.0,0.5,0.1,13.6,tkpi
328,komponen,salak pondoh segar,87.0,0.8,0.4,20.1,tkpi
329,dish,sale pisang siam,281.0,2.4,0.7,66.1,tkpi
330,dish,sale pisang cilacap,295.0,2.3,2.1,66.9,tkpi
331,komponen,sawo duren segar,64.0,1.0,3.1,8.0,tkpi
332,komponen,sawo kecik segar,111.0,0.9,2.3,21.6,tkpi
333,dish,serimping talas kebumen,478.0,2.5,21.2,69.2,tkpi
334,komponen,srikaya segar,63.0,1.1,0.5,13.9,tkpi
335,komponen,sukun muda segar,119.0,1.4,0.2,28.1,tkpi
336,komponen,sukun tua segar,126.0,1.6,0.2,24.5,tkpi
337,dish,suweg talas kukus,93.0,1.5,0.1,21.9,tkpi
338,komponen,suweg talas segar,74.0,1.4,0.1,17.2,tkpi
339,dish,suwirsuwir,347.0,0.5,0.9,84.2,tkpi
340,dish,tahu goreng,115.0,9.7,8.5,2.5,tkpi
341,dish,tahu mentah,80.0,10.9,4.7,0.8,tkpi
342,dish,takwa,148.0,13.8,8.5,4.0,tkpi
343,dish,talas bogor kukus,120.0,1.5,0.3,28.2,tkpi
344,komponen,talas bogor segar,108.0,1.4,0.4,25.0,tkpi
345,komponen,talas pontianak segar,163.0,2.3,0.5,36.4,tkpi
346,dish,tapai ketan hitam,166.0,3.8,1.0,34.4,tkpi
347,dish,tapai ketan putih,172.0,3.0,0.5,37.5,tkpi
348,dish,tapai singkong,169.0,1.4,0.3,40.2,tkpi
349,komponen,tauco,184.0,11.4,5.5,22.2,tkpi
350,komponen,tauco cap beruang cake,347.0,7.4,5.2,67.6,tkpi
351,komponen,tauco cap das cake,358.0,7.5,4.3,70.4,tkpi
352,komponen,tauco cap meong,159.0,7.4,4.9,21.3,tkpi
353,dish,tauji cap singa,277.0,9.1,4.7,49.6,tkpi
354,dish,tempe gembus p3g,73.0,5.7,1.3,10.3,tkpi
355,dish,tempe gembus yogya,76.0,6.8,0.7,10.6,tkpi
356,dish,tempe kacang babi,139.0,12.5,0.8,21.9,tkpi
357,dish,tempe kecipir kacang belimbing,212.0,17.5,10.0,12.9,tkpi
358,dish,tempe kedelai jagung,143.0,12.0,5.5,11.4,tkpi
359,dish,tempe kedelai murni goreng,350.0,24.5,26.6,10.4,tkpi
360,dish,tempe kedelai murni mentah,201.0,20.8,8.8,13.5,tkpi
361,dish,tempe lamtoro,128.0,10.7,0.5,21.3,tkpi
362,dish,tempe lamtoro var gung dengan kulit,146.0,11.7,2.3,19.6,tkpi
363,dish,tempe lamtoro var gung tanpa kulit,131.0,18.0,0.8,13.0,tkpi
364,dish,tempe pasar,150.0,14.0,7.7,9.1,tkpi
365,dish,tempe pasar goreng,336.0,20.0,28.0,7.8,tkpi
366,komponen,tepung terigu,333.0,9.0,1.0,77.2,tkpi
367,komponen,terasi,155.0,22.3,2.9,9.9,tkpi
368,dish,teri balado masakan,365.0,23.7,22.3,17.5,tkpi
369,komponen,teripang dendeng mentah,462.0,39.1,32.4,3.5,tkpi
370,dish,tipatipa,355.0,6.2,1.2,79.8,tkpi
371,komponen,ubi jalar manis segar,83.0,1.5,0.2,18.8,tkpi
372,komponen,ubi jalar merah segar,151.0,1.6,0.3,35.4,tkpi
373,dish,ubi jalar tinta kemayung kukus,165.0,0.9,0.2,39.8,tkpi
374,dish,ubi jalar kuning kukus,100.0,0.7,0.3,23.8,tkpi
375,dish,wajit camilan,303.0,6.3,2.7,63.3,tkpi
376,komponen,wani segar,74.0,0.8,0.3,17.1,tkpi
377,dish,widaran,424.0,1.3,10.7,80.7,tkpi
378,dish,wingko babat,355.0,3.2,15.1,51.4,tkpi
379,dish,yangko,254.0,3.0,1.1,58.1,tkpi
380,dish,asinan bogor sayuran,98.0,3.9,2.6,14.8,tkpi
381,dish,ayam ampela goreng,270.0,32.3,11.2,9.9,tkpi
382,komponen,ayam hati segar,261.0,27.4,16.1,1.6,tkpi
383,dish,beef burger,258.0,10.6,9.5,32.5,tkpi
384,dish,beef teriyaki masakan,151.0,8.6,3.1,22.3,tkpi
385,dish,beef yakiniku masakan,132.0,9.8,1.1,20.7,tkpi
386,dish,bihun goreng instan,381.0,6.1,3.9,80.3,tkpi
387,dish,bulgogi masakan,72.0,11.4,4.9,1.4,tkpi
388,dish,cap cai sayur,97.0,5.8,6.3,4.2,tkpi
389,dish,chicken teriyaki masakan,168.0,13.0,9.6,7.5,tkpi
390,dish,chikiniku masakan,143.0,9.8,1.4,22.8,tkpi
391,dish,djibokum masakan,248.0,10.0,2.3,40.9,tkpi
392,dish,empal daging goreng masakan,248.0,36.2,6.9,10.1,tkpi
393,dish,fillet ofish,270.0,12.3,15.9,19.3,tkpi
394,komponen,gulai ikan masakan,106.0,16.5,3.3,2.5,tkpi
395,komponen,jambal goreng,286.0,48.5,9.2,2.3,tkpi
396,dish,kalio ayam masakan,203.0,16.0,13.5,4.4,tkpi
397,dish,kalio jeroan masakan,163.0,16.5,9.0,4.1,tkpi
398,dish,kalio kikil tunjang masakan,122.0,13.8,5.7,3.9,tkpi
399,dish,kalio otak masakan,157.0,8.1,8.8,11.4,tkpi
400,dish,kalio telur masakan,193.0,10.6,12.4,9.7,tkpi
401,dish,kue lumpur,291.0,3.6,11.1,44.1,tkpi
402,dish,kue sus,221.0,7.5,10.2,24.8,tkpi
403,dish,mie ayam,102.0,6.2,3.9,10.5,tkpi
404,dish,mie bakso,114.0,5.3,3.0,16.4,tkpi
405,dish,mie pangsit basah,105.0,5.9,4.9,9.4,tkpi
406,dish,moon tahu,128.0,8.0,10.0,1.3,tkpi
407,dish,nasi rames,155.0,10.3,4.2,19.1,tkpi
408,dish,pastel,307.0,4.5,13.3,42.4,tkpi
409,dish,sapi paru goreng,268.0,23.9,12.7,14.5,tkpi
410,dish,semur jengkol,212.0,6.0,10.0,29.1,tkpi
411,dish,shabushabu,88.0,3.2,8.0,0.8,tkpi
412,dish,sop buntut masakan,71.0,7.5,3.6,2.2,tkpi
413,dish,sop daging sapi masakan,49.0,5.8,0.5,5.3,tkpi
414,dish,sop kaki sapi masakan,68.0,9.0,1.9,3.7,tkpi
415,dish,sop kambing masakan,34.0,5.5,0.8,1.1,tkpi
416,dish,soto jeroan masakan,92.0,11.8,4.3,1.4,tkpi
417,dish,spaghetti,139.0,7.4,2.1,22.6,tkpi
418,dish,sukiyaki masakan,75.0,5.6,0.4,12.2,tkpi
419,dish,tahu telur,328.0,12.6,19.9,24.6,tkpi
420,komponen,abon haruwan,513.0,23.7,37.0,21.3,tkpi
421,komponen,abon ikan,435.0,27.2,20.2,36.1,tkpi
422,dish,amparan tatak,191.0,1.3,5.5,34.0,tkpi
423,dish,anyang sayur,126.0,3.4,7.9,10.3,tkpi
424,dish,apang kukus kue,202.0,3.0,0.3,46.7,tkpi
425,dish,apem kue,148.0,2.0,0.5,33.9,tkpi
426,dish,ares sayur,113.0,0.9,7.2,11.2,tkpi
427,dish,arwan sirsir,277.0,2.4,25.0,10.7,tkpi
428,dish,ayam taliwang masakan,264.0,18.2,20.1,2.7,tkpi
429,dish,babi hutan masak rica masakan,491.0,24.6,16.3,0.2,tkpi
430,dish,bagea kelapa asin,450.0,3.2,13.9,78.1,tkpi
431,dish,bagea kelapa manis,452.0,1.3,13.8,80.6,tkpi
432,dish,bagea kenari asin,529.0,3.2,29.1,63.6,tkpi
433,dish,bagea kenari manis,523.0,3.2,28.2,64.2,tkpi
434,komponen,bakung segar,27.0,2.0,0.2,4.2,tkpi
435,komponen,balichong,152.0,13.2,0.8,22.9,tkpi
436,dish,bantal,190.0,3.3,0.3,43.5,tkpi
437,dish,barongko,159.0,3.1,5.8,23.5,tkpi
438,dish,baruasa,417.0,6.5,8.2,79.3,tkpi
439,dish,batar daan,107.0,2.2,2.2,19.6,tkpi
440,komponen,batatas gembili segar,76.0,1.1,0.9,16.0,tkpi
441,dish,batatas kelapa ubi bakar,110.0,1.4,1.1,23.4,tkpi
442,dish,batatas kelapa ubi kukus,92.0,1.2,0.3,21.0,tkpi
443,komponen,batatas kelapa ubi segar,89.0,1.1,0.1,21.0,tkpi
444,dish,batatas tali ubi rebus,182.0,2.4,0.4,42.2,tkpi
445,komponen,bayam merah segar,41.0,2.2,0.8,6.3,tkpi
446,komponen,bebek alabio daging segar,303.0,11.3,27.0,3.7,tkpi
447,dish,bebek daging goreng,300.0,24.0,20.7,4.5,tkpi
448,dish,beberuk,65.0,1.1,5.2,3.5,tkpi
449,komponen,bekasam,116.0,11.9,4.9,6.1,tkpi
450,komponen,bekasang,78.0,11.4,2.0,3.6,tkpi
451,komponen,belibis daging segar,131.0,20.2,4.3,2.8,tkpi
452,komponen,belut segar,70.0,14.6,0.8,1.0,tkpi
453,komponen,beras giling mentah,357.0,8.4,1.7,77.1,tkpi
454,komponen,beras hitam mentah,351.0,8.0,1.3,76.9,tkpi
455,komponen,beras jagung kuning kering mentah,358.0,5.5,0.1,82.7,tkpi
456,komponen,beras jagung putih kering mentah,307.0,4.8,0.1,71.8,tkpi
457,komponen,beras ladang mentah,376.0,7.5,3.8,78.0,tkpi
458,komponen,beras tumbuk mentah,354.0,7.8,0.4,79.9,tkpi
459,dish,betok wadi masakan,145.0,16.3,7.0,4.1,tkpi
460,dish,biji nangkabiji salak,262.0,2.3,5.4,51.1,tkpi
461,dish,bingka,273.0,5.3,10.6,39.1,tkpi
462,dish,bobengka,225.0,5.3,2.6,45.2,tkpi
463,dish,bolu peca,197.0,3.3,4.6,35.6,tkpi
464,dish,bou ninahu ndamate masakan,79.0,6.3,1.0,1.1,tkpi
465,dish,bouiki ninahu nggaluku masakan,94.0,7.8,2.2,10.8,tkpi
466,komponen,buah kelenting segar,110.0,1.4,2.1,21.4,tkpi
467,komponen,buah kelor,38.0,1.5,0.2,7.5,tkpi
468,komponen,buah merah,87.0,2.6,2.7,13.1,tkpi
469,komponen,buah negri segar,55.0,1.2,0.1,12.2,tkpi
470,komponen,buah rotan segar,78.0,0.6,0.3,18.2,tkpi
471,komponen,buah rukam segar,113.0,0.8,0.3,26.8,tkpi
472,komponen,buah ruruhi segar,29.0,2.1,0.7,3.6,tkpi
473,komponen,buah tuppa segar,67.0,0.4,0.2,15.9,tkpi
474,komponen,buaya daging dendeng mentah,365.0,49.6,4.8,30.8,tkpi
475,dish,bubur sagu,167.0,0.2,4.0,33.0,tkpi
476,dish,bubur tinotuan manado,156.0,2.3,0.2,15.6,tkpi
477,dish,cakalang asar asap papua,155.0,20.1,3.8,10.2,tkpi
478,dish,cake tape,323.0,4.9,11.5,50.1,tkpi
479,dish,cammetutu,102.0,3.2,6.0,8.7,tkpi
480,dish,cangkuning,204.0,2.8,7.5,31.4,tkpi
481,dish,coto mangkasara kuda masakan,96.0,6.8,5.9,3.8,tkpi
482,dish,coto mangkasara sapi masakan,84.0,6.0,6.0,1.4,tkpi
483,komponen,daun bawang merah segar,41.0,2.0,0.3,7.8,tkpi
484,komponen,daun gedi besar segar,58.0,2.9,0.7,10.0,tkpi
485,komponen,daun gedi kecil segar,61.0,3.2,0.7,10.4,tkpi
486,komponen,daun jawaw seluang segar,93.0,5.0,1.3,15.3,tkpi
487,komponen,daun kasbisingkong karet segar,92.0,4.0,3.6,10.9,tkpi
488,komponen,daun kelor segar,92.0,5.1,1.6,14.3,tkpi
489,komponen,daun kubis segar,51.0,2.5,1.1,8.0,tkpi
490,komponen,daun leilem segar,76.0,2.8,0.2,15.8,tkpi
491,komponen,daun ndusuk segar,166.0,1.7,0.5,38.8,tkpi
492,komponen,daun pakis longgiho segar,54.0,2.2,3.6,3.1,tkpi
493,komponen,daun pakis wambateu segar,53.0,3.4,1.2,7.2,tkpi
494,komponen,daun paku segar,29.0,3.4,0.1,6.5,tkpi
495,komponen,daun pangisegar,104.0,3.9,0.6,17.9,tkpi
496,komponen,daun pare segar,49.0,2.7,1.0,8.4,tkpi
497,komponen,daun selasih segar,62.0,4.0,0.5,10.5,tkpi
498,komponen,daun singkong ampenan segar,50.0,6.2,1.1,7.1,tkpi
499,komponen,daun singkong kopang segar,74.0,6.3,0.7,10.7,tkpi
500,komponen,daun ubi kuning segar,62.0,3.7,0.3,11.1,tkpi
501,komponen,daun ubi putih segar,46.0,2.8,0.2,8.2,tkpi
502,komponen,daun ubi tinta segar,55.0,1.7,0.1,11.9,tkpi
503,dish,dodol banjarmasin,368.0,2.6,8.6,70.0,tkpi
504,dish,dodol galamai,348.0,0.4,3.8,76.1,tkpi
505,dish,dodol manado,373.0,4.3,16.5,51.9,tkpi
506,dish,dodol nanas,338.0,1.5,1.2,80.3,tkpi
507,dish,emping beras,403.0,10.6,2.2,85.3,tkpi
508,dish,emping komak,355.0,17.8,4.6,60.7,tkpi
509,komponen,gadenggadung kering,322.0,2.4,0.6,76.6,tkpi
510,dish,geplak,350.0,1.4,14.4,53.6,tkpi
511,dish,geplak jahe,462.0,3.1,24.4,57.7,tkpi
512,dish,gete kuah asam masakan,75.0,8.2,2.0,6.0,tkpi
513,komponen,gulai asam keueung masakan,52.0,10.0,0.5,1.8,tkpi
514,komponen,gulai ikan paya masakan,148.0,10.0,9.8,5.0,tkpi
515,komponen,gulai kambing,126.0,4.2,9.4,6.2,tkpi
516,komponen,gulai pliek,176.0,7.3,14.9,3.2,tkpi
517,komponen,gulai tiram masakan,132.0,9.0,7.2,7.8,tkpi
518,komponen,hofaubi hutan segar,127.0,1.2,0.5,29.5,tkpi
519,dish,ikan asar merah masakan,146.0,17.7,5.9,5.6,tkpi
520,komponen,ikan baronang segar,78.0,14.5,0.6,3.7,tkpi
521,komponen,ikan batung segar,115.0,14.5,4.6,4.2,tkpi
522,dish,ikan baung bakar,144.0,17.8,5.8,5.2,tkpi
523,komponen,ikan baung segar,123.0,15.1,5.5,3.3,tkpi
524,dish,ikan belida bakar,128.0,18.0,3.0,7.2,tkpi
525,komponen,ikan belida segar,80.0,14.7,1.4,2.2,tkpi
526,komponen,ikan biawan segar,90.0,14.9,2.5,2.1,tkpi
527,komponen,ikan bili segar,88.0,14.2,0.7,6.2,tkpi
528,komponen,ikan bubara segar,100.0,14.7,2.4,4.9,tkpi
529,komponen,ikan bulanbulan segar,134.0,25.5,1.3,5.0,tkpi
530,komponen,ikan cakalang asap mentah,204.0,34.2,5.6,1.9,tkpi
531,komponen,ikan cakalang hati segar,120.0,11.3,3.9,10.0,tkpi
532,komponen,ikan cakalang jantung segar,116.0,11.2,1.2,10.2,tkpi
533,komponen,ikan cakalang perut segar,86.0,10.2,1.1,8.7,tkpi
534,komponen,ikan daun segar,101.0,11.5,4.1,4.6,tkpi
535,komponen,ikan ekor kuning segar,108.0,22.3,1.2,2.1,tkpi
536,komponen,ikan gabus asap mentah,261.0,38.1,2.3,21.9,tkpi
537,komponen,ikan gabus segar,80.0,16.2,0.5,2.6,tkpi
538,dish,ikan gete goreng,267.0,23.1,19.4,0.2,tkpi
539,komponen,ikan heu segar,81.0,10.0,1.6,6.6,tkpi
540,komponen,ikan hitam segar,101.0,10.3,3.7,6.7,tkpi
541,dish,ikan hiu kering,298.0,46.3,3.6,20.2,tkpi
542,komponen,ikan kakatua segar,82.0,11.4,1.2,6.4,tkpi
543,komponen,ikan kalaban segar,77.0,16.4,0.7,1.3,tkpi
544,komponen,ikan kamera segar,86.0,19.7,0.8,0.0,tkpi
545,komponen,ikan kapar segar,132.0,17.0,6.7,0.8,tkpi
546,komponen,ikan kawalinya segar,110.0,12.6,4.2,5.4,tkpi
547,dish,ikan kayu kering,302.0,70.7,1.9,0.4,tkpi
548,komponen,ikan kima segar,70.0,10.8,0.7,5.2,tkpi
549,dish,ikan lais bakar,147.0,17.5,6.5,5.4,tkpi
550,komponen,ikan lehoma segar,90.0,20.4,0.9,0.0,tkpi
551,komponen,ikan lomak asin mentah,258.0,40.3,2.3,18.9,tkpi
552,komponen,ikan malalugis segar,99.0,20.6,1.4,0.9,tkpi
553,komponen,ikan mamar merah segar,115.0,15.3,4.0,4.4,tkpi
554,komponen,ikan nasu metti segar,154.0,16.8,5.0,10.5,tkpi
555,komponen,ikan oci kembung segar,125.0,21.3,3.4,2.2,tkpi
556,dish,ikan papuyu bakar,152.0,17.6,6.1,6.7,tkpi
557,komponen,ikan papuyu betok segar,120.0,14.3,4.9,4.6,tkpi
558,dish,ikan patin bakar,144.0,17.5,6.3,4.3,tkpi
559,komponen,ikan patin segar,132.0,17.0,6.6,1.1,tkpi
560,komponen,ikan pomo segar,147.0,22.5,5.2,2.6,tkpi
561,komponen,ikan puntin segar,76.0,14.4,1.1,2.2,tkpi
562,komponen,ikan saluang kering mentah,284.0,34.1,9.9,14.6,tkpi
563,komponen,ikan saluang segar,113.0,13.9,4.9,3.4,tkpi
564,dish,ikan sanggang masakan,240.0,21.7,7.7,20.7,tkpi
565,komponen,ikan sarden segar,109.0,19.9,1.8,3.4,tkpi
566,komponen,ikan sepat segar,84.0,15.2,0.6,4.7,tkpi
567,komponen,ikan sunu asin mentah,199.0,34.1,3.8,7.1,tkpi
568,komponen,ikan sunu segar,111.0,13.3,3.4,6.7,tkpi
569,komponen,ikan tahuman segar,88.0,15.9,0.9,4.1,tkpi
570,komponen,ikan tarmon segar,96.0,19.5,1.1,2.0,tkpi
571,komponen,ikan telan segar,95.0,15.8,0.7,6.5,tkpi
572,komponen,ikan tempahas segar,101.0,15.1,4.1,1.0,tkpi
573,komponen,ikan terbang segar,98.0,19.6,1.7,1.0,tkpi
574,komponen,ikan titang segar,82.0,17.4,0.4,2.3,tkpi
575,komponen,ikan tongkol segar,100.0,13.7,1.5,8.0,tkpi
576,komponen,ikan turi segar,96.0,19.2,2.0,0.2,tkpi
577,komponen,ikan cakalang segar,107.0,19.6,0.7,5.5,tkpi
578,komponen,ikan telur asin mentah,358.0,20.7,26.4,9.4,tkpi
579,komponen,itik alabio daging dendeng mentah,496.0,30.3,33.5,18.4,tkpi
580,komponen,jambu bol segar,49.0,2.3,0.2,9.6,tkpi
581,komponen,jamur encik,296.0,9.4,1.1,62.0,tkpi
582,komponen,jamur sagu,48.0,1.9,3.2,2.8,tkpi
583,dish,jangang bintatoeng masakan,107.0,5.3,2.2,16.5,tkpi
584,komponen,jengkol segar,192.0,5.4,0.3,40.7,tkpi
585,komponen,jeruk banjar segar,61.0,0.8,0.2,14.1,tkpi
586,dish,jukku pallu kaloa masakan,15.0,15.2,4.3,8.8,tkpi
587,komponen,kabau segar,130.0,6.7,0.3,25.2,tkpi
588,dish,kabuto,250.0,2.6,2.5,35.4,tkpi
589,komponen,kacang beracun segar,118.0,4.4,1.5,21.6,tkpi
590,komponen,kacang ercis segar,129.0,12.4,0.7,18.3,tkpi
591,dish,kacang goyang,516.0,14.7,31.1,44.4,tkpi
592,komponen,kacang hitam kering,346.0,16.6,1.7,66.1,tkpi
593,komponen,kacang kincai kering,444.0,19.9,16.0,55.0,tkpi
594,komponen,kacang komak segar,327.0,16.4,4.3,55.8,tkpi
595,komponen,kacang kuning kering,355.0,17.0,2.5,66.0,tkpi
596,komponen,kacang lebui iris kering,346.0,16.5,1.5,66.6,tkpi
597,komponen,kacang mentega kering,344.0,16.7,2.1,64.6,tkpi
598,komponen,kacang merahbanda kering,350.0,13.9,3.0,66.9,tkpi
599,komponen,kacang metebiji jambu monyet segar,616.0,16.3,48.4,28.7,tkpi
600,dish,kacang negara,480.0,18.4,19.1,58.5,tkpi
601,komponen,kacang panjang segar,31.0,2.3,0.1,5.3,tkpi
602,komponen,kacang tunis kering,351.0,12.2,1.2,72.9,tkpi
603,komponen,kacang urei kering,354.0,12.8,1.8,69.3,tkpi
604,dish,kadada katembe,110.0,4.5,6.9,7.1,tkpi
605,dish,kaholeo masakan,413.0,28.7,19.8,29.8,tkpi
606,dish,kakicak,296.0,3.4,15.1,36.7,tkpi
607,komponen,kalakai segar,38.0,2.4,0.2,6.6,tkpi
608,dish,kambose,164.0,3.0,2.4,32.6,tkpi
609,komponen,kangkung tondano,43.0,1.8,0.2,8.4,tkpi
610,dish,kaparende sayur,38.0,2.4,2.0,2.6,tkpi
611,dish,kapurung,41.0,2.0,0.3,7.8,tkpi
612,dish,kapusa,158.0,4.4,3.2,27.8,tkpi
613,komponen,karawila,25.0,2.3,0.2,3.5,tkpi
614,dish,keddo bodong,290.0,4.6,5.7,55.2,tkpi
615,komponen,kedondong segar,47.0,0.5,0.2,10.4,tkpi
616,komponen,kelapa hutan kering,623.0,2.0,52.1,36.5,tkpi
617,dish,kelepon kue,215.0,3.7,3.7,41.8,tkpi
618,komponen,kenari banda kering,616.0,13.9,56.2,13.7,tkpi
619,komponen,kerang asap mentah,393.0,38.9,13.3,29.4,tkpi
620,dish,kereput,580.0,4.8,39.6,51.1,tkpi
621,dish,keripik kentang,448.0,2.7,18.8,67.1,tkpi
622,dish,keripik ubi,486.0,0.2,23.9,67.6,tkpi
623,dish,kerupuk cumi goreng,444.0,6.9,14.6,71.3,tkpi
624,dish,kerupuk kemplang ikan mentah,325.0,1.8,0.4,78.5,tkpi
625,dish,kerupuk udang goreng,477.0,4.7,20.5,68.5,tkpi
626,dish,kerupuk urat,588.0,53.7,40.9,1.2,tkpi
627,dish,ketupat kandangan,109.0,2.2,5.2,13.4,tkpi
628,komponen,komak polong segar,99.0,3.3,0.1,21.2,tkpi
629,komponen,komak segar,99.0,3.3,0.1,21.2,tkpi
630,dish,kotiu hinela tawang nggole,46.0,2.2,1.5,6.0,tkpi
631,dish,koya,366.0,4.2,4.3,77.5,tkpi
632,dish,koya mirasa,370.0,8.0,1.0,82.2,tkpi
633,dish,koyabu,241.0,3.4,4.3,47.2,tkpi
634,dish,kue ali,440.0,3.8,18.5,64.5,tkpi
635,dish,kue bangen,442.0,3.3,14.7,74.2,tkpi
636,dish,kue bangket,338.0,1.5,1.2,80.3,tkpi
637,dish,kue gelang,448.0,5.8,16.1,70.0,tkpi
638,dish,kue kelapa,591.0,5.6,42.1,47.5,tkpi
639,dish,kue koa,340.0,4.8,0.4,79.3,tkpi
640,dish,kue ku temu,214.0,3.5,0.2,49.6,tkpi
641,dish,kue pelita,141.0,5.3,5.5,17.6,tkpi
642,dish,kue putu singkong,217.0,1.2,0.5,53.2,tkpi
643,dish,kue thipan,247.0,2.9,4.2,49.5,tkpi
644,komponen,kundur segar,22.0,0.4,0.2,4.7,tkpi
645,komponen,labu kuning segar,51.0,1.7,0.5,10.0,tkpi
646,dish,laksaputu mayang,121.0,1.7,3.4,21.1,tkpi
647,komponen,lantar segar,34.0,2.2,0.3,5.5,tkpi
648,dish,lawara jangang masakan,159.0,5.0,10.9,10.1,tkpi
649,dish,lawara penjah masakan,207.0,7.4,15.4,9.6,tkpi
650,dish,lemarebung asam,15.0,1.0,0.4,1.9,tkpi
651,komponen,lemak ikan,372.0,12.0,29.4,14.4,tkpi
652,komponen,lemon segar,34.0,0.5,0.8,6.2,tkpi
653,komponen,lepokubi rumput,181.0,2.8,1.2,39.8,tkpi
654,dish,lilin bungkus gedi,79.0,2.3,5.2,5.8,tkpi
655,dish,loka anjoro,163.0,1.1,4.3,30.0,tkpi
656,komponen,lokan segar,217.0,11.0,1.7,5.1,tkpi
657,komponen,lumaileunca segar,38.0,1.1,0.3,7.6,tkpi
658,dish,manan samin,379.0,3.4,18.1,50.6,tkpi
659,komponen,mangga benggala segar,63.0,2.4,0.4,12.4,tkpi
660,komponen,mangga kwini segar,86.0,0.7,0.5,19.8,tkpi
661,komponen,mangga manalagi segar,133.0,1.0,0.1,32.1,tkpi
662,komponen,mangga segar,52.0,0.7,0.0,12.3,tkpi
663,komponen,markisa squash,217.0,2.5,1.0,49.6,tkpi
664,komponen,markisa squash bd,104.0,1.2,0.5,23.7,tkpi
665,dish,martabak india,153.0,4.5,4.2,24.3,tkpi
666,dish,martabak mesir,278.0,5.1,8.6,45.0,tkpi
667,dish,masekat,369.0,2.1,7.0,74.1,tkpi
668,komponen,matoa segar,90.0,1.2,0.1,21.1,tkpi
669,komponen,menjangan daging dendeng mentah,322.0,55.8,2.0,22.7,tkpi
670,dish,mie aceh rebus,113.0,3.0,3.2,18.1,tkpi
671,dish,mie celon,102.0,3.0,2.1,17.8,tkpi
672,dish,model masakan,79.0,2.2,4.0,8.6,tkpi
673,komponen,mostarda metan sawi hijau,33.0,2.3,0.5,4.7,tkpi
674,dish,naan maran sapi masakan,478.0,38.3,33.9,5.1,tkpi
675,komponen,nanas palembang segar,58.0,0.7,0.2,13.3,tkpi
676,dish,nasi gemuk,192.0,3.8,8.8,24.4,tkpi
677,dish,nasi gurih,190.0,4.7,7.5,26.0,tkpi
678,komponen,nasi minyak,207.0,3.5,5.0,37.1,tkpi
679,dish,nasu likku masakan,196.0,14.5,8.3,15.9,tkpi
680,dish,olaholah,9.0,2.1,6.0,7.1,tkpi
681,dish,ondeonde,336.0,4.0,9.8,57.9,tkpi
682,dish,oramu ninahu ndawa olaho masakan,117.0,13.7,5.0,4.3,tkpi
683,dish,padamaran,171.0,3.9,8.9,18.8,tkpi
684,dish,paku hinela wulelenggapaya,77.0,3.5,4.6,5.4,tkpi
685,komponen,paniki masak santan masakan,460.0,28.5,35.2,7.2,tkpi
686,dish,papeda,61.0,0.2,0.1,14.9,tkpi
687,dish,parede baleh masakan,87.0,10.5,2.5,5.5,tkpi
688,dish,pelecing kangkung,75.0,2.5,2.8,10.0,tkpi
689,dish,pelolah manuk masakan,219.0,19.7,13.6,4.4,tkpi
690,dish,pempek adaan,162.0,4.9,3.0,27.8,tkpi
691,dish,pempek kapal selam,152.0,4.5,2.3,28.2,tkpi
692,dish,pempek kulit,243.0,5.2,7.3,39.1,tkpi
693,dish,pempek telur,156.0,4.7,2.7,28.3,tkpi
694,komponen,pepare ular segar,19.0,0.6,0.1,3.9,tkpi
695,komponen,petai segar,92.0,5.4,1.1,15.2,tkpi
696,dish,pinda masakan,107.0,15.9,0.6,0.4,tkpi
697,komponen,pindang kenari masakan,124.0,9.5,9.6,0.0,tkpi
698,komponen,pisang ambon segar,108.0,1.0,0.8,24.3,tkpi
699,komponen,pisang ayam segar,120.0,1.1,0.2,26.8,tkpi
700,komponen,pisang gapi segar,127.0,2.1,0.3,31.1,tkpi
701,komponen,pisang goroho segar,115.0,1.9,0.2,27.9,tkpi
702,komponen,pisang kayu segar,100.0,1.4,0.5,23.6,tkpi
703,komponen,pisang kepok segar,109.0,0.8,0.5,26.3,tkpi
704,komponen,pisang ketip segar,145.0,1.1,0.3,34.5,tkpi
705,komponen,pisang mas bali ampenan segar,92.0,1.4,0.2,21.0,tkpi
706,komponen,pisang mas bali kopang segar,127.0,1.4,0.2,31.8,tkpi
707,komponen,pisang talas segar,113.0,1.2,0.2,26.7,tkpi
708,komponen,pisang tujuh bulan,94.0,0.6,0.2,22.5,tkpi
709,komponen,pisang ua segar,128.0,0.8,0.5,30.2,tkpi
710,komponen,pucuk lumaidaun leunca segar,33.0,4.5,0.4,2.8,tkpi
711,dish,pulut,216.0,2.6,3.1,44.4,tkpi
712,dish,punai daging goreng,224.0,26.2,11.3,4.4,tkpi
713,dish,pundut nasi,104.0,1.9,4.1,15.1,tkpi
714,dish,purundawa,25.0,1.5,0.5,3.6,tkpi
715,komponen,putri malu segar,76.0,3.6,0.3,14.6,tkpi
716,dish,putri selat,163.0,2.2,6.5,23.8,tkpi
717,dish,putu sopa,215.0,3.3,4.1,41.1,tkpi
718,komponen,rajungan segar,76.0,12.1,2.0,2.4,tkpi
719,komponen,rambutan binjai segar,76.0,0.5,0.2,18.0,tkpi
720,dish,rebung laut mentah,320.0,7.2,4.2,63.3,tkpi
721,komponen,rebung segar,25.0,0.8,0.1,5.3,tkpi
722,dish,renggi goreng,471.0,4.7,21.8,64.1,tkpi
723,dish,ricarica taipa,49.0,1.6,0.3,10.0,tkpi
724,komponen,rimbang segar,75.0,1.6,0.6,15.8,tkpi
725,dish,roti boong,341.0,5.5,16.2,43.3,tkpi
726,dish,rujak aceh,82.0,0.4,0.3,19.7,tkpi
727,komponen,rumput laut,41.0,1.4,0.3,8.1,tkpi
728,komponen,rusa daging dendeng mentah,536.0,40.5,41.5,0.0,tkpi
729,dish,rw anjing masakan,198.0,24.6,10.7,0.9,tkpi
730,dish,saboko gurita masakan,87.0,15.7,1.5,2.6,tkpi
731,dish,saboko saltan masakan,113.0,17.1,3.6,3.0,tkpi
732,dish,saboko sardin masakan,110.0,12.9,4.3,4.9,tkpi
733,komponen,sagu aren segar,231.0,0.6,0.2,56.6,tkpi
734,dish,sagu forno,291.0,0.5,4.0,63.4,tkpi
735,komponen,sagu kasbi segar,230.0,0.6,0.2,56.5,tkpi
736,komponen,sagu lempeng,347.0,0.9,0.3,85.2,tkpi
737,dish,sagu manis,287.0,0.5,3.9,62.4,tkpi
738,dish,sagu sinole,354.0,0.8,8.3,68.9,tkpi
739,komponen,salak medan segar,55.0,0.4,0.2,12.8,tkpi
740,dish,sale kesemek,296.0,1.1,0.6,71.4,tkpi
741,dish,sanggara belanda,242.0,6.4,7.1,38.2,tkpi
742,komponen,sapi daleman segar,183.0,12.0,14.4,1.4,tkpi
743,komponen,sapi keleponan segar,84.0,10.5,4.6,0.2,tkpi
744,komponen,sapi paru dendeng mentah,360.0,57.3,6.0,19.2,tkpi
745,dish,sarimuka,166.0,2.3,2.8,32.9,tkpi
746,dish,sate pusut masakan,274.0,12.9,18.6,13.6,tkpi
747,komponen,sawi taiwan segar,30.0,1.9,0.5,4.4,tkpi
748,komponen,sawi tanah segar,19.0,1.3,0.2,2.9,tkpi
749,dish,sayur bunga pepaya,49.0,1.7,0.3,9.8,tkpi
750,dish,sayur garu,178.0,2.6,13.9,10.6,tkpi
751,dish,sayur kohukohu,133.0,7.3,6.6,11.2,tkpi
752,dish,sayur lebui,64.0,2.1,0.6,12.5,tkpi
753,dish,sayur lilinterubuk,36.0,2.7,0.7,4.8,tkpi
754,dish,sayur ndusuk,49.0,3.1,2.5,3.6,tkpi
755,dish,sayur umbut kelapa,67.0,5.2,2.9,5.1,tkpi
756,dish,sayur umbut rotan,57.0,5.4,2.6,3.1,tkpi
757,dish,sepi masakan,88.0,7.9,1.6,10.6,tkpi
758,dish,sie reuboh masakan,474.0,11.2,42.5,11.7,tkpi
759,komponen,sirup pirous,228.0,0.2,0.4,55.9,tkpi
760,dish,sop konro masakan,71.0,7.4,2.6,4.5,tkpi
761,dish,sop saudara masakan,89.0,7.2,5.0,3.9,tkpi
762,dish,soto banjar masakan,110.0,2.9,9.5,3.2,tkpi
763,komponen,sowa segar,48.0,1.6,0.6,9.1,tkpi
764,dish,srikaya ketan,265.0,2.7,6.4,49.1,tkpi
765,dish,sunduk lawang,181.0,1.9,1.3,32.4,tkpi
766,komponen,talas viqueque segar,115.0,1.8,0.5,25.9,tkpi
767,dish,tapai beras,99.0,1.7,0.3,22.4,tkpi
768,dish,tedong pallu basa masakan,83.0,10.4,3.4,2.8,tkpi
769,dish,tekwan,53.0,1.9,0.9,9.4,tkpi
770,komponen,telur ayam kampung segar,174.0,10.8,14.0,1.2,tkpi
771,komponen,telur bebek alabio segar,187.0,11.8,14.2,3.0,tkpi
772,komponen,telur bebek tambak segar,187.0,10.9,12.4,7.9,tkpi
773,komponen,telur burung maleo segar,436.0,26.5,36.3,0.4,tkpi
774,komponen,telur penyu segar,136.0,8.6,10.1,2.7,tkpi
775,komponen,tempoya,110.0,1.7,1.3,21.9,tkpi
776,komponen,terasi dobo,191.0,33.1,3.6,6.6,tkpi
777,komponen,terong asam segar,37.0,2.0,0.4,6.3,tkpi
778,komponen,terong hintalo segar,45.0,1.9,0.8,7.5,tkpi
779,dish,tikus rica masakan,257.0,18.8,18.5,3.8,tkpi
780,dish,tinira ninahu nggaluku,33.0,1.2,1.3,4.1,tkpi
781,dish,tinoransa masakan,516.0,17.7,49.5,0.0,tkpi
782,dish,tumis bandeng,189.0,11.3,15.7,0.6,tkpi
783,komponen,ubi jalar putih segar,88.0,0.4,0.4,20.6,tkpi
784,komponen,ubi jalar tinta kemayung,108.0,0.5,0.4,25.6,tkpi
785,komponen,ubi jalar kuning segar,119.0,0.5,0.4,25.1,tkpi
786,komponen,udang galah segar,81.0,16.5,0.3,3.0,tkpi
787,komponen,udang kering mentah,278.0,62.6,4.1,2.2,tkpi
788,dish,udang papay mentah,273.0,47.8,3.8,12.5,tkpi
789,komponen,udang besar segar,56.0,11.4,0.6,1.2,tkpi
790,komponen,ulat sagu segar,241.0,5.8,21.6,5.8,tkpi
791,dish,ulat sagu panggang,380.0,11.9,30.3,14.9,tkpi
792,dish,uli batatas,150.0,1.1,4.0,27.4,tkpi
793,komponen,umbut kelapa segar,39.0,2.0,0.2,7.2,tkpi
794,komponen,umbut rotan,34.0,2.4,0.3,5.5,tkpi
795,komponen,vigus segar,44.0,2.4,0.1,8.3,tkpi
796,dish,waluh balamak,45.0,0.8,0.9,8.1,tkpi
797,dish,woku ubi,143.0,3.1,7.8,15.0,tkpi
798,dish,bayau mi balu masakan,313.0,6.0,12.2,44.8,tkpi
799,dish,cucuru bayau masakan,349.0,6.8,18.7,38.3,tkpi
800,komponen,gulai keumamah masakan,110.0,5.9,8.2,3.2,tkpi
801,dish,putri hijau,189.0,5.4,2.1,37.2,tkpi
802,dish,tumis keumamah,300.0,14.5,20.0,15.5,tkpi
803,komponen,daun salam bubuk,301.0,14.2,10.9,49.0,tkpi
804,komponen,kelinci daging segar,142.0,16.9,7.8,0.0,tkpi
805,komponen,kopi bubuk instant,129.0,12.3,0.5,35.0,tkpi
806,komponen,minyak kedelai,883.0,0.0,99.9,0.0,tkpi
807,komponen,minyak wijen,881.0,0.2,99.7,0.0,tkpi
808,komponen,susu ibu asi,62.0,1.5,3.2,7.0,tkpi
809,komponen,susu kuda segar,40.0,2.0,1.1,5.4,tkpi
810,komponen,teh hijau daun kering,300.0,28.3,4.8,53.6,tkpi
811,komponen,teh hitam daun kering,293.0,24.5,2.8,58.8,tkpi
812,komponen,teh melati daun kering,299.0,24.1,3.5,59.0,tkpi
813,komponen,telur burung puyuh segar,116.0,10.7,7.0,1.6,tkpi
814,komponen,daun lobak segar,30.0,2.3,0.4,5.8,tkpi
815,dish,ikan pepetek mentah,176.0,32.0,4.4,2.0,tkpi
816,komponen,ikan pindang banjar mentah,157.0,28.0,4.2,1.8,tkpi
817,komponen,ikan pindang benggol mentah,170.0,31.0,4.2,0.0,tkpi
818,komponen,ikan pindang layang mentah,153.0,30.0,2.8,0.0,tkpi
819,komponen,ikan pindang selar mentah,142.0,27.0,3.0,0.0,tkpi
820,komponen,ikan selar kering mentah,194.0,38.0,3.5,0.0,tkpi
821,komponen,ikan sepat kering mentah,289.0,38.0,14.0,0.0,tkpi
822,komponen,ikan teri nasi kering mentah,144.0,32.5,0.6,0.0,tkpi
823,komponen,ikan teri bubuk mentah,277.0,60.0,2.3,1.8,tkpi
824,komponen,ikan teri kering mentah,170.0,33.4,3.0,0.0,tkpi
825,komponen,ikan teri kering tawar mentah,331.0,68.7,4.2,0.0,tkpi
826,komponen,rebon kering mentah,299.0,59.4,3.6,3.2,tkpi
827,dish,sardines dalam kaleng,338.0,21.1,27.0,1.0,tkpi
828,komponen,telur bebek asin mentah,179.0,13.6,13.3,4.4,tkpi
829,komponen,alpukat segar,85.0,0.9,6.5,7.7,tkpi
830,komponen,ampas tahu kering,414.0,26.6,18.3,41.3,tkpi
831,komponen,anak sapi daging gemuk segar,184.0,18.8,14.0,0.0,tkpi
832,komponen,anak sapi daging kurus segar,174.0,19.6,10.0,0.0,tkpi
833,komponen,anak sapi daging sedang segar,190.0,19.1,12.0,0.0,tkpi
834,komponen,andewi segar,226.0,1.6,0.2,5.3,tkpi
835,komponen,angsa daging segar,349.0,16.4,31.5,0.0,tkpi
836,komponen,apel segar,58.0,0.3,0.4,14.9,tkpi
837,komponen,arbai segar,37.0,0.8,0.5,8.3,tkpi
838,komponen,asam masak pohon segar,267.0,2.8,0.6,62.5,tkpi
839,komponen,ayam daging segar,298.0,18.2,25.0,0.0,tkpi
840,komponen,ayam didehdarah segar,75.0,13.8,1.9,0.7,tkpi
841,komponen,babi daging gemuksegar,453.0,11.9,45.0,0.0,tkpi
842,komponen,babi daging kurus segar,371.0,14.1,35.0,0.0,tkpi
843,komponen,babi ginjal segar,110.0,16.3,4.6,0.8,tkpi
844,komponen,babi hati segar,129.0,19.7,4.8,1.7,tkpi
845,komponen,baligo segar,15.0,0.4,0.2,3.0,tkpi
846,komponen,bawang bombay segar,43.0,1.4,0.2,10.3,tkpi
847,komponen,bawang merah segar,46.0,1.5,0.3,9.2,tkpi
848,komponen,bawang putih segar,112.0,4.5,0.2,23.1,tkpi
849,komponen,bebek itik daging segar,321.0,16.0,28.6,0.0,tkpi
850,komponen,belimbing segar,36.0,0.4,0.4,8.8,tkpi
851,komponen,beras menir mentah,362.0,7.7,4.4,73.0,tkpi
852,komponen,beras parboiled,353.0,6.8,0.6,80.0,tkpi
853,dish,bihun mentah,348.0,4.7,0.1,82.1,tkpi
854,dish,biskuit,458.0,6.9,14.4,75.1,tkpi
855,komponen,bit segar,41.0,1.6,0.1,9.6,tkpi
856,komponen,boros kunci segar,40.0,1.0,0.8,7.2,tkpi
857,komponen,boros laja lengkuas segar,26.0,1.0,0.3,4.7,tkpi
858,komponen,buah atung segar,23.0,0.8,0.2,5.2,tkpi
859,komponen,buah mentega bisbul segar,39.0,0.7,0.2,9.7,tkpi
860,komponen,buah nona segar,101.0,1.7,0.6,25.2,tkpi
861,komponen,bungkil biji karet,333.0,29.3,3.3,50.0,tkpi
862,komponen,bungkil kacang tanah,336.0,37.4,13.0,30.5,tkpi
863,komponen,bungkil kelapa,368.0,23.0,15.0,40.0,tkpi
864,komponen,burung sarang segar,281.0,37.5,0.3,32.1,tkpi
865,komponen,cabai hijau segar,26.0,0.7,0.3,5.2,tkpi
866,komponen,cabai merah kering,367.0,15.9,6.2,61.8,tkpi
867,komponen,cabai merah segar,36.0,1.0,0.3,7.3,tkpi
868,komponen,cabai rawit segar,120.0,4.7,2.4,19.9,tkpi
869,komponen,cantel mentah,366.0,11.0,3.3,73.0,tkpi
870,komponen,cempedak segar,116.0,3.0,0.4,28.6,tkpi
871,komponen,cengkeh kering,330.0,5.2,8.9,57.4,tkpi
872,komponen,cuka,21.0,0.1,0.1,5.0,tkpi
873,komponen,daun bluntas segar,44.0,1.8,0.5,9.4,tkpi
874,komponen,daun gandaria segar,63.0,3.1,0.3,14.0,tkpi
875,komponen,daun jambu mete muda segar,78.0,4.6,0.5,16.2,tkpi
876,komponen,daun kecipir segar,52.0,5.0,0.5,8.5,tkpi
877,komponen,daun kedondong segar,59.0,3.5,0.3,13.4,tkpi
878,komponen,daun kemangi segar,43.0,5.5,0.3,7.5,tkpi
879,komponen,daun koro segar,23.0,3.0,0.3,3.7,tkpi
880,komponen,daun labu siam segar,34.0,4.0,0.4,4.7,tkpi
881,komponen,daun labu waluhkuning segar,34.0,3.6,0.6,4.5,tkpi
882,komponen,daun leunca segar,49.0,4.7,0.5,8.1,tkpi
883,komponen,daun lompong talas segar,44.0,3.0,0.8,7.4,tkpi
884,komponen,daun mangkokan segar,57.0,3.7,0.3,11.8,tkpi
885,komponen,daun melinjo segar,104.0,5.0,1.3,21.3,tkpi
886,komponen,daun oyong segar,22.0,1.0,0.1,5.3,tkpi
887,komponen,daun pepaya segar,87.0,8.0,2.0,11.9,tkpi
888,komponen,daun singkong ambon segar,144.0,12.7,1.2,25.2,tkpi
889,komponen,daun tespong segar,70.0,2.9,0.3,13.9,tkpi
890,komponen,domba daging gemuk segar,317.0,15.7,27.7,0.0,tkpi
891,komponen,domba daging kurus segar,202.0,17.1,14.8,0.0,tkpi
892,komponen,domba ginjal segar,100.0,16.6,3.3,1.0,tkpi
893,komponen,duku segar,63.0,1.0,0.2,16.1,tkpi
894,komponen,durian segar,134.0,2.5,3.0,28.0,tkpi
895,komponen,eceng segar,19.0,1.0,0.2,3.8,tkpi
896,komponen,embacang segar,98.0,1.4,0.2,25.4,tkpi
897,dish,emping kerupuk melinjo,345.0,12.0,1.5,71.5,tkpi
898,komponen,erbis segar,70.0,0.6,0.0,18.9,tkpi
899,dish,es krim,210.0,4.0,12.5,20.6,tkpi
900,komponen,gambas oyong segar,19.0,0.8,0.2,4.1,tkpi
901,komponen,gandaria masak,68.0,0.7,0.1,18.0,tkpi
902,komponen,genjer segar,35.0,1.7,0.2,7.7,tkpi
903,dish,ham,384.0,16.9,35.0,0.3,tkpi
904,dish,hangop,65.0,10.0,1.0,3.5,tkpi
905,komponen,jagung kuning tepung,355.0,9.2,3.9,73.7,tkpi
906,komponen,jagung muda semi segar,35.0,2.2,0.1,7.4,tkpi
907,komponen,jahe segar,51.0,1.5,1.0,10.1,tkpi
908,komponen,jali mentah,324.0,11.0,4.0,61.0,tkpi
909,komponen,jambu air segar,46.0,0.6,0.2,11.8,tkpi
910,komponen,jambu biji,49.0,0.9,0.3,12.2,tkpi
911,komponen,jambu monyet segar,64.0,0.7,0.6,15.8,tkpi
912,komponen,jampang huma mentah,350.0,6.2,1.4,78.2,tkpi
913,komponen,jamur kuping kering,294.0,16.0,0.9,64.6,tkpi
914,komponen,jamur kuping segar,21.0,3.8,0.6,0.9,tkpi
915,komponen,jantung pisang segar,32.0,1.2,0.3,7.1,tkpi
916,komponen,jawawut mentah,364.0,9.7,3.5,73.4,tkpi
917,komponen,jeruk bali segar,48.0,0.6,0.2,12.4,tkpi
918,komponen,jeruk garutkeprok,44.0,0.8,0.3,10.9,tkpi
919,komponen,jeruk manis segar,45.0,0.9,0.2,11.2,tkpi
920,komponen,jotang segar,34.0,1.9,0.3,7.1,tkpi
921,komponen,kacang arab kering,330.0,23.8,1.4,60.2,tkpi
922,komponen,kacang bogor kering,370.0,16.0,6.0,65.0,tkpi
923,komponen,kacang endel biji kering,331.0,25.0,1.0,58.0,tkpi
924,komponen,kacang galing segar,336.0,23.1,1.7,59.5,tkpi
925,komponen,kacang gude biji segar,114.0,7.0,0.6,20.8,tkpi
926,komponen,kacang kapri segar,98.0,6.7,0.4,17.7,tkpi
927,komponen,kacang kedelai segar,286.0,30.2,15.6,30.1,tkpi
928,komponen,kacang panjang biji kering,357.0,17.3,1.5,68.6,tkpi
929,dish,kacang tanah rebus dg kulit,360.0,13.5,31.2,12.8,tkpi
930,komponen,kacang tanah sangan tanpa selaput,559.0,26.9,44.2,23.6,tkpi
931,komponen,kambing daging segar,149.0,16.6,9.2,0.0,tkpi
932,komponen,kapri muda segar,45.0,3.3,0.2,9.0,tkpi
933,komponen,kecap,71.0,5.7,1.3,9.0,tkpi
934,komponen,kecipir muda segar,32.0,2.9,0.2,5.8,tkpi
935,komponen,kedondong masak segar,46.0,1.0,0.1,10.3,tkpi
936,komponen,keju,326.0,22.8,20.3,13.1,tkpi
937,komponen,keju kacang tanah peanut butter,590.0,27.0,49.0,20.9,tkpi
938,komponen,kelapa muda air segar,17.0,0.2,0.1,3.8,tkpi
939,komponen,kelapa muda daging segar,68.0,1.0,0.9,14.0,tkpi
940,komponen,kelapa setengah tua daging segar,180.0,4.0,15.0,10.0,tkpi
941,komponen,kelapa tua daging segar,359.0,3.4,34.7,14.0,tkpi
942,komponen,kelawikluwih segar,118.0,1.5,0.3,27.2,tkpi
943,komponen,kemang segar,48.0,1.0,0.2,11.9,tkpi
944,komponen,kembang kol,25.0,2.4,0.2,4.9,tkpi
945,komponen,kembang turi segar,51.0,1.8,0.6,9.6,tkpi
946,komponen,kemiri,675.0,19.0,63.0,8.0,tkpi
947,komponen,kenari kering,657.0,15.0,66.0,13.0,tkpi
948,komponen,kepala susu krim segar,204.0,2.6,20.0,4.0,tkpi
949,komponen,kerbau daging segar,79.0,18.7,0.5,0.0,tkpi
950,komponen,kerokot segar,26.0,1.7,0.4,3.8,tkpi
951,komponen,kesemek segar,78.0,0.8,0.4,20.0,tkpi
952,komponen,ketumbar kering,418.0,14.1,16.1,54.2,tkpi
953,komponen,kluwek,310.0,10.0,24.0,13.5,tkpi
954,komponen,kokosan segar,86.0,1.6,0.2,13.0,tkpi
955,komponen,kol merah kol putih,29.0,1.4,0.2,5.3,tkpi
956,komponen,koro benguk biji kering,332.0,24.0,3.0,55.0,tkpi
957,komponen,koro kerupuk biji segar,125.0,8.3,0.7,22.1,tkpi
958,komponen,koro kerupuk polong,128.0,8.3,0.7,22.1,tkpi
959,komponen,koro loke biji segar,33.0,2.7,0.2,7.9,tkpi
960,komponen,koro wedus biji kering,338.0,22.2,1.5,61.0,tkpi
961,komponen,koro wedus polong,46.0,3.0,0.3,7.9,tkpi
962,komponen,kucai muda lokio segar,42.0,3.8,0.6,7.8,tkpi
963,komponen,kucai segar,45.0,2.2,0.3,10.3,tkpi
964,komponen,kuda daging segar,113.0,18.1,4.1,0.9,tkpi
965,komponen,kunyit segar,69.0,2.0,2.7,9.1,tkpi
966,dish,kwaci,515.0,30.6,42.1,13.8,tkpi
967,dish,kwark quark,242.0,19.0,17.0,3.0,tkpi
968,komponen,labu air segar,19.0,0.6,0.2,3.8,tkpi
969,komponen,labu siam segar,30.0,0.6,0.1,6.7,tkpi
970,komponen,labu waluh segar,32.0,1.1,0.1,6.6,tkpi
971,komponen,lamtoro biji muda segar,85.0,5.7,0.3,15.4,tkpi
972,komponen,lamtoro biji tua segar,148.0,10.6,0.5,26.2,tkpi
973,komponen,langsat segar,56.0,0.9,0.2,14.3,tkpi
974,komponen,lemak babi bacon,626.0,9.1,65.0,1.1,tkpi
975,komponen,lemak babi lard,902.0,0.0,100.0,0.0,tkpi
976,komponen,lemak kerbau lemak sapi,818.0,1.5,90.0,0.0,tkpi
977,komponen,lobak segar,21.0,0.9,0.1,4.2,tkpi
978,komponen,maizena tepung,341.0,0.3,0.0,85.0,tkpi
979,dish,makaroni mentah,353.0,8.7,0.4,78.7,tkpi
980,komponen,mangga gedung segar,44.0,0.7,0.2,11.2,tkpi
981,komponen,mangga golek segar,63.0,0.5,0.2,16.7,tkpi
982,komponen,mangga harumanis segar,46.0,0.4,0.2,11.9,tkpi
983,komponen,mangga indramayu segar,72.0,0.8,0.2,18.7,tkpi
984,komponen,mangga kopek segar,56.0,0.4,0.2,14.6,tkpi
985,komponen,mangga muda segar,59.0,0.5,0.4,15.1,tkpi
986,komponen,manggis segar,63.0,0.6,0.6,15.6,tkpi
987,komponen,margarin,720.0,0.6,81.0,0.4,tkpi
988,komponen,melinjo segar,66.0,5.0,0.7,13.3,tkpi
989,komponen,menteng segar,65.0,1.7,0.3,16.1,tkpi
990,komponen,merica kering,365.0,11.5,6.8,64.4,tkpi
991,dish,mi basah,88.0,0.6,3.3,14.0,tkpi
992,komponen,minyak hiu hati,902.0,0.0,100.0,0.0,tkpi
993,komponen,minyak ikan,902.0,0.0,100.0,0.0,tkpi
994,komponen,minyak kacang tanah,902.0,0.0,100.0,0.0,tkpi
995,komponen,minyak kelapa,870.0,1.0,98.0,0.0,tkpi
996,komponen,minyak kelapa sawit,884.0,0.0,100.0,0.0,tkpi
997,komponen,nangka masak pohon segar,106.0,1.2,0.3,27.6,tkpi
998,komponen,nangka muda segar,57.0,2.0,0.4,11.3,tkpi
999,komponen,nangka biji segar,165.0,4.2,0.1,36.7,tkpi
1000,dish,oncom,187.0,13.0,6.0,22.6,tkpi
1001,komponen,pala biji kering,518.0,7.5,36.4,40.1,tkpi
1002,komponen,pala daging segar,42.0,0.3,0.2,10.9,tkpi
1003,komponen,pepaya muda segar,29.0,2.1,0.1,4.9,tkpi
1004,komponen,pepaya segar,46.0,0.5,12.0,12.2,tkpi
1005,komponen,peterseli segar,53.0,3.7,1.0,9.0,tkpi
1006,komponen,petis ikan,165.0,20.0,0.2,20.8,tkpi
1007,komponen,petis udang pasta,220.0,15.0,0.9,38.0,tkpi
1008,komponen,pisang angleng pisang ampyang segar,68.0,1.3,0.2,17.2,tkpi
1009,komponen,pisang lampung segar,99.0,1.3,0.2,25.6,tkpi
1010,komponen,pisang mas segar,127.0,1.4,0.2,33.6,tkpi
1011,komponen,pisang raja segar,120.0,1.2,0.2,31.8,tkpi
1012,komponen,rambutan segar,69.0,0.9,0.1,18.1,tkpi
1013,dish,roti putih,248.0,8.0,1.2,50.0,tkpi
1014,dish,roti warna sawo matang,249.0,7.9,1.5,49.7,tkpi
1015,komponen,salak segar,77.0,0.4,0.0,20.9,tkpi
1016,komponen,santan dengan air,122.0,2.0,10.0,7.6,tkpi
1017,komponen,santan murni,324.0,4.2,34.3,5.6,tkpi
1018,komponen,saos tomat,110.0,2.0,0.4,24.5,tkpi
1019,komponen,sapi babat segar,108.0,17.6,4.2,0.0,tkpi
1020,dish,sapi daging asap,182.0,32.0,6.0,0.0,tkpi
1021,komponen,sapi daging dendeng mentah,301.0,55.0,9.0,0.0,tkpi
1022,komponen,sapi daging gemuk segar,273.0,17.5,22.0,0.0,tkpi
1023,dish,sapi daging kornet,289.0,16.0,25.0,0.0,tkpi
1024,komponen,sapi daging kurus segar,174.0,19.6,10.0,0.0,tkpi
1025,komponen,sapi daging lemak sedang segar,201.0,18.8,14.0,0.0,tkpi
1026,dish,sapi daging sosis worst,448.0,14.5,42.3,2.3,tkpi
1027,komponen,sapi didehdarah,98.0,21.9,1.1,0.0,tkpi
1028,komponen,sapi ginjal segar,137.0,15.0,8.1,0.9,tkpi
1029,dish,sapi hati sosis liverworst,274.0,16.0,22.0,3.0,tkpi
1030,komponen,sapi liver segar,132.0,19.7,3.2,6.0,tkpi
1031,komponen,sapi otak segar,123.0,10.4,8.6,0.8,tkpi
1032,komponen,sapi usus segar,126.0,14.0,7.2,1.5,tkpi
1033,dish,saridele bubuk,344.0,30.0,20.0,43.0,tkpi
1034,komponen,sawi segar,28.0,2.3,0.3,4.0,tkpi
1035,komponen,sawo manila segar,92.0,0.5,1.1,22.4,tkpi
1036,komponen,selada segar,18.0,1.2,0.2,2.9,tkpi
1037,komponen,seledri segar,23.0,1.0,0.1,4.6,tkpi
1038,komponen,semangka segar,28.0,0.5,0.2,6.9,tkpi
1039,komponen,sirsak segar,65.0,1.0,0.3,16.3,tkpi
1040,komponen,susu asam untuk bayi bubuk,418.0,19.0,9.0,65.5,tkpi
1041,komponen,susu bubuk,513.0,24.6,30.0,36.2,tkpi
1042,komponen,susu kambing segar,64.0,4.3,2.3,6.6,tkpi
1043,komponen,susu kedelai,41.0,3.5,2.5,5.0,tkpi
1044,komponen,susu kental manis,343.0,8.2,10.0,55.0,tkpi
1045,komponen,susu kental tak manis,138.0,7.0,7.9,9.9,tkpi
1046,komponen,susu kerbau segar,160.0,6.3,12.0,7.1,tkpi
1047,komponen,susu sapi segar,61.0,3.2,3.5,4.3,tkpi
1048,komponen,susu skim bubuk,359.0,35.6,1.0,52.0,tkpi
1049,komponen,susu skim segar,36.0,3.5,0.1,5.1,tkpi
1050,komponen,taoge kacang kedelai segar,76.0,9.0,2.6,6.4,tkpi
1051,komponen,taoge kacang tunggak segar,40.0,5.0,0.2,5.8,tkpi
1052,komponen,tebu terubuk lilin segar,30.0,4.6,0.4,3.0,tkpi
1053,komponen,tekokak kering,302.0,8.3,1.7,72.6,tkpi
1054,komponen,tekokak segar,34.0,2.0,0.1,7.9,tkpi
1055,komponen,telur ayam ras bagian kuning segar,355.0,16.3,31.9,0.7,tkpi
1056,komponen,telur ayam ras bagian putih segar,50.0,10.8,0.0,0.8,tkpi
1057,komponen,telur bebek bagian kuning segar,386.0,17.0,35.0,0.8,tkpi
1058,komponen,telur bebek bagian putih segar,54.0,11.0,0.0,0.8,tkpi
1059,dish,tempe bongkrek,119.0,4.4,3.5,18.3,tkpi
1060,dish,tempe koro benguk,141.0,10.2,1.3,23.2,tkpi
1061,komponen,tepung beras mentah,353.0,7.0,0.5,80.0,tkpi
1062,komponen,tepung hunkwe pati kacang ijo,364.0,4.5,1.0,83.5,tkpi
1063,komponen,tepung jagung putih,355.0,9.2,3.9,73.7,tkpi
1064,komponen,tepung kacang kedelai,347.0,35.9,20.6,29.9,tkpi
1065,komponen,terasi merah,174.0,30.0,3.5,5.6,tkpi
1066,komponen,terong segar,28.0,1.1,0.2,5.5,tkpi
1067,komponen,tomat muda segar,24.0,2.0,0.7,3.3,tkpi
1068,komponen,tomat air sari segar,20.0,1.0,0.2,3.5,tkpi
1069,komponen,wijen mentah,568.0,19.3,51.1,18.1,tkpi
1070,komponen,yoghurt segar,52.0,3.3,2.5,4.0,tkpi
1071,komponen,bengkuang segar,59.0,1.4,0.2,12.8,tkpi
1072,komponen,coklat bubuk,311.0,8.0,4.0,48.9,tkpi
1073,komponen,coklat manis batang,527.0,2.0,29.8,62.7,tkpi
1074,komponen,coklat pahitbatang,615.0,5.5,42.6,29.2,tkpi
1075,komponen,coklat susu batang,565.0,9.0,35.0,53.6,tkpi
1076,komponen,gula aren,368.0,0.0,0.0,92.0,tkpi
1077,komponen,gula kelapa,386.0,3.0,10.0,76.0,tkpi
1078,komponen,gula putih,394.0,0.0,0.0,94.0,tkpi
1079,komponen,ikan asin kering,193.0,42.0,1.5,0.0,tkpi
1080,komponen,ikan bader segar,193.0,19.0,13.0,0.0,tkpi
1081,komponen,ikan bandeng segar,123.0,20.0,4.8,0.0,tkpi
1082,komponen,ikan bawal segar,91.0,19.0,1.7,0.0,tkpi
1083,komponen,ikan beunteur segar,109.0,17.0,4.0,0.0,tkpi
1084,dish,ikan gabus kering,268.0,58.0,4.0,0.0,tkpi
1085,komponen,ikan kakap segar,92.0,20.0,0.7,0.0,tkpi
1086,komponen,ikan layang segar,109.0,22.0,1.7,0.0,tkpi
1087,komponen,ikan lemuru segar,112.0,20.0,3.0,0.0,tkpi
1088,komponen,ikan mas segar,86.0,16.0,2.0,0.0,tkpi
1089,komponen,ikan paling segar,303.0,14.0,27.0,0.0,tkpi
1090,dish,ikan peda banjar mentah,156.0,28.0,4.0,2.0,tkpi
1091,dish,ikan selar kuning cue mentah,138.0,27.0,3.3,0.0,tkpi
1092,komponen,ikan selar segar,100.0,18.8,2.2,0.0,tkpi
1093,komponen,ikan tembang segar,204.0,16.0,15.0,0.0,tkpi
1094,komponen,jam selai,239.0,0.5,0.6,64.5,tkpi
1095,komponen,kentang hitam segar,142.0,0.9,0.4,33.7,tkpi
1096,komponen,keong segar,64.0,12.0,1.0,2.0,tkpi
1097,komponen,kepiting segar,151.0,13.8,3.8,14.1,tkpi
1098,komponen,kodok segar,73.0,16.4,0.3,0.0,tkpi
1099,komponen,kurakura segar,83.0,19.1,0.2,0.0,tkpi
1100,komponen,madu,294.0,0.3,0.0,79.5,tkpi
1101,komponen,melase,276.0,0.0,0.1,71.0,tkpi
1102,komponen,mentega,742.0,0.5,81.6,1.4,tkpi
1103,komponen,minyak zaitun,884.0,0.0,100.0,0.0,tkpi
1104,komponen,rebon udang kecil segar,81.0,16.2,1.2,0.7,tkpi
1105,komponen,sagu singkong kering,362.0,0.5,0.3,86.9,tkpi
1106,komponen,sente talas segar,353.0,0.7,0.2,84.7,tkpi
1107,komponen,sirup,213.0,0.0,0.0,55.0,tkpi
1108,komponen,tepung arrowroot,355.0,0.7,0.2,85.2,tkpi
1109,komponen,tepung kentang kering,347.0,0.3,0.1,85.6,tkpi
1110,komponen,tepung singkong tapioka,363.0,1.1,0.5,88.2,tkpi
1111,komponen,udang segar,91.0,21.0,0.2,0.1,tkpi
1112,dish,beras cerdas,350.0,2.7,1.1,82.3,tkpi
1113,dish,beras ganyong,364.0,3.4,0.7,86.3,tkpi
1114,dish,beras siger,344.0,1.1,0.2,28.3,tkpi
1115,dish,bihun jagung mentah,354.0,0.5,0.3,87.4,tkpi
1116,komponen,buah naga merah segar,71.0,1.7,3.1,9.1,tkpi
1117,komponen,buah naga putih segar,56.0,0.8,1.0,10.9,tkpi
1118,komponen,bunga turi segar,42.0,2.0,1.1,6.1,tkpi
1119,komponen,daun kenikir segar,45.0,3.7,0.5,6.6,tkpi
1120,dish,gatot,347.0,1.3,0.7,83.8,tkpi
1121,dish,geblek,195.0,0.4,1.7,44.4,tkpi
1122,komponen,ikan sale segar,534.0,40.2,39.3,4.9,tkpi
1123,komponen,jamur merang segar,30.0,3.5,0.2,4.0,tkpi
1124,komponen,jamur tiram segar,30.0,1.9,0.1,5.5,tkpi
1125,komponen,jeruk kalamansi segar,39.0,0.3,0.3,8.9,tkpi
1126,komponen,melon segar,37.0,0.6,0.4,7.8,tkpi
1127,dish,mie bendo,353.0,0.3,0.0,88.0,tkpi
1128,dish,mie sagu,190.0,0.2,0.4,46.5,tkpi
1129,dish,nasi jagung,357.0,8.8,0.5,79.5,tkpi
1130,dish,oyek,351.0,0.9,0.9,84.9,tkpi
1131,dish,rasbi beras ubi,394.0,2.2,8.8,76.6,tkpi
1132,dish,rasi beras singkong,350.0,0.9,0.4,85.7,tkpi
1133,dish,sagu lemak kue sagon,452.0,2.8,14.8,76.8,tkpi
1134,dish,sagu rendang,364.0,0.1,0.2,90.5,tkpi
1135,dish,sate bandeng,283.0,12.1,16.8,20.9,tkpi
1136,komponen,tepung ganyong,353.0,0.8,1.7,83.6,tkpi
1137,komponen,tepung gaplek,345.0,2.4,0.4,83.1,tkpi
1138,komponen,tepung jalejo,388.0,19.0,7.5,61.2,tkpi
1139,komponen,tepung mocaf,350.0,1.2,0.6,85.0,tkpi
1140,komponen,tepung pisang,338.0,2.9,0.4,80.6,tkpi
1141,komponen,tepung sente,326.0,4.0,0.4,76.7,tkpi
1142,komponen,tepung sukun,353.0,2.9,0.5,84.4,tkpi
1143,komponen,tepung tales beneng,332.0,5.7,0.6,76.1,tkpi
1144,komponen,tepung ubi ungu,354.0,2.8,0.6,84.4,tkpi
1145,dish,tiwul,353.0,2.4,1.1,83.4,tkpi
1146,dish,tiwul instan,395.0,3.2,8.5,76.5,tkpi
1147,dish,ubi cilembu,186.0,1.9,0.2,44.3,tkpi
1148,komponen,umbi uwi segar,120.0,2.8,0.5,82.3,tkpi
1149,komponen,abon,280.0,9.2,28.4,0.0,kaggle
1150,dish,abon haruwan,513.0,23.7,37.0,21.3,kaggle
1151,komponen,agaragar,0.0,0.0,0.2,0.0,kaggle
1152,komponen,akar tonjong segar,45.0,1.1,0.4,10.8,kaggle
1153,komponen,aletoge segar,37.0,4.4,0.5,3.8,kaggle
1154,komponen,alpukat segar,85.0,0.9,6.5,7.7,kaggle
1155,komponen,ampas kacang hijau,96.0,3.7,0.6,19.1,kaggle
1156,komponen,ampas tahu,414.0,26.6,18.3,41.3,kaggle
1157,dish,ampas tahu kukus,75.0,4.1,2.1,10.7,kaggle
1158,komponen,ampas tahu mentah,67.0,5.0,2.1,8.1,kaggle
1159,komponen,anak sapi daging gemuk segar,184.0,18.8,14.0,0.0,kaggle
1160,komponen,anak sapi daging kurus segar,174.0,19.6,10.0,0.0,kaggle
1161,komponen,anak sapi daging sedang segar,190.0,19.1,12.0,0.0,kaggle
1162,komponen,andaliman segar,99.0,4.6,1.0,18.0,kaggle
1163,komponen,andewi,25.0,1.6,0.2,5.3,kaggle
1164,komponen,anggur hutan segar,30.0,0.5,0.2,6.8,kaggle
1165,komponen,angsa,354.0,16.4,31.5,0.0,kaggle
1166,dish,anyang sayur,126.0,3.4,7.9,10.3,kaggle
1167,komponen,apel,58.0,0.3,0.4,14.9,kaggle
1168,komponen,apel malang segar,57.0,0.5,0.4,12.8,kaggle
1169,komponen,arbei,37.0,0.8,0.5,8.3,kaggle
1170,komponen,ares sayur,113.0,0.9,7.2,11.2,kaggle
1171,komponen,arrowroot segar,102.0,1.0,0.2,24.1,kaggle
1172,komponen,arwan sirsir,277.0,2.4,25.0,10.7,kaggle
1173,komponen,asam kandis segar,75.0,0.2,1.1,16.1,kaggle
1174,dish,asam masak di pohon,239.0,2.8,0.6,62.5,kaggle
1175,komponen,asam payak segar,135.0,0.8,0.4,32.1,kaggle
1176,komponen,asan kandis kering,261.0,0.9,1.6,63.3,kaggle
1177,dish,asinan bogor sayuran,98.0,3.9,2.6,14.8,kaggle
1178,komponen,ayam,302.0,18.2,25.0,0.0,kaggle
1179,dish,ayam goreng kentuckysayap,297.0,35.9,15.2,1.6,kaggle
1180,dish,ayam ampela goreng,270.0,32.3,11.2,9.9,kaggle
1181,komponen,ayam didehdarah segar,75.0,13.8,1.9,0.7,kaggle
1182,dish,ayam goreng church texa sayap,295.0,34.0,16.0,1.5,kaggle
1183,dish,ayam goreng church texas dada,338.0,35.2,20.6,0.4,kaggle
1184,dish,ayam goreng kalasan paha,275.0,37.4,12.2,1.3,kaggle
1185,dish,ayam goreng kentucky dada,298.0,34.2,16.8,0.1,kaggle
1186,dish,ayam goreng kentucky paha,286.0,32.1,16.1,1.1,kaggle
1187,dish,ayam goreng mbok berek dada,295.0,39.2,13.6,1.0,kaggle
1188,dish,ayam goreng paha,287.0,31.0,15.7,1.7,kaggle
1189,dish,ayam goreng pasundan dada,246.0,37.9,9.0,0.7,kaggle
1190,dish,ayam goreng pasundan paha,245.0,33.1,11.4,0.3,kaggle
1191,dish,ayam goreng pioneer dada,295.0,37.4,14.7,0.6,kaggle
1192,dish,ayam goreng sukabumi dada,244.0,36.7,9.2,1.0,kaggle
1193,dish,ayam goreng sukabumi paha,283.0,35.7,14.3,0.5,kaggle
1194,komponen,ayam hati segar,261.0,27.4,16.1,1.6,kaggle
1195,dish,ayam taliwang masakan,264.0,18.2,20.1,2.7,kaggle
1196,dish,ayam usus goreng,473.0,45.2,26.3,13.9,kaggle
1197,komponen,babat,113.0,17.6,4.2,0.0,kaggle
1198,komponen,babi daging gemuk segar,453.0,11.9,45.0,0.0,kaggle
1199,komponen,babi daging kurus segar,371.0,14.1,35.0,0.0,kaggle
1200,komponen,babi ginjal segar,110.0,16.3,4.6,0.8,kaggle
1201,komponen,babi hati segar,129.0,19.7,4.8,1.7,kaggle
1202,dish,babi hutan masak rica masakan,491.0,24.6,16.3,0.2,kaggle
1203,dish,bacang,102.9,3.3,2.7,16.3,kaggle
1204,komponen,bagea kelapa asin,450.0,3.2,13.9,78.1,kaggle
1205,komponen,bagea kelapa manis,452.0,1.3,13.8,80.6,kaggle
1206,komponen,bagea kenari asin,529.0,3.2,29.1,63.6,kaggle
1207,komponen,bagea kenari manis,523.0,3.2,28.2,64.2,kaggle
1208,komponen,bagea kw 1,416.0,6.5,9.4,76.3,kaggle
1209,komponen,bagea kw 2,382.0,0.3,3.5,87.2,kaggle
1210,komponen,baje,129.0,1.9,6.6,15.6,kaggle
1211,komponen,bakpia kue,272.0,8.7,6.7,44.1,kaggle
1212,dish,bakso,76.0,4.1,2.5,9.2,kaggle
1213,komponen,bakung segar,27.0,2.0,0.2,4.2,kaggle
1214,dish,bakwan,280.0,8.2,10.2,39.0,kaggle
1215,komponen,baligo,13.0,0.4,0.2,3.0,kaggle
1216,komponen,bantal,190.0,3.3,0.3,43.5,kaggle
1217,komponen,barongko,159.0,3.1,5.8,23.5,kaggle
1218,komponen,batang tading,137.0,4.3,4.8,19.1,kaggle
1219,komponen,batar daan,107.0,2.2,2.2,19.6,kaggle
1220,komponen,batatas gembili segar,76.0,1.1,0.9,16.0,kaggle
1221,dish,batatas kelapa ubi bakar,110.0,1.4,1.1,23.4,kaggle
1222,dish,batatas kelapa ubi kukus,92.0,1.2,0.3,21.0,kaggle
1223,komponen,batatas kelapa ubi segar,89.0,1.1,0.1,21.0,kaggle
1224,dish,batatas tali ubi rebus,182.0,2.4,0.4,42.2,kaggle
1225,komponen,bawang bombay,45.0,1.4,0.2,10.3,kaggle
1226,komponen,bawang merah,39.0,1.5,0.3,0.2,kaggle
1227,komponen,bawang putih,95.0,4.5,0.2,23.1,kaggle
1228,dish,bayam kukus,30.0,1.3,0.7,5.8,kaggle
1229,komponen,bayam merah,51.0,4.6,0.5,10.0,kaggle
1230,komponen,bayam merah segar,41.0,2.2,0.8,6.3,kaggle
1231,dish,bayam rebus,23.0,1.2,0.6,3.7,kaggle
1232,komponen,bayam segar,36.0,3.5,0.5,6.5,kaggle
1233,dish,bayam tumis oncom,102.0,3.7,6.7,6.9,kaggle
1234,dish,bayam tumis bersantan,48.0,1.4,4.2,2.6,kaggle
1235,komponen,bebek itik,326.0,16.0,28.6,0.0,kaggle
1236,komponen,bebek alabio daging segar,303.0,11.3,27.0,3.7,kaggle
1237,dish,bebek daging goreng,300.0,24.0,20.7,4.5,kaggle
1238,komponen,beberuk,65.0,1.1,5.2,3.5,kaggle
1239,dish,beef burger,258.0,10.6,9.5,32.5,kaggle
1240,dish,beef teriyaki masakan,151.0,8.6,3.1,22.3,kaggle
1241,dish,beef yakiniku masakan,132.0,9.8,1.1,20.7,kaggle
1242,komponen,bekasam,116.0,11.9,4.9,6.1,kaggle
1243,komponen,bekasang,78.0,11.4,2.0,3.6,kaggle
1244,komponen,belibis daging segar,131.0,20.2,4.3,2.8,kaggle
1245,komponen,belimbing,36.0,0.4,0.4,8.8,kaggle
1246,dish,belitung talas kukus,145.0,1.2,0.4,34.2,kaggle
1247,dish,belut goreng,417.0,25.9,19.4,32.0,kaggle
1248,komponen,belut segar,70.0,14.6,0.8,1.0,kaggle
1249,komponen,belutlaut segar,93.0,12.8,1.5,6.1,kaggle
1250,komponen,bengkuang,55.0,1.4,0.2,12.8,kaggle
1251,komponen,bentul komba talas segar,98.0,1.6,0.7,20.9,kaggle
1252,dish,bentul talas kukus,71.0,2.3,0.3,15.4,kaggle
1253,komponen,beras cerdas,350.0,2.7,1.1,82.3,kaggle
1254,komponen,beras ganyong,364.0,3.4,0.7,86.3,kaggle
1255,komponen,beras giling,360.0,6.8,0.7,78.9,kaggle
1256,dish,beras giling masak nasi,178.0,2.1,0.1,40.6,kaggle
1257,komponen,beras giling mentah,357.0,8.4,1.7,77.1,kaggle
1258,komponen,beras giling var pelita mentah,369.0,9.5,1.4,77.1,kaggle
1259,komponen,beras giling var rojolele mentah,357.0,8.4,1.7,77.1,kaggle
1260,komponen,beras hitam mentah,351.0,8.0,1.3,76.9,kaggle
1261,komponen,beras jagung kuning kering mentah,358.0,5.5,0.1,82.7,kaggle
1262,komponen,beras jagung putih kering mentah,307.0,4.8,0.1,71.8,kaggle
1263,komponen,beras ketan hitam,356.0,7.0,0.7,78.0,kaggle
1264,dish,beras ketan hitam kukus,181.0,4.0,1.2,37.3,kaggle
1265,dish,beras ketan hitam tape,166.0,3.8,1.0,34.4,kaggle
1266,komponen,beras ketan hitam tumbuk,360.0,8.0,2.3,74.5,kaggle
1267,komponen,beras ketan hitam tumbuk mentah,360.0,8.0,2.3,74.5,kaggle
1268,komponen,beras ketan putih,362.0,6.7,0.7,79.4,kaggle
1269,dish,beras ketan putih kukus,163.0,3.0,0.4,35.7,kaggle
1270,dish,beras ketan putih tape,172.0,3.0,0.5,37.5,kaggle
1271,komponen,beras ketan putih tumbuk,361.0,7.4,0.8,78.4,kaggle
1272,komponen,beras ketan putih tumbuk mentah,361.0,7.4,0.8,78.4,kaggle
1273,komponen,beras ladang mentah,376.0,7.5,3.8,78.0,kaggle
1274,komponen,beras menir,339.0,7.7,4.4,73.0,kaggle
1275,komponen,beras menir mentah,362.0,7.7,4.4,73.0,kaggle
1276,komponen,beras merah tumbuk,359.0,7.5,0.9,77.6,kaggle
1277,komponen,beras parboiled,364.0,6.8,0.6,80.1,kaggle
1278,komponen,beras parboiled,353.0,6.8,0.6,80.0,kaggle
1279,komponen,beras pecah kulit,335.0,7.4,1.9,76.2,kaggle
1280,komponen,beras setengah giling,363.0,7.6,1.1,78.3,kaggle
1281,komponen,beras siger,344.0,1.1,0.2,28.3,kaggle
1282,komponen,beras tumbuk mentah,354.0,7.8,0.4,79.9,kaggle
1283,komponen,beras tumbuk merah mentah,352.0,7.3,0.9,76.2,kaggle
1284,dish,betok wadi masakan,145.0,16.3,7.0,4.1,kaggle
1285,komponen,bihun,360.0,4.7,0.1,82.1,kaggle
1286,dish,bihun goreng,154.0,3.0,4.5,25.5,kaggle
1287,dish,bihun goreng instan,381.0,6.1,3.9,80.3,kaggle
1288,komponen,bihun jagung mentah,354.0,0.5,0.3,87.4,kaggle
1289,komponen,bihun mentah,348.0,4.7,0.1,82.1,kaggle
1290,komponen,biji jambu mete,562.0,21.2,49.6,23.6,kaggle
1291,dish,biji jambu mete goreng,629.0,21.5,56.6,19.8,kaggle
1292,komponen,biji nangkabiji salak,262.0,2.3,5.4,51.1,kaggle
1293,dish,bika ambon,199.0,2.1,1.5,44.4,kaggle
1294,dish,bika ambon,225.7,3.0,0.3,52.9,kaggle
1295,dish,bir 4 alkohol,48.0,0.6,0.0,4.4,kaggle
1296,komponen,biskuit,458.0,6.9,14.4,75.1,kaggle
1297,komponen,bit,42.0,1.6,0.1,9.6,kaggle
1298,komponen,biwah segar,51.0,0.3,0.1,12.1,kaggle
1299,komponen,bonggol pisang,43.0,2.6,0.0,11.6,kaggle
1300,komponen,bonggol pisang kering,245.0,3.4,0.0,66.2,kaggle
1301,komponen,bongkrek tempe bungkil,119.0,4.4,3.5,18.3,kaggle
1302,komponen,boros kunci,23.0,1.0,0.8,7.2,kaggle
1303,komponen,boros laja lengkuas,22.0,1.0,0.3,4.7,kaggle
1304,komponen,botok lamtoro,186.0,11.7,9.7,13.0,kaggle
1305,komponen,brem,249.0,3.4,0.4,58.0,kaggle
1306,dish,brondong,400.0,4.0,0.7,95.3,kaggle
1307,dish,brongkos,141.0,15.3,3.3,12.6,kaggle
1308,komponen,buah atung,23.0,0.8,0.2,5.2,kaggle
1309,komponen,buah kelenting segar,110.0,1.4,2.1,21.4,kaggle
1310,komponen,buah kelor,38.0,1.5,0.2,7.5,kaggle
1311,komponen,buah kom segar,264.0,4.0,1.1,59.6,kaggle
1312,komponen,buah mentega bisbul,39.0,0.7,0.2,9.7,kaggle
1313,komponen,buah merah,87.0,2.6,2.7,13.1,kaggle
1314,komponen,buah naga merah segar,71.0,1.7,3.1,9.1,kaggle
1315,komponen,buah naga putih segar,56.0,0.8,1.0,10.9,kaggle
1316,komponen,buah negri segar,55.0,1.2,0.1,12.2,kaggle
1317,komponen,buah nona,101.0,1.7,0.6,25.2,kaggle
1318,komponen,buah rotan segar,78.0,0.6,0.3,18.2,kaggle
1319,komponen,buah rukam segar,113.0,0.8,0.3,26.8,kaggle
1320,komponen,buah ruruhi segar,29.0,2.1,0.7,3.6,kaggle
1321,komponen,buah tuppa segar,67.0,0.4,0.2,15.9,kaggle
1322,komponen,buaya daging dendeng mentah,365.0,49.6,4.8,30.8,kaggle
1323,komponen,bubur,60.0,1.0,60.0,13.0,kaggle
1324,dish,bubur sagu,167.0,0.2,4.0,33.0,kaggle
1325,dish,bubur tinotuan manado,156.0,2.3,0.2,15.6,kaggle
1326,dish,bulgogi masakan,72.0,11.4,4.9,1.4,kaggle
1327,komponen,bulung jajan,212.0,16.9,0.2,47.6,kaggle
1328,komponen,bulung sangu,237.0,14.7,0.2,56.0,kaggle
1329,komponen,buncis,35.0,2.4,0.2,7.7,kaggle
1330,dish,buncis asam,60.0,5.1,0.5,8.5,kaggle
1331,dish,buncis rebus,30.0,2.2,0.2,6.4,kaggle
1332,komponen,bunga pepaya segar,45.0,2.6,0.3,8.1,kaggle
1333,komponen,bunga turi segar,42.0,2.0,1.1,6.1,kaggle
1334,komponen,bungkil biji karet,333.0,29.3,3.3,50.0,kaggle
1335,komponen,bungkil kacang tanah,336.0,37.4,13.0,30.5,kaggle
1336,komponen,bungkil kelapa,368.0,23.0,15.0,40.0,kaggle
1337,komponen,buntil,106.0,4.4,6.3,7.9,kaggle
1338,komponen,buntil daun talas,141.0,4.4,10.2,8.0,kaggle
1339,dish,buras,125.7,3.3,1.9,23.9,kaggle
1340,komponen,burung sarang segar,281.0,37.5,0.3,32.1,kaggle
1341,komponen,cabai gembor merah segar,38.0,1.6,0.8,6.3,kaggle
1342,komponen,cabai hijau segar,26.0,0.7,0.3,5.2,kaggle
1343,komponen,cabai merah kering,367.0,15.9,6.2,61.8,kaggle
1344,komponen,cabai merah segar,36.0,1.0,0.3,7.3,kaggle
1345,komponen,cabai rawit segar,120.0,4.7,2.4,19.9,kaggle
1346,komponen,caisin segar,20.0,1.7,0.4,3.4,kaggle
1347,komponen,cakalang asar asap papua,155.0,20.1,3.8,10.2,kaggle
1348,dish,cake tape,323.0,4.9,11.5,50.1,kaggle
1349,komponen,cammetutu,102.0,3.2,6.0,8.7,kaggle
1350,komponen,cantel mentah,366.0,11.0,3.3,73.0,kaggle
1351,dish,cap cai sayur,97.0,5.8,6.3,4.2,kaggle
1352,komponen,carica papaya segar,24.0,1.9,0.2,3.7,kaggle
1353,komponen,cassavastick,460.0,0.8,18.7,17.2,kaggle
1354,komponen,cempedak,116.0,3.0,0.4,28.6,kaggle
1355,komponen,cengkeh kering,330.0,5.2,8.9,57.4,kaggle
1356,komponen,centel,332.0,11.0,3.3,73.0,kaggle
1357,komponen,ceriping getuk singkong,462.0,1.2,20.7,67.7,kaggle
1358,dish,chicken teriyaki masakan,168.0,13.0,9.6,7.5,kaggle
1359,dish,chikiniku masakan,143.0,9.8,1.4,22.8,kaggle
1360,komponen,coklat bubuk,311.0,8.0,4.0,48.9,kaggle
1361,komponen,coklat manis batang,472.0,2.0,29.8,62.7,kaggle
1362,komponen,coklat pahit batang,504.0,5.5,52.9,29.2,kaggle
1363,komponen,coklat susu batang,381.0,9.0,35.0,53.6,kaggle
1364,dish,combro,210.0,1.6,6.6,35.8,kaggle
1365,dish,corned beef,241.0,16.0,25.0,0.0,kaggle
1366,dish,coto mangkasara kuda masakan,96.0,6.8,5.9,3.8,kaggle
1367,dish,coto mangkasara sapi masakan,84.0,6.0,6.0,1.4,kaggle
1368,komponen,cue selar kuning,145.0,27.0,2.3,0.0,kaggle
1369,komponen,cuka,12.0,0.1,0.1,5.0,kaggle
1370,dish,cumicumi goreng,265.0,40.6,10.1,0.0,kaggle
1371,komponen,cumicumi segar,75.0,16.1,0.7,0.1,kaggle
1372,komponen,daging anak sapi,190.0,19.1,12.0,0.0,kaggle
1373,komponen,daging asap,191.0,32.0,6.0,0.0,kaggle
1374,komponen,daging babi gemuk,457.0,11.6,45.0,0.0,kaggle
1375,komponen,daging babi kurus,376.0,14.1,35.0,0.0,kaggle
1376,komponen,daging domba,206.0,17.1,14.8,0.0,kaggle
1377,komponen,daging kambing,154.0,16.6,9.2,0.0,kaggle
1378,komponen,daging kerbau,84.0,18.7,0.5,0.0,kaggle
1379,komponen,daging kuda,118.0,18.1,4.1,0.9,kaggle
1380,komponen,daging sapi,207.0,18.8,14.0,0.0,kaggle
1381,komponen,daun bangunbangun segar,27.0,1.3,0.6,4.0,kaggle
1382,komponen,daun bawang,29.0,1.8,0.7,5.2,kaggle
1383,komponen,daun bawang merah segar,41.0,2.0,0.3,7.8,kaggle
1384,komponen,daun bebuas segar,41.0,2.7,1.0,7.3,kaggle
1385,komponen,daun belem segar,50.0,4.4,1.4,7.8,kaggle
1386,komponen,daun beluntas,42.0,1.8,0.5,9.4,kaggle
1387,komponen,daun cincau,122.0,6.0,1.0,26.0,kaggle
1388,komponen,daun gandaria,60.0,3.1,0.3,14.0,kaggle
1389,komponen,daun gedi besar segar,58.0,2.9,0.7,10.0,kaggle
1390,komponen,daun gelang segar,30.0,1.3,0.7,5.8,kaggle
1391,komponen,daun gunda bali segar,50.0,4.6,0.9,7.0,kaggle
1392,komponen,daun gunda serang segar,62.0,4.2,0.9,9.2,kaggle
1393,komponen,daun jambu mete muda,73.0,4.6,0.5,16.2,kaggle
1394,komponen,daun jampang segar,34.0,3.8,0.5,5.3,kaggle
1395,komponen,daun jawaw seluang segar,93.0,5.0,1.3,15.3,kaggle
1396,komponen,daun jonghe segar,27.0,2.1,0.7,4.4,kaggle
1397,komponen,daun kacang ma segar,36.0,2.9,0.6,6.8,kaggle
1398,komponen,daun kacang panjang,34.0,4.1,0.4,5.8,kaggle
1399,dish,daun kacang panjang kukus,40.0,3.7,0.3,8.0,kaggle
1400,komponen,daun kacang panjang segar,30.0,3.1,0.3,5.8,kaggle
1401,komponen,daun kasbisingkong karet segar,92.0,4.0,3.6,10.9,kaggle
1402,komponen,daun katuk,59.0,4.8,1.0,11.0,kaggle
1403,dish,daun katuk rebus,53.0,5.3,0.9,9.1,kaggle
1404,komponen,daun katuk segar,59.0,6.4,1.0,9.9,kaggle
1405,komponen,daun kecipir,47.0,5.0,0.5,8.5,kaggle
1406,komponen,daun kedondong,59.0,2.8,0.3,13.4,kaggle
1407,komponen,daun kelor,82.0,6.7,1.7,14.3,kaggle
1408,dish,daun kelor rebus,61.0,6.1,0.9,10.0,kaggle
1409,komponen,daun kemangi,46.0,4.0,0.5,8.9,kaggle
1410,komponen,daun kenikir segar,45.0,3.7,0.5,6.6,kaggle
1411,komponen,daun kesum segar,48.0,4.5,0.8,9.1,kaggle
1412,komponen,daun kol sawi segar,22.0,2.1,0.5,3.6,kaggle
1413,komponen,daun koro,23.0,3.0,0.3,3.7,kaggle
1414,komponen,daun kubis segar,51.0,2.5,1.1,8.0,kaggle
1415,komponen,daun kumak,14.0,1.3,0.3,2.3,kaggle
1416,komponen,daun labu siam,60.0,4.0,0.4,4.7,kaggle
1417,komponen,daun labu waluh,30.0,3.6,0.6,4.5,kaggle
1418,komponen,daun lamtoro segar,87.0,8.3,1.8,14.4,kaggle
1419,komponen,daun leilem segar,76.0,2.8,0.2,15.8,kaggle
1420,komponen,daun leunca,45.0,4.7,0.5,8.1,kaggle
1421,komponen,daun lobak,30.0,2.3,0.4,5.8,kaggle
1422,komponen,daun lompong tales,40.0,3.0,0.8,7.4,kaggle
1423,komponen,daun mangkokan,54.0,3.7,0.3,11.8,kaggle
1424,komponen,daun matel ambon segar,71.0,6.8,1.6,11.5,kaggle
1425,komponen,daun melinjo,99.0,5.0,1.3,21.3,kaggle
1426,dish,daun mengkudu kukus,63.0,3.8,1.5,11.5,kaggle
1427,komponen,daun ndusuk segar,166.0,1.7,0.5,38.8,kaggle
1428,komponen,daun oyong,22.0,1.0,0.1,5.3,kaggle
1429,komponen,daun oyong segar,22.0,1.0,0.1,5.3,kaggle
1430,komponen,daun pakis,35.0,4.0,0.3,6.4,kaggle
1431,komponen,daun pakis longgiho segar,54.0,2.2,3.6,3.1,kaggle
1432,komponen,daun pakis segar,39.0,4.5,0.4,6.9,kaggle
1433,komponen,daun pakis wambateu segar,53.0,3.4,1.2,7.2,kaggle
1434,komponen,daun paku segar,29.0,3.4,0.1,6.5,kaggle
1435,komponen,daun pangisegar,104.0,3.9,0.6,17.9,kaggle
1436,komponen,daun pare segar,49.0,2.7,1.0,8.4,kaggle
1437,komponen,daun pepaya segar,87.0,8.0,2.0,11.9,kaggle
1438,komponen,daun pete cina,128.0,12.0,6.5,12.4,kaggle
1439,komponen,daun pohpohan,37.0,2.5,0.8,6.9,kaggle
1440,komponen,daun salam bubuk,301.0,14.2,10.9,49.0,kaggle
1441,komponen,daun selasih segar,62.0,4.0,0.5,10.5,kaggle
1442,komponen,daun semanggi,45.0,4.4,8.0,0.5,kaggle
1443,komponen,daun semanggi segar,45.0,4.4,0.5,8.5,kaggle
1444,komponen,daun simpur segar,53.0,3.2,2.5,7.6,kaggle
1445,komponen,daun singkil segar,68.0,2.0,1.0,15.2,kaggle
1446,komponen,daun singkong,73.0,6.8,1.2,13.0,kaggle
1447,dish,daun singkong ambon segar,144.0,12.7,1.2,25.2,kaggle
1448,dish,daun singkong ampenan segar,50.0,6.2,1.1,7.1,kaggle
1449,dish,daun singkong kopang segar,74.0,6.3,0.7,10.7,kaggle
1450,dish,daun singkong lodeh,55.0,4.0,0.5,8.5,kaggle
1451,dish,daun singkong rebus,31.0,3.7,0.6,4.8,kaggle
1452,dish,daun singkong segar,50.0,6.2,1.1,7.1,kaggle
1453,komponen,daun sintrong,36.0,2.6,0.9,6.1,kaggle
1454,dish,daun talas rebus,27.0,1.3,0.2,5.9,kaggle
1455,komponen,daun talas segar,59.0,3.0,0.4,13.5,kaggle
1456,komponen,daun tales,71.0,4.1,2.1,12.3,kaggle
1457,dish,daun tales rebus,27.0,1.3,0.2,5.9,kaggle
1458,komponen,daun tespong segar,70.0,2.9,0.3,13.9,kaggle
1459,komponen,daun ubi jalar,47.0,2.8,0.4,10.4,kaggle
1460,dish,daun ubi jalar kukus,56.0,3.1,0.3,13.0,kaggle
1461,komponen,daun ubi kuning segar,62.0,3.7,0.3,11.1,kaggle
1462,dish,daun ubi merah kukus,56.0,3.1,0.3,13.0,kaggle
1463,komponen,daun ubi merah segar,48.0,3.0,0.3,10.8,kaggle
1464,komponen,daun ubi putih segar,46.0,2.8,0.2,8.2,kaggle
1465,komponen,daun ubi tinta segar,55.0,1.7,0.1,11.9,kaggle
1466,komponen,deblo,260.0,2.0,15.0,53.0,kaggle
1467,dish,dendeng belut goreng,382.0,55.7,14.1,8.0,kaggle
1468,komponen,dendeng daging sapi,433.0,55.0,9.0,0.0,kaggle
1469,dish,dendeng mujahir goreng,598.0,74.3,26.9,9.2,kaggle
1470,komponen,dideh darah ayam,77.0,13.8,1.9,0.7,kaggle
1471,komponen,dideh darah sapi,104.0,21.9,1.1,0.0,kaggle
1472,dish,djibokum masakan,248.0,10.0,2.3,40.9,kaggle
1473,dish,dodol,395.0,3.0,5.7,81.2,kaggle
1474,dish,dodol bali,298.0,3.7,2.1,65.9,kaggle
1475,dish,dodol banjarmasin,368.0,2.6,8.6,70.0,kaggle
1476,dish,dodol galamai,348.0,0.4,3.8,76.1,kaggle
1477,dish,dodol kedondong,331.0,1.9,7.6,63.8,kaggle
1478,dish,dodol manado,373.0,4.3,16.5,51.9,kaggle
1479,komponen,dodonkol,17.5,3.3,2.3,39.5,kaggle
1480,komponen,domba daging gemuk segar,317.0,15.7,27.7,0.0,kaggle
1481,komponen,domba daging kurus segar,202.0,17.1,14.8,0.0,kaggle
1482,komponen,domba ginjal segar,100.0,16.6,3.3,1.0,kaggle
1483,komponen,duku,63.0,1.0,0.2,16.1,kaggle
1484,komponen,durian,134.0,2.5,3.0,28.0,kaggle
1485,komponen,duwet segar,80.0,0.5,0.6,18.2,kaggle
1486,komponen,eceng gondok,18.0,1.0,0.2,3.8,kaggle
1487,dish,embacang,98.0,1.4,0.2,25.4,kaggle
1488,dish,empal daging goreng masakan,248.0,36.2,6.9,10.1,kaggle
1489,dish,empal goreng,590.0,18.5,57.0,0.0,kaggle
1490,dish,emping kerupuk melinjo,345.0,12.0,1.5,71.5,kaggle
1491,dish,emping beras,403.0,10.6,2.2,85.3,kaggle
1492,dish,emping komak,355.0,17.8,4.6,60.7,kaggle
1493,komponen,encung asam segar,122.0,3.5,4.5,17.5,kaggle
1494,komponen,entingenting gepuk hello kity,538.0,13.6,30.3,52.6,kaggle
1495,komponen,entingenting gepuk kacang tanah,524.0,13.3,29.2,52.0,kaggle
1496,komponen,entingenting wijen,565.0,18.2,38.4,36.8,kaggle
1497,komponen,erbis,70.0,0.6,0.0,18.9,kaggle
1498,dish,es krim,210.0,4.0,12.5,20.6,kaggle
1499,dish,es krim coconut milk,156.7,3.0,1.7,32.7,kaggle
1500,dish,es mambo,152.0,0.0,0.0,37.6,kaggle
1501,dish,es sirup,44.8,0.0,0.0,11.3,kaggle
1502,komponen,fillet ofish,270.0,12.3,15.9,19.3,kaggle
1503,komponen,gadenggadung kering,322.0,2.4,0.6,76.6,kaggle
1504,dish,gadogado,137.0,6.1,3.2,21.0,kaggle
1505,dish,gadung kukus,88.0,0.8,0.3,20.9,kaggle
1506,komponen,gadung mentah,101.0,2.1,0.2,23.2,kaggle
1507,dish,gadung ubi kukus,88.0,0.6,0.3,20.9,kaggle
1508,komponen,gadung ubi segar,100.0,0.9,0.3,23.5,kaggle
1509,komponen,gambas oyong,18.0,0.8,0.2,4.1,kaggle
1510,dish,gambas lodeh,13.0,0.3,0.6,1.6,kaggle
1511,komponen,gandaria,68.0,0.7,0.1,18.0,kaggle
1512,dish,ganyong kukus,100.0,0.8,0.2,23.8,kaggle
1513,komponen,ganyong mentah,95.0,1.0,0.1,22.6,kaggle
1514,dish,ganyong rebus,100.0,0.8,0.2,23.8,kaggle
1515,komponen,ganyong segar,77.0,0.6,0.2,18.4,kaggle
1516,komponen,gaplek,338.0,1.5,0.7,81.3,kaggle
1517,komponen,gatep segar,191.0,4.5,1.5,39.7,kaggle
1518,komponen,gatot,347.0,1.3,0.7,83.8,kaggle
1519,komponen,geblek,195.0,0.4,1.7,44.4,kaggle
1520,komponen,gelatine,389.0,0.0,0.0,91.0,kaggle
1521,komponen,gembili,95.0,1.5,0.1,22.4,kaggle
1522,komponen,gembili ubi segar,131.0,1.1,0.2,31.3,kaggle
1523,komponen,gemblong,274.0,1.7,5.4,55.5,kaggle
1524,dish,gendar goreng,407.0,6.4,28.2,32.0,kaggle
1525,komponen,genjer segar,35.0,1.7,0.2,7.7,kaggle
1526,dish,geplak,350.0,1.4,14.4,53.6,kaggle
1527,dish,geplak jahe,462.0,3.1,24.4,57.7,kaggle
1528,dish,gete kuah asam masakan,75.0,8.2,2.0,6.0,kaggle
1529,dish,getuk goreng,360.0,1.3,6.4,74.3,kaggle
1530,dish,getuk lindri,171.4,4.0,4.0,32.0,kaggle
1531,dish,getuk pisang,144.0,1.1,0.4,34.1,kaggle
1532,komponen,getuk singkong,204.0,0.5,1.4,47.4,kaggle
1533,komponen,ginjal babi,114.0,16.3,4.6,0.8,kaggle
1534,komponen,ginjal domba,105.0,16.6,3.3,1.0,kaggle
1535,komponen,ginjal sapi,141.0,15.0,8.1,0.9,kaggle
1536,dish,gudeg,53.0,1.6,1.6,8.8,kaggle
1537,dish,gudeg sayur,160.0,3.3,9.2,16.0,kaggle
1538,komponen,gula aren,368.0,0.0,0.0,95.0,kaggle
1539,komponen,gula kelapa,386.0,3.0,10.0,76.0,kaggle
1540,komponen,gula merah tebu belum dimurnikan,356.0,0.4,0.5,90.6,kaggle
1541,komponen,gula putih,394.0,0.0,0.0,94.0,kaggle
1542,dish,gulai asam keueung masakan,52.0,10.0,0.5,1.8,kaggle
1543,dish,gulai ikan masakan,106.0,16.5,3.3,2.5,kaggle
1544,dish,gulai ikan paya masakan,148.0,10.0,9.8,5.0,kaggle
1545,dish,gulai kambing,126.0,4.2,9.4,6.2,kaggle
1546,dish,gulai keumamah masakan,110.0,5.9,8.2,3.2,kaggle
1547,dish,gulai pakis,143.0,4.0,11.4,6.0,kaggle
1548,dish,gulai pliek,176.0,7.3,14.9,3.2,kaggle
1549,dish,gulai tiram masakan,132.0,9.0,7.2,7.8,kaggle
1550,dish,gurame asem manis masakan,192.0,12.7,10.1,12.7,kaggle
1551,komponen,gurandil,218.0,0.5,2.5,48.5,kaggle
1552,komponen,ham,389.0,16.9,35.0,0.3,kaggle
1553,komponen,hangop,65.0,10.0,1.0,3.5,kaggle
1554,komponen,hati babi,134.0,19.7,4.8,1.7,kaggle
1555,komponen,hati sapi,136.0,19.7,3.2,6.0,kaggle
1556,komponen,havermout,390.0,14.2,7.4,68.2,kaggle
1557,komponen,hofaubi hutan segar,127.0,1.2,0.5,29.5,kaggle
1558,dish,ikan asar merah masakan,146.0,17.7,5.9,5.6,kaggle
1559,dish,ikan asin bilis goreng,380.0,33.6,27.5,0.0,kaggle
1560,dish,ikan asin gabus goreng,456.0,46.5,24.4,0.0,kaggle
1561,dish,ikan asin japuh goreng,348.0,18.7,29.5,0.0,kaggle
1562,komponen,ikan asin kering,193.0,42.0,1.5,0.0,kaggle
1563,dish,ikan asin pari goreng,430.0,58.2,23.6,0.0,kaggle
1564,dish,ikan asin pepetek goreng,652.0,40.4,54.3,0.0,kaggle
1565,dish,ikan asin sirinding goreng,319.0,6.9,31.7,0.0,kaggle
1566,dish,ikan asin teri goreng,430.0,33.4,32.4,0.0,kaggle
1567,komponen,ikan bader tawes,198.0,19.0,13.0,0.0,kaggle
1568,komponen,ikan balong segar,107.0,16.5,3.9,1.5,kaggle
1569,komponen,ikan bambangan segar,112.0,20.0,1.3,3.7,kaggle
1570,komponen,ikan bandeng,129.0,20.0,4.8,0.0,kaggle
1571,dish,ikan bandeng presto masakan,296.0,17.1,20.3,11.3,kaggle
1572,komponen,ikan banjar segar,111.0,19.4,0.9,4.8,kaggle
1573,komponen,ikan baronang segar,78.0,14.5,0.6,3.7,kaggle
1574,dish,ikan baung bakar,144.0,17.8,5.8,5.2,kaggle
1575,komponen,ikan baung segar,123.0,15.1,5.5,3.3,kaggle
1576,komponen,ikan bawal,96.0,19.0,1.7,0.0,kaggle
1577,komponen,ikan bekasang,138.0,14.0,0.7,7.4,kaggle
1578,dish,ikan belida bakar,128.0,18.0,3.0,7.2,kaggle
1579,komponen,ikan belida segar,80.0,14.7,1.4,2.2,kaggle
1580,dish,ikan belut segar goreng,417.0,25.9,19.4,32.0,kaggle
1581,komponen,ikan belut segar mentah,82.0,6.7,1.0,10.9,kaggle
1582,komponen,ikan beunteur,66.0,14.0,0.0,0.0,kaggle
1583,komponen,ikan biawan segar,90.0,14.9,2.5,2.1,kaggle
1584,komponen,ikan bili segar,88.0,14.2,0.7,6.2,kaggle
1585,komponen,ikan bubara segar,100.0,14.7,2.4,4.9,kaggle
1586,komponen,ikan bulanbulan segar,134.0,25.5,1.3,5.0,kaggle
1587,komponen,ikan cakalang asap mentah,204.0,34.2,5.6,1.9,kaggle
1588,komponen,ikan cakalang asin mentah,198.0,36.5,2.2,5.5,kaggle
1589,komponen,ikan cakalang hati segar,120.0,11.3,3.9,10.0,kaggle
1590,komponen,ikan cakalang jantung segar,116.0,11.2,1.2,10.2,kaggle
1591,komponen,ikan cakalang perut segar,86.0,10.2,1.1,8.7,kaggle
1592,komponen,ikan cakalang segar,107.0,19.6,0.7,5.5,kaggle
1593,komponen,ikan calo peda mentah,81.0,11.4,1.9,3.8,kaggle
1594,komponen,ikan daun segar,101.0,11.5,4.1,4.6,kaggle
1595,komponen,ikan ekor kuning,109.0,17.0,4.0,0.0,kaggle
1596,komponen,ikan gabus asap mentah,261.0,38.1,2.3,21.9,kaggle
1597,komponen,ikan gabus kering,292.0,58.0,4.0,0.0,kaggle
1598,komponen,ikan gabus segar,74.0,25.2,1.7,0.0,kaggle
1599,dish,ikan gete goreng,267.0,23.1,19.4,0.2,kaggle
1600,komponen,ikan hitam segar,101.0,10.3,3.7,6.7,kaggle
1601,komponen,ikan hiu kering,298.0,46.3,3.6,20.2,kaggle
1602,komponen,ikan hiu segar,57.0,10.7,0.3,2.2,kaggle
1603,komponen,ikan kacangan segar,77.0,15.6,0.9,1.6,kaggle
1604,komponen,ikan kakap segar,92.0,20.0,0.7,0.0,kaggle
1605,komponen,ikan kakatua segar,82.0,11.4,1.2,6.4,kaggle
1606,komponen,ikan kapar segar,132.0,17.0,6.7,0.8,kaggle
1607,komponen,ikan katombo asin,162.0,31.7,2.8,0.3,kaggle
1608,komponen,ikan kawalinya segar,110.0,12.6,4.2,5.4,kaggle
1609,komponen,ikan kayu kering,302.0,70.7,1.9,0.4,kaggle
1610,komponen,ikan kembung,103.0,22.0,1.0,0.0,kaggle
1611,komponen,ikan kima segar,70.0,10.8,0.7,5.2,kaggle
1612,dish,ikan lais bakar,147.0,17.5,6.5,5.4,kaggle
1613,komponen,ikan layang,109.0,22.0,1.7,0.0,kaggle
1614,komponen,ikan layur segar,82.0,18.0,1.0,0.4,kaggle
1615,komponen,ikan lehoma segar,90.0,20.4,0.9,0.0,kaggle
1616,dish,ikan lele goreng,252.0,19.9,19.1,0.0,kaggle
1617,komponen,ikan lemuru,112.0,20.0,3.0,0.0,kaggle
1618,komponen,ikan lidah segar,104.0,15.6,3.2,2.0,kaggle
1619,komponen,ikan lomak asin mentah,258.0,40.3,2.3,18.9,kaggle
1620,komponen,ikan malalugis segar,99.0,20.6,1.4,0.9,kaggle
1621,komponen,ikan mas,86.0,16.0,2.0,0.0,kaggle
1622,dish,ikan mas goreng,188.0,19.3,12.2,0.0,kaggle
1623,dish,ikan mas pepes,209.0,15.2,11.3,11.8,kaggle
1624,komponen,ikan mayong segar,97.0,17.9,2.0,0.4,kaggle
1625,dish,ikan mujair dendeng goreng,598.0,74.3,26.9,9.2,kaggle
1626,komponen,ikan mujair dendeng mentah,582.0,68.3,15.2,37.2,kaggle
1627,dish,ikan mujair goreng,416.0,46.9,23.9,0.0,kaggle
1628,dish,ikan mujair pepes,121.0,21.7,2.8,0.8,kaggle
1629,komponen,ikan mujair segar,89.0,18.7,1.0,0.0,kaggle
1630,komponen,ikan nasu metti segar,154.0,16.8,5.0,10.5,kaggle
1631,komponen,ikan oci kembung segar,125.0,21.3,3.4,2.2,kaggle
1632,dish,ikan papuyu bakar,152.0,17.6,6.1,6.7,kaggle
1633,komponen,ikan papuyu betok segar,120.0,14.3,4.9,4.6,kaggle
1634,dish,ikan patin bakar,144.0,17.5,6.3,4.3,kaggle
1635,komponen,ikan patin segar,132.0,17.0,6.6,1.1,kaggle
1636,komponen,ikan peda banjar mentah,156.0,28.0,4.0,2.0,kaggle
1637,komponen,ikan pepetek,176.0,32.0,4.4,0.0,kaggle
1638,dish,ikan pindang banjar mentah,157.0,28.0,4.2,1.8,kaggle
1639,dish,ikan pindang benggol mentah,170.0,31.0,4.2,0.0,kaggle
1640,dish,ikan pindang layang mentah,153.0,30.0,2.8,0.0,kaggle
1641,dish,ikan pindang selar mentah,142.0,27.0,3.0,0.0,kaggle
1642,komponen,ikan sale lais mentah,415.0,61.3,17.6,2.9,kaggle
1643,komponen,ikan sale segar,534.0,40.2,39.3,4.9,kaggle
1644,komponen,ikan saluang kering mentah,284.0,34.1,9.9,14.6,kaggle
1645,komponen,ikan saluang segar,113.0,13.9,4.9,3.4,kaggle
1646,dish,ikan sanggang masakan,240.0,21.7,7.7,20.7,kaggle
1647,komponen,ikan sarden segar,109.0,19.9,1.8,3.4,kaggle
1648,komponen,ikan segar,113.0,17.0,4.5,0.0,kaggle
1649,komponen,ikan selar kering,194.0,38.0,3.5,0.0,kaggle
1650,komponen,ikan selar kuning cue mentah,138.0,27.0,3.3,0.0,kaggle
1651,komponen,ikan selar segar,100.0,18.8,2.2,0.0,kaggle
1652,komponen,ikan sepat kering,289.0,38.0,14.0,0.0,kaggle
1653,komponen,ikan sepat segar,84.0,15.2,0.6,4.7,kaggle
1654,komponen,ikan sidat segar,81.0,11.4,1.9,3.8,kaggle
1655,komponen,ikan sunu asin mentah,199.0,34.1,3.8,7.1,kaggle
1656,komponen,ikan sunu segar,111.0,13.3,3.4,6.7,kaggle
1657,komponen,ikan tahuman segar,88.0,15.9,0.9,4.1,kaggle
1658,komponen,ikan tarmon segar,96.0,19.5,1.1,2.0,kaggle
1659,komponen,ikan telan segar,95.0,15.8,0.7,6.5,kaggle
1660,komponen,ikan telur asin mentah,358.0,20.7,26.4,9.4,kaggle
1661,komponen,ikan tembang,204.0,16.0,15.0,0.0,kaggle
1662,komponen,ikan tempahas segar,101.0,15.1,4.1,1.0,kaggle
1663,komponen,ikan tepung mentah,316.0,60.1,6.5,22.4,kaggle
1664,komponen,ikan terbang segar,98.0,19.6,1.7,1.0,kaggle
1665,komponen,ikan teri bubuk,277.0,60.0,2.3,1.8,kaggle
1666,komponen,ikan teri kering,170.0,33.4,3.0,0.0,kaggle
1667,komponen,ikan teri kering tawar,331.0,68.7,4.2,0.0,kaggle
1668,dish,ikan teri nasi kering,144.0,32.5,0.6,0.0,kaggle
1669,komponen,ikan teri segar,74.0,10.3,1.4,4.1,kaggle
1670,komponen,ikan teri tepung,347.0,48.8,6.4,19.6,kaggle
1671,komponen,ikan titang segar,82.0,17.4,0.4,2.3,kaggle
1672,komponen,ikan tongkol segar,100.0,13.7,1.5,8.0,kaggle
1673,komponen,ikan turi segar,96.0,19.2,2.0,0.2,kaggle
1674,dish,intip goreng,474.0,7.6,21.6,62.3,kaggle
1675,komponen,itik alabio daging dendeng mentah,496.0,30.3,33.5,18.4,kaggle
1676,komponen,jagung grontol,156.0,2.7,1.3,33.3,kaggle
1677,komponen,jagung kuning giling,361.0,8.7,4.5,72.4,kaggle
1678,komponen,jagung kuning muda,129.0,4.1,1.3,30.3,kaggle
1679,komponen,jagung kuning pipil baru,307.0,7.9,3.4,63.6,kaggle
1680,komponen,jagung kuning pipil kering mentah,366.0,9.8,7.3,69.1,kaggle
1681,komponen,jagung kuning pipil lama,355.0,9.2,3.9,73.7,kaggle
1682,dish,jagung kuning pipil rebus,154.0,3.8,3.5,28.4,kaggle
1683,komponen,jagung kuning segar,140.0,4.7,1.3,33.1,kaggle
1684,komponen,jagung kuning tepung,355.0,9.2,3.9,73.7,kaggle
1685,komponen,jagung muda,35.0,2.2,0.1,7.4,kaggle
1686,komponen,jagung muda kuning mentah,147.0,5.1,0.7,31.5,kaggle
1687,dish,jagung muda rebus,142.0,5.0,0.7,30.3,kaggle
1688,komponen,jagung pipil var harapan kering,367.0,6.2,5.1,76.2,kaggle
1689,komponen,jagung pipil var metro kering,368.0,5.5,4.6,78.0,kaggle
1690,komponen,jagung putih giling,361.0,8.7,4.5,72.4,kaggle
1691,komponen,jagung putih muda,129.0,4.1,1.3,30.3,kaggle
1692,komponen,jagung putih pipil baru,307.0,7.9,3.4,63.6,kaggle
1693,komponen,jagung putih pipil lama,355.0,9.2,3.9,73.7,kaggle
1694,komponen,jagung putih segar,140.0,4.7,1.3,33.1,kaggle
1695,dish,jagung rebus,175.0,1.8,1.8,35.0,kaggle
1696,dish,jagung sayur tumis,148.9,10.4,10.4,20.1,kaggle
1697,komponen,jagung titi,374.0,9.4,2.2,79.1,kaggle
1698,komponen,jahe,51.0,1.5,1.0,10.1,kaggle
1699,komponen,jali,289.0,11.0,4.0,61.0,kaggle
1700,komponen,jam selai,239.0,0.5,0.6,64.5,kaggle
1701,dish,jambal goreng,286.0,48.5,9.2,2.3,kaggle
1702,komponen,jambu air,46.0,0.6,0.0,11.8,kaggle
1703,komponen,jambu biji,49.0,0.9,0.3,12.2,kaggle
1704,komponen,jambu biji putih tidak berbiji,61.0,0.9,0.3,15.4,kaggle
1705,komponen,jambu bol,56.0,0.6,0.3,14.2,kaggle
1706,komponen,jambu monyet buah,64.0,0.7,0.6,15.8,kaggle
1707,komponen,jampang huma mentah,350.0,6.2,1.4,78.2,kaggle
1708,dish,jamur coklat kulat siau,45.0,2.5,3.9,0.0,kaggle
1709,dish,jamur encik,296.0,9.4,1.1,62.0,kaggle
1710,dish,jamur kuping kering,294.0,16.0,0.9,64.6,kaggle
1711,dish,jamur kuping segar,21.0,3.8,0.6,0.9,kaggle
1712,dish,jamur merang segar,30.0,3.5,0.2,4.0,kaggle
1713,dish,jamur putih kulat putih,48.0,2.8,4.1,2.9,kaggle
1714,dish,jamur sagu,48.0,1.9,3.2,2.8,kaggle
1715,dish,jamur tiram segar,30.0,1.9,0.1,5.5,kaggle
1716,dish,jangang bintatoeng masakan,107.0,5.3,2.2,16.5,kaggle
1717,komponen,jantung pisang segar,31.0,1.2,0.3,7.1,kaggle
1718,komponen,japilus,500.0,1.2,25.1,67.3,kaggle
1719,komponen,jaruk tigarun,48.0,2.5,4.2,0.0,kaggle
1720,komponen,jawawut,334.0,9.7,3.5,73.4,kaggle
1721,dish,jenang,381.7,9.5,9.5,65.8,kaggle
1722,komponen,jengkol segar,192.0,5.4,0.3,40.7,kaggle
1723,komponen,jeruk bali,48.0,0.6,0.2,12.4,kaggle
1724,komponen,jeruk banjar segar,61.0,0.8,0.2,14.1,kaggle
1725,komponen,jeruk garut,44.0,0.8,0.3,10.9,kaggle
1726,komponen,jeruk kalamansi segar,39.0,0.3,0.3,8.9,kaggle
1727,komponen,jeruk manis,45.0,0.9,0.2,11.2,kaggle
1728,komponen,jeruk nipis,37.0,0.8,0.1,12.3,kaggle
1729,komponen,jeruk ragi segar,49.0,0.7,0.2,11.1,kaggle
1730,komponen,jotang,32.0,1.9,0.3,7.1,kaggle
1731,dish,jukku pallu kaloa masakan,15.0,15.2,4.3,8.8,kaggle
1732,komponen,kabau segar,130.0,6.7,0.3,25.2,kaggle
1733,komponen,kaburan ubi segar,133.0,1.0,0.2,32.2,kaggle
1734,komponen,kabuto,250.0,2.6,2.5,35.4,kaggle
1735,komponen,kacang andong,356.0,20.5,4.1,61.6,kaggle
1736,komponen,kacang arab,330.0,23.8,1.4,60.2,kaggle
1737,komponen,kacang atom,533.0,27.8,38.1,28.8,kaggle
1738,komponen,kacang babi kering,341.0,30.4,3.2,51.3,kaggle
1739,komponen,kacang belimbing kecipir kering,400.0,34.4,16.9,34.1,kaggle
1740,dish,kacang belimbing rebus,204.0,16.9,8.8,17.5,kaggle
1741,komponen,kacang belimbing tempe,212.0,17.5,10.0,12.9,kaggle
1742,komponen,kacang beracun segar,118.0,4.4,1.5,21.6,kaggle
1743,dish,kacang bogor goreng,479.0,12.7,23.2,58.9,kaggle
1744,komponen,kacang bogor kering,370.0,16.0,6.0,65.0,kaggle
1745,dish,kacang bogor rebus,161.0,7.7,2.8,27.1,kaggle
1746,komponen,kacang bogor segar,165.0,7.7,3.1,27.4,kaggle
1747,komponen,kacang endel biji,331.0,25.0,1.0,58.0,kaggle
1748,komponen,kacang ercis segar,129.0,12.4,0.7,18.3,kaggle
1749,komponen,kacang galing segar,336.0,23.1,1.7,59.5,kaggle
1750,komponen,kacang goyang,516.0,14.7,31.1,44.4,kaggle
1751,komponen,kacang gude biji,336.0,20.7,1.4,62.0,kaggle
1752,komponen,kacang gude biji kering,316.0,20.7,1.0,58.0,kaggle
1753,komponen,kacang gude biji muda,114.0,7.0,0.6,20.8,kaggle
1754,komponen,kacang gude muda,123.0,8.4,0.6,1.8,kaggle
1755,dish,kacang gude rebus,147.0,9.0,0.5,27.5,kaggle
1756,komponen,kacang hijau kering,323.0,22.9,1.5,56.8,kaggle
1757,dish,kacang hijau rebus,109.0,8.7,0.5,18.3,kaggle
1758,komponen,kacang hijau var bakti kering,350.0,17.1,1.8,70.7,kaggle
1759,komponen,kacang hijau var siwalik kering,339.0,20.8,2.1,64.6,kaggle
1760,komponen,kacang hitam kering,346.0,16.6,1.7,66.1,kaggle
1761,komponen,kacang ijo,345.0,22.2,1.2,62.9,kaggle
1762,dish,kacang kapri goreng,445.0,11.0,11.0,65.5,kaggle
1763,komponen,kacang kapri muda,98.0,6.7,0.4,17.7,kaggle
1764,komponen,kacang kedelai basah,286.0,30.2,15.6,30.1,kaggle
1765,dish,kacang kedelai goreng,521.0,32.2,37.7,22.9,kaggle
1766,komponen,kacang kedelai kering,381.0,40.4,16.7,24.9,kaggle
1767,dish,kacang kedelai kukus,75.0,4.1,2.1,10.7,kaggle
1768,dish,kacang kedelai rebus,189.0,20.2,8.2,12.7,kaggle
1769,komponen,kacang kedelai segar,286.0,30.2,15.6,30.1,kaggle
1770,komponen,kacang komak segar,327.0,16.4,4.3,55.8,kaggle
1771,komponen,kacang kuning kering,355.0,17.0,2.5,66.0,kaggle
1772,komponen,kacang lebui iris kering,346.0,16.5,1.5,66.6,kaggle
1773,komponen,kacang mekah polong segar,22.0,1.1,1.0,3.4,kaggle
1774,komponen,kacang mentega kering,344.0,16.7,2.1,64.6,kaggle
1775,komponen,kacang merah,336.0,23.1,1.7,59.5,kaggle
1776,komponen,kacang merah banda kering,350.0,13.9,3.0,66.9,kaggle
1777,komponen,kacang merah kering,314.0,22.1,1.1,56.2,kaggle
1778,dish,kacang merah kering rebus,158.0,10.3,0.9,28.2,kaggle
1779,komponen,kacang merah segar,171.0,11.0,2.2,28.0,kaggle
1780,dish,kacang merah segar rebus,144.0,10.0,1.0,24.7,kaggle
1781,komponen,kacang merah tua kering,280.0,16.7,1.6,63.2,kaggle
1782,dish,kacang metebiji jambu monyet goreng,629.0,20.4,56.3,19.8,kaggle
1783,komponen,kacang metebiji jambu monyet segar,616.0,16.3,48.4,28.7,kaggle
1784,komponen,kacang negara,480.0,18.4,19.1,58.5,kaggle
1785,komponen,kacang panjang,44.0,2.7,0.3,7.8,kaggle
1786,komponen,kacang panjang biji,357.0,17.3,1.5,70.0,kaggle
1787,dish,kacang panjang kukus,39.0,3.0,0.6,7.6,kaggle
1788,dish,kacang panjang tumis,150.0,2.5,12.5,7.0,kaggle
1789,komponen,kacang ranti polong,37.0,3.1,0.2,7.9,kaggle
1790,komponen,kacang sukro,484.0,8.8,26.1,57.7,kaggle
1791,komponen,kacang sukro putih,488.0,25.6,25.6,59.6,kaggle
1792,komponen,kacang tanah atom,535.0,27.8,38.1,28.8,kaggle
1793,dish,kacang tanah goreng,564.0,25.5,44.4,25.5,kaggle
1794,komponen,kacang tanah kacang sari,561.0,25.5,43.8,26.0,kaggle
1795,komponen,kacang tanah kering,525.0,27.9,42.7,17.4,kaggle
1796,dish,kacang tanah rebus,385.0,14.0,31.0,13.0,kaggle
1797,dish,kacang tanah rebus berkulit,360.0,13.5,31.2,12.8,kaggle
1798,komponen,kacang tanah rempeyek,513.0,17.5,32.5,44.3,kaggle
1799,komponen,kacang tanah sangan berselaput,569.0,28.8,48.4,15.8,kaggle
1800,komponen,kacang tanah sangan tanpa selaput,559.0,26.9,44.2,23.6,kaggle
1801,komponen,kacang tanah sari,561.0,25.5,43.8,26.0,kaggle
1802,komponen,kacang telur,748.0,20.8,20.8,124.8,kaggle
1803,komponen,kacang tolo tunggak kering,331.0,24.4,1.9,56.6,kaggle
1804,dish,kacang tolo rebus,138.0,10.7,1.1,22.6,kaggle
1805,komponen,kacang tunggak tolo,342.0,22.9,1.4,61.6,kaggle
1806,dish,kacang tunggak rebus,138.0,10.7,1.1,22.6,kaggle
1807,komponen,kacang tunggak rempeyek,451.0,11.2,20.2,59.7,kaggle
1808,komponen,kacang tunis kering,351.0,12.2,1.2,72.9,kaggle
1809,komponen,kacang uci kering,358.0,23.4,2.4,60.6,kaggle
1810,komponen,kacang urei kering,354.0,12.8,1.8,69.3,kaggle
1811,komponen,kadada katembe,110.0,4.5,6.9,7.1,kaggle
1812,dish,kaholeo masakan,413.0,28.7,19.8,29.8,kaggle
1813,komponen,kakap,92.0,20.0,0.7,0.0,kaggle
1814,komponen,kalakai,66.0,2.8,6.8,3.4,kaggle
1815,dish,kalio jeroan masakan,163.0,16.5,9.0,4.1,kaggle
1816,dish,kalio kikil tunjang masakan,122.0,13.8,5.7,3.9,kaggle
1817,dish,kalio otak masakan,157.0,8.1,8.8,11.4,kaggle
1818,dish,kalio telur masakan,193.0,10.6,12.4,9.7,kaggle
1819,komponen,kambing daging segar,149.0,16.6,9.2,0.0,kaggle
1820,komponen,kambose,164.0,3.0,2.4,32.6,kaggle
1821,komponen,kangkung,29.0,3.0,0.3,5.4,kaggle
1822,dish,kangkung kukus,30.0,3.2,0.7,4.7,kaggle
1823,dish,kangkung rebus,22.0,2.5,0.6,3.1,kaggle
1824,komponen,kangkung tondano,43.0,1.8,0.2,8.4,kaggle
1825,dish,kangkung tumis,52.0,1.8,3.6,3.0,kaggle
1826,komponen,kaparende sayur,38.0,2.4,2.0,2.6,kaggle
1827,komponen,kapri muda,42.0,3.3,0.2,9.6,kaggle
1828,dish,kapurung,41.0,2.0,0.3,7.8,kaggle
1829,komponen,kapusa,158.0,4.4,3.2,27.8,kaggle
1830,komponen,karawila,25.0,2.3,0.2,3.5,kaggle
1831,dish,karedok,146.7,5.9,5.9,19.7,kaggle
1832,dish,karedok sayur,92.0,2.2,3.3,14.1,kaggle
1833,komponen,karoket,292.0,11.2,11.2,2.8,kaggle
1834,komponen,katak,73.0,16.4,0.3,0.0,kaggle
1835,komponen,katul beras,275.0,12.6,14.8,54.6,kaggle
1836,komponen,katul jagung,356.0,9.0,8.5,64.5,kaggle
1837,komponen,kawista segar,120.0,3.5,2.5,20.8,kaggle
1838,komponen,kecap,46.0,5.7,1.3,9.0,kaggle
1839,dish,kecimpring singkong goreng,464.0,1.2,18.6,73.0,kaggle
1840,komponen,kecipir biji,405.0,32.8,17.0,36.5,kaggle
1841,komponen,kecipir buah muda,35.0,2.9,0.2,0.8,kaggle
1842,komponen,kecipir muda segar,32.0,2.9,0.2,5.8,kaggle
1843,komponen,kecombrang segar,34.0,0.9,1.0,6.7,kaggle
1844,komponen,kedondong segar,47.0,0.5,0.2,10.4,kaggle
1845,komponen,keju,326.0,22.8,20.3,13.1,kaggle
1846,komponen,keju kacang tanah,590.0,27.0,49.0,20.9,kaggle
1847,komponen,kelapa hutan kering,623.0,2.0,52.1,36.5,kaggle
1848,komponen,kelapa muda air,17.0,0.2,0.1,3.8,kaggle
1849,komponen,kelapa muda daging,68.0,1.0,0.9,14.0,kaggle
1850,komponen,kelapa setengah tua daging,180.0,4.0,15.0,10.0,kaggle
1851,komponen,kelapa tua daging,359.0,3.4,34.7,14.0,kaggle
1852,dish,kelepon,214.0,5.4,5.4,40.2,kaggle
1853,komponen,kelewih,111.0,1.5,0.3,27.2,kaggle
1854,komponen,kelinci daging segar,142.0,16.9,7.8,0.0,kaggle
1855,komponen,kemang,48.0,1.0,0.2,11.9,kaggle
1856,komponen,kembang tahu,380.0,48.9,13.8,23.3,kaggle
1857,komponen,kembang turi,44.0,1.8,0.6,9.6,kaggle
1858,komponen,kemiri,636.0,19.0,63.0,8.0,kaggle
1859,komponen,kenari,657.0,15.0,66.0,13.0,kaggle
1860,komponen,kenari banda kering,616.0,13.9,56.2,13.7,kaggle
1861,komponen,kentang,83.0,2.0,0.1,19.1,kaggle
1862,komponen,kentang hitam,142.0,0.9,0.4,33.7,kaggle
1863,komponen,keong,64.0,12.0,1.0,2.0,kaggle
1864,komponen,kepala susu krim,204.0,2.6,20.0,4.0,kaggle
1865,komponen,kepiting,151.0,13.8,3.8,14.1,kaggle
1866,komponen,kerang,59.0,18.0,1.1,3.6,kaggle
1867,komponen,kerang asap mentah,393.0,38.9,13.3,29.4,kaggle
1868,komponen,kerang dendeng mentah,357.0,41.1,10.0,25.6,kaggle
1869,komponen,kerbau daging segar,79.0,18.7,0.5,0.0,kaggle
1870,komponen,keremes,475.0,1.6,25.5,64.4,kaggle
1871,komponen,keribang ubi segar,137.0,1.3,1.1,29.8,kaggle
1872,dish,keripik bayam,586.0,4.9,40.6,50.2,kaggle
1873,komponen,keripik gadung,446.0,2.8,14.5,76.0,kaggle
1874,dish,keripik kentang,448.0,2.7,18.8,67.1,kaggle
1875,komponen,keripik lampung,485.0,1.7,22.2,69.7,kaggle
1876,komponen,keripik oncom,598.0,8.3,43.8,42.6,kaggle
1877,dish,keripik singkong,478.0,0.9,20.7,72.0,kaggle
1878,dish,keripik singkong berbumbu,481.0,2.2,19.7,73.6,kaggle
1879,dish,keripik tempe,581.0,12.1,40.6,41.7,kaggle
1880,dish,keripik tempe abadi murni,542.0,40.3,42.4,11.6,kaggle
1881,dish,keripik tempe abadi sedang,510.0,12.3,27.9,52.4,kaggle
1882,dish,keripik tempe abadi telur,529.0,20.8,31.7,40.2,kaggle
1883,dish,keripik ubi,486.0,0.2,23.9,67.6,kaggle
1884,komponen,kerokot segar,26.0,1.7,0.4,3.8,kaggle
1885,komponen,kerupuk aci,350.0,0.5,0.2,85.9,kaggle
1886,dish,kerupuk cumi goreng,444.0,6.9,14.6,71.3,kaggle
1887,komponen,kerupuk ikan berpati,342.0,16.0,0.4,65.6,kaggle
1888,komponen,kerupuk kemplang ikan mentah,325.0,1.8,0.4,78.5,kaggle
1889,dish,kerupuk kemplang goreng,504.0,5.6,28.1,57.1,kaggle
1890,komponen,kerupuk kemplang panggang,356.0,9.7,1.1,76.9,kaggle
1891,komponen,kerupuk kulit kerbau,422.0,83.0,4.0,0.0,kaggle
1892,dish,kerupuk melinjo mentah,345.0,12.0,1.5,71.5,kaggle
1893,dish,kerupuk melinjo tebal goreng asin,431.0,11.1,16.2,63.0,kaggle
1894,dish,kerupuk melinjo tebal goreng manis,439.0,10.0,16.4,65.7,kaggle
1895,dish,kerupuk melinjo tipis goreng,485.0,11.5,24.5,59.1,kaggle
1896,dish,kerupuk mie kuning goreng,476.0,0.1,21.1,71.3,kaggle
1897,komponen,kerupuk sayong,46.7,17.3,17.3,81.3,kaggle
1898,komponen,kerupuk udang,340.0,30.0,30.0,52.0,kaggle
1899,komponen,kerupuk udang berpati,359.0,17.2,68.2,332.0,kaggle
1900,dish,kerupuk udang goreng,477.0,4.7,20.5,68.5,kaggle
1901,komponen,kerupuk urat,588.0,53.7,40.9,1.2,kaggle
1902,komponen,kesemek,78.0,0.8,0.4,20.0,kaggle
1903,komponen,ketan hitam matang,181.0,4.0,1.2,37.3,kaggle
1904,komponen,ketan putih matang,163.0,3.0,0.4,35.7,kaggle
1905,komponen,ketapang,340.0,11.0,11.0,54.0,kaggle
1906,komponen,ketela pohon kuning,157.0,0.8,0.3,37.9,kaggle
1907,komponen,ketela singkong segar,154.0,1.0,0.3,36.8,kaggle
1908,dish,ketela pohonsingkong kukus,153.0,1.2,0.3,36.4,kaggle
1909,komponen,ketimun,12.0,0.7,0.1,2.7,kaggle
1910,komponen,ketimun madura segar,9.0,0.5,0.1,1.9,kaggle
1911,dish,ketoprak,153.0,7.9,7.7,13.0,kaggle
1912,komponen,ketumbar,404.0,14.1,16.1,54.2,kaggle
1913,dish,ketupat ketan,212.0,4.0,4.6,38.6,kaggle
1914,dish,ketupat tahu,109.6,2.6,2.6,18.6,kaggle
1915,komponen,kluwek,310.0,10.0,24.0,13.5,kaggle
1916,komponen,kodok segar,73.0,16.4,0.3,0.0,kaggle
1917,komponen,kokosan,86.0,1.6,0.2,13.0,kaggle
1918,komponen,komak polong segar,99.0,3.3,0.1,21.2,kaggle
1919,komponen,kool kembang,25.0,2.4,0.2,4.9,kaggle
1920,komponen,kool merah kool putih,24.0,1.4,0.2,5.3,kaggle
1921,komponen,kopi bagian yang larut,352.0,17.4,1.3,69.0,kaggle
1922,komponen,kopi bubuk instant,129.0,12.3,0.5,35.0,kaggle
1923,komponen,koro andong kering,356.0,20.5,4.1,61.6,kaggle
1924,komponen,koro benguk biji,332.0,24.0,3.0,55.0,kaggle
1925,komponen,koro benguk tempe,141.0,10.2,1.3,23.2,kaggle
1926,komponen,koro kerupuk biji,125.0,8.3,0.7,22.1,kaggle
1927,komponen,koro loke biji,33.0,2.7,0.2,7.9,kaggle
1928,komponen,koro roway biji,344.0,12.5,2.1,69.4,kaggle
1929,komponen,koro wedus biji,338.0,22.2,1.5,61.0,kaggle
1930,komponen,koro wedus buah muda,38.0,3.0,0.3,7.9,kaggle
1931,komponen,koro wedus polong,46.0,3.0,0.3,7.9,kaggle
1932,komponen,kotiu hinela tawang nggole,46.0,2.2,1.5,6.0,kaggle
1933,komponen,koya,366.0,4.2,4.3,77.5,kaggle
1934,komponen,koya mirasa,370.0,8.0,1.0,82.2,kaggle
1935,komponen,kranji segar,315.0,2.1,1.4,73.5,kaggle
1936,dish,kripik tempe goreng,542.0,40.3,42.4,11.5,kaggle
1937,komponen,krokot,21.0,1.7,0.4,3.8,kaggle
1938,komponen,kucai,45.0,2.2,0.3,10.3,kaggle
1939,komponen,kucai muda lokio,42.0,3.8,0.6,7.8,kaggle
1940,komponen,kuda daging segar,113.0,18.1,4.1,0.9,kaggle
1941,dish,kue ali,440.0,3.8,18.5,64.5,kaggle
1942,dish,kue apem,186.7,1.6,1.6,39.6,kaggle
1943,dish,kue bangket,338.0,1.5,1.2,80.3,kaggle
1944,dish,kue bugis,240.0,1.0,4.0,54.0,kaggle
1945,dish,kue jahe,425.0,1.6,8.8,84.6,kaggle
1946,dish,kue kelapa,591.0,5.6,42.1,47.5,kaggle
1947,dish,kue koya,366.0,4.2,4.3,7.9,kaggle
1948,dish,kue lumpur,291.0,3.6,11.1,44.1,kaggle
1949,dish,kue mangkok,182.0,1.0,1.0,40.4,kaggle
1950,dish,kue pacar cina,126.7,0.7,0.7,57.3,kaggle
1951,dish,kue pia,296.0,1.4,1.4,66.4,kaggle
1952,dish,kue putu cangkir,304.0,5.3,7.0,54.9,kaggle
1953,dish,kue putu singkong,217.0,1.2,0.5,53.2,kaggle
1954,dish,kue satu,393.3,2.7,2.7,79.3,kaggle
1955,dish,kue semprong,380.0,1.0,1.0,92.0,kaggle
1956,dish,kue sus,221.0,7.5,10.2,24.8,kaggle
1957,dish,kue talam,180.0,5.0,5.0,32.0,kaggle
1958,dish,kue tambang,512.0,26.0,26.0,60.4,kaggle
1959,dish,kue thipan,247.0,2.9,4.2,49.5,kaggle
1960,komponen,kulit melinjo,111.0,4.5,1.1,20.7,kaggle
1961,komponen,kundur segar,22.0,0.4,0.2,4.7,kaggle
1962,komponen,kunyit,63.0,2.0,2.7,9.1,kaggle
1963,komponen,kurakura,83.0,19.1,0.2,0.0,kaggle
1964,komponen,kwaci,515.0,30.6,42.1,13.8,kaggle
1965,komponen,kwark quark,242.0,19.0,17.0,3.0,kaggle
1966,komponen,labu air,17.0,0.6,0.2,3.8,kaggle
1967,komponen,labu kuning segar,51.0,1.7,0.5,10.0,kaggle
1968,komponen,labu siam,26.0,0.6,0.1,6.7,kaggle
1969,komponen,labu waluh segar,32.0,1.1,0.1,6.6,kaggle
1970,dish,laksa,166.3,2.7,3.9,29.5,kaggle
1971,komponen,lamtoro pete cina biji muda,85.0,5.7,0.3,15.4,kaggle
1972,komponen,lamtoro biji tua,148.0,10.6,0.5,26.2,kaggle
1973,komponen,lamtoro tempe,142.0,11.0,2.5,20.4,kaggle
1974,komponen,lamtoro var gung tanpa kulit,367.0,46.4,5.4,32.5,kaggle
1975,komponen,lamtoro var lokal dengan kulit,336.0,23.8,1.2,59.7,kaggle
1976,komponen,langsat,56.0,0.9,0.2,14.3,kaggle
1977,komponen,lantar segar,34.0,2.2,0.3,5.5,kaggle
1978,komponen,lanting getuk,422.0,0.9,10.8,80.4,kaggle
1979,dish,lapis legit,389.0,6.6,15.7,55.5,kaggle
1980,dish,lawar babi masakan,174.0,17.0,10.0,3.0,kaggle
1981,dish,lawar penyu masakan,141.0,23.0,1.5,7.6,kaggle
1982,dish,lawara jangang masakan,159.0,5.0,10.9,10.1,kaggle
1983,dish,lawara penjah masakan,207.0,7.4,15.4,9.6,kaggle
1984,komponen,ledre pisang,405.0,4.8,5.1,84.9,kaggle
1985,komponen,lema rebung asam,15.0,1.0,0.4,1.9,kaggle
1986,komponen,lemak babi,902.0,0.0,100.0,0.0,kaggle
1987,komponen,lemak babi bacon,630.0,9.1,65.0,1.1,kaggle
1988,komponen,lemak ikan,372.0,12.0,29.4,14.4,kaggle
1989,komponen,lemak kerbau,818.0,1.5,90.0,0.0,kaggle
1990,komponen,lemon segar,34.0,0.5,0.8,6.2,kaggle
1991,komponen,lemon squasih,36.0,0.0,0.0,10.0,kaggle
1992,komponen,lemonade,30.0,0.0,0.0,8.0,kaggle
1993,dish,lemper,221.3,3.8,3.6,43.4,kaggle
1994,komponen,lempog durian,320.0,3.5,5.7,63.7,kaggle
1995,komponen,lepokubi rumput,181.0,2.8,1.2,39.8,kaggle
1996,komponen,leunca buah,33.0,1.9,0.1,7.4,kaggle
1997,dish,leupeut ketan,240.0,7.8,0.5,51.3,kaggle
1998,dish,leverwost sosis hati,387.0,16.0,22.0,3.0,kaggle
1999,komponen,lilin bungkus gedi,79.0,2.3,5.2,5.8,kaggle
2000,komponen,lobak,19.0,0.9,0.1,4.2,kaggle
2001,komponen,lokan segar,217.0,11.0,1.7,5.1,kaggle
2002,komponen,lontar segar,27.0,0.4,0.2,6.0,kaggle
2003,komponen,lopis,163.3,2.8,2.2,33.0,kaggle
2004,komponen,lumaileunca segar,38.0,1.1,0.3,7.6,kaggle
2005,dish,lupis ketan,164.0,1.8,2.1,34.5,kaggle
2006,komponen,madu,294.0,0.3,0.0,79.5,kaggle
2007,komponen,maizena tepung,341.0,0.3,0.0,85.0,kaggle
2008,komponen,makaroni,363.0,8.7,0.4,78.7,kaggle
2009,komponen,mangga benggala segar,63.0,2.4,0.4,12.4,kaggle
2010,komponen,mangga gedong,44.0,0.7,0.2,11.2,kaggle
2011,komponen,mangga golek,63.0,0.5,0.2,16.7,kaggle
2012,komponen,mangga harum manis,46.0,0.4,0.2,11.9,kaggle
2013,komponen,mangga indramayu,72.0,0.8,0.2,18.7,kaggle
2014,komponen,mangga kopek,56.0,0.4,0.2,14.6,kaggle
2015,komponen,mangga kwini segar,86.0,0.7,0.5,19.8,kaggle
2016,komponen,mangga manalagi segar,133.0,1.0,0.1,32.1,kaggle
2017,komponen,mangga muda,59.0,0.5,0.4,15.1,kaggle
2018,komponen,mangga segar,52.0,0.7,0.0,12.3,kaggle
2019,komponen,manggis,63.0,0.6,0.6,15.6,kaggle
2020,komponen,margarin,720.0,0.6,81.0,0.4,kaggle
2021,komponen,markisa segar,144.0,3.5,1.2,29.8,kaggle
2022,komponen,markisa squash,217.0,2.5,1.0,49.6,kaggle
2023,komponen,markisa squash bd,104.0,1.2,0.5,23.7,kaggle
2024,dish,martabak manis,265.3,4.7,5.5,49.3,kaggle
2025,dish,martabak india,153.0,4.5,4.2,24.3,kaggle
2026,dish,martabak mesir,278.0,5.1,8.6,45.0,kaggle
2027,dish,martabak telur,200.0,8.9,5.1,29.5,kaggle
2028,komponen,masekat,369.0,2.1,7.0,74.1,kaggle
2029,komponen,matoa segar,90.0,1.2,0.1,21.1,kaggle
2030,komponen,melase,276.0,0.0,0.1,71.0,kaggle
2031,komponen,melinjo,66.0,5.0,0.7,13.3,kaggle
2032,komponen,melon segar,37.0,0.6,0.4,7.8,kaggle
2033,komponen,menjangan daging dendeng mentah,322.0,55.8,2.0,22.7,kaggle
2034,komponen,mentega,725.0,0.5,81.6,1.4,kaggle
2035,komponen,menteng,65.0,1.7,0.2,16.1,kaggle
2036,komponen,merica,359.0,11.5,6.8,64.4,kaggle
2037,komponen,mi basah,88.0,0.6,3.3,14.0,kaggle
2038,komponen,mi golosor,71.0,0.2,0.8,15.9,kaggle
2039,komponen,mi kering,339.0,10.0,1.7,6.3,kaggle
2040,dish,mie aceh rebus,113.0,3.0,3.2,18.1,kaggle
2041,dish,mie ayam,102.0,6.2,3.9,10.5,kaggle
2042,dish,mie bakso,114.0,5.3,3.0,16.4,kaggle
2043,dish,mie basah,86.0,0.6,3.3,14.0,kaggle
2044,dish,mie bendo,353.0,0.3,0.0,88.0,kaggle
2045,dish,mie celon,102.0,3.0,2.1,17.8,kaggle
2046,dish,mie goreng,468.0,7.6,20.4,62.4,kaggle
2047,dish,mie kering,337.0,7.9,11.8,50.0,kaggle
2048,dish,mie pangsit basah,105.0,5.9,4.9,9.4,kaggle
2049,dish,mie sagu,190.0,0.2,0.4,46.5,kaggle
2050,komponen,minyak hati hiu eulamia,902.0,0.0,100.0,0.0,kaggle
2051,komponen,minyak ikan,902.0,0.0,100.0,0.0,kaggle
2052,komponen,minyak kacang tanah,902.0,0.0,100.0,0.0,kaggle
2053,komponen,minyak kedelai,883.0,0.0,99.9,0.0,kaggle
2054,komponen,minyak kelapa,870.0,1.0,98.0,0.0,kaggle
2055,komponen,minyak kelapa sawit,902.0,0.0,100.0,0.0,kaggle
2056,komponen,minyak wijen,902.0,0.0,100.0,0.0,kaggle
2057,komponen,minyak zaitun,884.0,0.0,100.0,0.0,kaggle
2058,komponen,misoa,345.0,8.5,2.2,78.0,kaggle
2059,dish,misro,218.0,0.8,16.0,50.2,kaggle
2060,komponen,moon tahu,128.0,8.0,10.0,1.3,kaggle
2061,komponen,mostarda metan sawi,33.0,2.3,0.5,4.7,kaggle
2062,dish,mujahir acar kuning masakan,330.0,17.8,23.4,12.1,kaggle
2063,dish,naan maran sapi masakan,478.0,38.3,33.9,5.1,kaggle
2064,komponen,nanas,52.0,0.4,0.2,13.7,kaggle
2065,komponen,nanas palembang segar,58.0,0.7,0.2,13.3,kaggle
2066,komponen,nangka biji,165.0,4.2,0.1,36.7,kaggle
2067,dish,nangka masak di pohon,106.0,1.2,0.3,27.6,kaggle
2068,komponen,nangka muda,51.0,2.0,0.4,11.3,kaggle
2069,dish,nasi,180.0,3.0,0.3,39.8,kaggle
2070,dish,nasi beras merah,149.0,2.8,0.4,32.5,kaggle
2071,dish,nasi gemuk,192.0,3.8,8.8,24.4,kaggle
2072,dish,nasi goreng,276.0,3.2,3.2,30.2,kaggle
2073,dish,nasi gurih,190.0,4.7,7.5,26.0,kaggle
2074,dish,nasi jagung,357.0,8.8,0.5,79.5,kaggle
2075,dish,nasi minyak,207.0,3.5,5.0,37.1,kaggle
2076,dish,nasi rames,155.0,10.3,4.2,19.1,kaggle
2077,dish,nasi tim,120.0,2.4,0.4,26.0,kaggle
2078,dish,nasi uduk,253.3,4.3,21.0,11.7,kaggle
2079,dish,nasu likku masakan,196.0,14.5,8.3,15.9,kaggle
2080,komponen,noga kacang tanah,600.0,14.0,41.7,42.0,kaggle
2081,komponen,nopia spesial,387.0,5.3,7.6,74.3,kaggle
2082,komponen,olaholah,9.0,2.1,6.0,7.1,kaggle
2083,komponen,oncom,187.0,13.0,6.0,22.6,kaggle
2084,komponen,oncom ampas kacang hijau,376.0,14.9,6.0,65.7,kaggle
2085,dish,oncom goreng,363.3,19.3,19.3,40.3,kaggle
2086,dish,oncom hitam goreng,284.0,12.0,14.4,13.6,kaggle
2087,dish,oncom hitam goreng bertepung,306.7,9.0,18.0,27.0,kaggle
2088,komponen,oncom kacang hijau singkong,351.0,11.0,5.3,65.9,kaggle
2089,dish,oncom kacang tanah pepes,132.0,12.7,3.8,13.7,kaggle
2090,komponen,oncom kedele,187.0,13.0,6.0,22.6,kaggle
2091,dish,oncom merah goreng,368.0,6.8,32.0,13.2,kaggle
2092,dish,oncom merah goreng bertepung,320.0,7.3,18.7,31.0,kaggle
2093,dish,oncom merah sayur tumis,40.0,2.0,2.0,3.0,kaggle
2094,dish,oncom pepes,76.0,5.2,1.8,10.6,kaggle
2095,dish,ondeonde,288.6,8.3,8.9,44.3,kaggle
2096,dish,ongolongol,115.0,1.5,6.0,14.0,kaggle
2097,dish,ongolongol sagu,111.0,0.3,2.7,21.2,kaggle
2098,komponen,opak singkong,940.0,36.0,42.0,104.0,kaggle
2099,dish,oramu ninahu ndawa olaho masakan,117.0,13.7,5.0,4.3,kaggle
2100,komponen,otak,125.0,10.4,8.6,0.8,kaggle
2101,komponen,oyek,351.0,0.9,0.9,84.9,kaggle
2102,komponen,oyek dari singkong,342.0,2.3,0.1,83.1,kaggle
2103,komponen,paku hinela wulelenggapaya,77.0,3.5,4.6,5.4,kaggle
2104,komponen,pala biji,494.0,7.5,36.4,40.1,kaggle
2105,komponen,pala daging,42.0,0.3,0.2,10.9,kaggle
2106,dish,paniki masak santan masakan,460.0,28.5,35.2,7.2,kaggle
2107,komponen,papais,133.8,3.0,1.6,27.0,kaggle
2108,dish,papeda,61.0,0.2,0.1,14.9,kaggle
2109,dish,parede baleh masakan,87.0,10.5,2.5,5.5,kaggle
2110,komponen,paria pare,29.0,1.1,0.3,6.6,kaggle
2111,dish,paria putih kukus,16.0,0.8,0.2,3.4,kaggle
2112,komponen,paria putih segar,19.0,1.0,0.4,3.6,kaggle
2113,dish,pastel,307.0,4.5,13.3,42.4,kaggle
2114,komponen,pati singkong tapioka,362.0,0.5,0.3,86.9,kaggle
2115,komponen,pecay,23.0,1.8,0.3,4.5,kaggle
2116,komponen,peda ikan banjar,156.0,28.0,4.0,0.0,kaggle
2117,dish,pelecing kangkung,75.0,2.5,2.8,10.0,kaggle
2118,dish,pelepah manuk masakan,219.0,19.7,13.6,4.4,kaggle
2119,dish,pempek adaan,162.0,4.9,3.0,27.8,kaggle
2120,dish,pempek belida,156.0,4.2,1.4,31.6,kaggle
2121,dish,pempek kapal selam,152.0,4.5,2.3,28.2,kaggle
2122,dish,pempek kelesan,211.0,12.3,6.1,26.6,kaggle
2123,dish,pempek kulit,243.0,5.2,7.3,39.1,kaggle
2124,dish,pempek tenggiri,173.0,7.2,1.2,33.4,kaggle
2125,dish,pencok lele masakan,372.0,7.8,36.3,3.5,kaggle
2126,dish,penyu serapah masakan,174.0,13.1,12.2,2.2,kaggle
2127,komponen,pepare ular segar,19.0,0.6,0.1,3.9,kaggle
2128,dish,pepaya lodeh,275.0,11.6,11.6,30.2,kaggle
2129,komponen,pepaya muda,26.0,2.1,0.1,4.9,kaggle
2130,komponen,pepaya segar,46.0,0.5,12.0,12.2,kaggle
2131,komponen,pepea oncom ampas tahu,76.0,5.2,1.8,10.6,kaggle
2132,komponen,permen,400.0,0.0,0.0,95.0,kaggle
2133,komponen,pete segar,142.0,10.4,2.0,22.0,kaggle
2134,komponen,peterseli,50.0,3.7,1.0,9.0,kaggle
2135,komponen,petis ikan,161.0,20.0,0.2,24.0,kaggle
2136,komponen,petis udang,220.0,15.0,0.1,40.0,kaggle
2137,komponen,petis udang kering,345.0,23.8,1.4,59.3,kaggle
2138,komponen,petis udang pasta,220.0,15.0,0.9,38.0,kaggle
2139,komponen,pilus,514.0,1.0,27.8,647.0,kaggle
2140,dish,pinda masakan,107.0,15.9,0.6,0.4,kaggle
2141,dish,pindang ikan banjar,157.0,28.0,4.2,0.0,kaggle
2142,dish,pindang ikan benggol,170.0,31.0,4.2,0.0,kaggle
2143,dish,pindang ikan layang,153.0,30.0,2.8,0.0,kaggle
2144,dish,pindang ikan selar kecil,142.0,27.0,3.0,0.0,kaggle
2145,dish,pindang kenari masakan,124.0,9.5,9.6,0.0,kaggle
2146,komponen,pisang ambon,99.0,1.2,0.2,25.8,kaggle
2147,komponen,pisang angleng pisang ampyang segar,68.0,1.3,0.2,17.2,kaggle
2148,komponen,pisang ayam segar,120.0,1.1,0.2,26.8,kaggle
2149,komponen,pisang gapi segar,127.0,2.1,0.3,31.1,kaggle
2150,dish,pisang goreng,220.0,2.3,2.3,6.3,kaggle
2151,komponen,pisang goroho segar,115.0,1.9,0.2,27.9,kaggle
2152,komponen,pisang hijau segar,117.0,2.0,0.3,28.9,kaggle
2153,komponen,pisang kayu segar,100.0,1.4,0.5,23.6,kaggle
2154,komponen,pisang kepok segar,109.0,0.8,0.5,26.3,kaggle
2155,komponen,pisang ketip segar,145.0,1.1,0.3,34.5,kaggle
2156,komponen,pisang kidang segar,96.0,1.0,0.2,22.5,kaggle
2157,komponen,pisang lampung,99.0,1.3,0.2,25.6,kaggle
2158,komponen,pisang mas,127.0,1.4,0.2,33.6,kaggle
2159,komponen,pisang mas bali,127.0,1.4,0.2,31.8,kaggle
2160,komponen,pisang oli,134.0,1.1,0.5,35.5,kaggle
2161,komponen,pisang raja,120.0,1.2,0.2,31.8,kaggle
2162,komponen,pisang raja sere susu,118.0,1.2,0.2,31.1,kaggle
2163,komponen,pisang rotan segar,98.0,1.3,1.2,20.5,kaggle
2164,dish,pisang siam goreng,625.0,1.0,0.0,8.1,kaggle
2165,komponen,pisang talas segar,113.0,1.2,0.2,26.7,kaggle
2166,komponen,prey bawang daun,45.0,2.2,0.3,10.3,kaggle
2167,komponen,pucuk lumaidaun leunca segar,33.0,4.5,0.4,2.8,kaggle
2168,komponen,pulut,216.0,2.6,3.1,44.4,kaggle
2169,dish,punai daging goreng,224.0,26.2,11.3,4.4,kaggle
2170,dish,pundut nasi,104.0,1.9,4.1,15.1,kaggle
2171,komponen,purundawa,25.0,1.5,0.5,3.6,kaggle
2172,komponen,purut segar,76.0,4.1,1.1,15.2,kaggle
2173,komponen,putri malu segar,76.0,3.6,0.3,14.6,kaggle
2174,komponen,putri selat,163.0,2.2,6.5,23.8,kaggle
2175,dish,putu mayang,200.0,1.0,2.4,43.8,kaggle
2176,komponen,ragi,136.0,43.0,2.4,3.0,kaggle
2177,komponen,rajungan segar,76.0,12.1,2.0,2.4,kaggle
2178,komponen,rambutan,69.0,0.9,0.1,18.1,kaggle
2179,komponen,rambutan aceh,11.0,0.0,0.0,2.7,kaggle
2180,komponen,rambutan binjai segar,76.0,0.5,0.2,18.0,kaggle
2181,komponen,rambutan sinyonya,4.0,0.0,0.0,0.9,kaggle
2182,komponen,rarawuan,295.0,7.3,8.5,47.5,kaggle
2183,komponen,rasbi beras ubi,394.0,2.2,8.8,76.6,kaggle
2184,komponen,rasi beras singkong,350.0,0.9,0.4,85.7,kaggle
2185,dish,rawon masakan,60.0,5.4,2.5,4.0,kaggle
2186,komponen,rebon udang kecil segar,81.0,16.2,1.2,0.7,kaggle
2187,komponen,rebon kering,299.0,29.4,3.6,3.2,kaggle
2188,komponen,rebon udang kecil segar,81.0,16.2,1.2,0.7,kaggle
2189,komponen,rebung,27.0,0.6,0.3,5.2,kaggle
2190,komponen,rebung laut mentah,320.0,7.2,4.2,63.3,kaggle
2191,komponen,rempeyek kacang tolo,451.0,11.2,20.2,59.7,kaggle
2192,komponen,rempeyek kacang uci,497.0,17.0,27.6,50.8,kaggle
2193,dish,rendang sapi masakan,193.0,22.6,7.9,7.8,kaggle
2194,dish,renggi goreng,471.0,4.7,21.8,64.1,kaggle
2195,komponen,rimbang segar,75.0,1.6,0.6,15.8,kaggle
2196,dish,risoles,335.0,5.3,3.5,70.5,kaggle
2197,komponen,roti boong,341.0,5.5,16.2,43.3,kaggle
2198,komponen,roti gambang,350.0,7.5,2.0,75.5,kaggle
2199,komponen,roti putih,248.0,8.0,1.2,50.0,kaggle
2200,komponen,roti warna sawo matang,249.0,7.9,1.5,49.7,kaggle
2201,dish,rujak cingur,153.0,11.3,8.4,8.0,kaggle
2202,komponen,rumput laut,41.0,1.4,0.3,8.1,kaggle
2203,komponen,rusa daging dendeng mentah,536.0,40.5,41.5,0.0,kaggle
2204,komponen,rusip,110.0,11.5,2.0,11.7,kaggle
2205,dish,rw anjing masakan,198.0,24.6,10.7,0.9,kaggle
2206,komponen,saga biji tanpa kulit,449.0,30.6,25.5,31.9,kaggle
2207,komponen,sagu ambon,338.0,0.6,0.3,83.1,kaggle
2208,komponen,sagu aren kering,355.0,0.6,1.1,85.6,kaggle
2209,komponen,sagu aren segar,231.0,0.6,0.2,56.6,kaggle
2210,komponen,sagu forno,291.0,0.5,4.0,63.4,kaggle
2211,komponen,sagu kasbi segar,230.0,0.6,0.2,56.5,kaggle
2212,dish,sagu lemak kue sagon,452.0,2.8,14.8,76.8,kaggle
2213,komponen,sagu lempeng,347.0,0.9,0.3,85.2,kaggle
2214,dish,sagu rendang,364.0,0.1,0.2,90.5,kaggle
2215,komponen,sagu singkong kering,362.0,0.5,0.3,86.9,kaggle
2216,komponen,sagu sinole,354.0,0.8,8.3,68.9,kaggle
2217,komponen,salak bali segar,57.0,0.5,0.1,13.6,kaggle
2218,komponen,salak medan segar,55.0,0.4,0.2,12.8,kaggle
2219,komponen,salak pondoh segar,87.0,0.8,0.4,20.1,kaggle
2220,komponen,sale pisang siam,281.0,2.4,0.7,66.1,kaggle
2221,komponen,santan dengan air,122.0,2.0,10.0,7.6,kaggle
2222,komponen,santan kelapa saja,324.0,4.2,34.3,55.6,kaggle
2223,komponen,santan murni,324.0,4.2,34.3,5.6,kaggle
2224,komponen,saos tomat,98.0,2.0,0.4,24.5,kaggle
2225,komponen,sapi abon,212.0,18.0,10.6,59.3,kaggle
2226,komponen,sapi babat segar,108.0,17.6,4.2,0.0,kaggle
2227,komponen,sapi daging asap,182.0,32.0,6.0,0.0,kaggle
2228,komponen,sapi daging dendeng mentah,301.0,55.0,9.0,0.0,kaggle
2229,komponen,sapi daging gemuk segar,273.0,17.5,22.0,0.0,kaggle
2230,komponen,sapi daging kornet,289.0,16.0,25.0,0.0,kaggle
2231,komponen,sapi daging kurus segar,174.0,19.6,10.0,0.0,kaggle
2232,komponen,sapi daging lemak sedang segar,201.0,18.8,14.0,0.0,kaggle
2233,dish,sapi daging sosis worst,448.0,14.5,42.3,2.3,kaggle
2234,komponen,sapi daleman segar,183.0,12.0,14.4,1.4,kaggle
2235,komponen,sapi didehdarah,98.0,21.9,1.1,0.0,kaggle
2236,komponen,sapi ginjal segar,137.0,15.0,8.1,0.9,kaggle
2237,dish,sapi hati sosis liverworst,274.0,16.0,22.0,3.0,kaggle
2238,dish,sapi keleponan segar,84.0,10.5,4.6,0.2,kaggle
2239,komponen,sapi liver segar,132.0,19.7,3.2,6.0,kaggle
2240,komponen,sapi otak segar,123.0,10.4,8.6,0.8,kaggle
2241,komponen,sapi paru dendeng mentah,360.0,57.3,6.0,19.2,kaggle
2242,dish,sapi paru goreng,268.0,23.9,12.7,14.5,kaggle
2243,komponen,sapi usus segar,126.0,14.0,7.2,1.5,kaggle
2244,komponen,sarang burung,281.0,37.5,0.3,32.1,kaggle
2245,dish,sardines dalam kaleng,338.0,21.1,27.0,1.0,kaggle
2246,komponen,sari kedelai bubuk,344.0,30.0,20.0,43.0,kaggle
2247,komponen,sarimuka,166.0,2.3,2.8,32.9,kaggle
2248,dish,sate bandeng,283.0,12.1,16.8,20.9,kaggle
2249,dish,sate kulit,110.0,15.5,0.5,11.5,kaggle
2250,dish,sate penyu masakan,179.0,22.5,3.5,13.3,kaggle
2251,dish,sate pusut masakan,274.0,12.9,18.6,13.6,kaggle
2252,dish,sate usus,126.7,14.0,7.3,1.3,kaggle
2253,komponen,sawi,22.0,2.3,0.3,4.0,kaggle
2254,komponen,sawi putih pecai segar,9.0,1.0,0.1,1.7,kaggle
2255,komponen,sawi taiwan segar,30.0,1.9,0.5,4.4,kaggle
2256,komponen,sawi tanah segar,19.0,1.3,0.2,2.9,kaggle
2257,komponen,sawo,92.0,0.5,1.1,22.4,kaggle
2258,komponen,sawo duren segar,64.0,1.0,3.1,8.0,kaggle
2259,komponen,sawo kecik segar,111.0,0.9,2.3,21.6,kaggle
2260,komponen,sawo manila segar,92.0,0.5,1.1,22.4,kaggle
2261,dish,sayur asem,29.0,0.7,0.6,5.0,kaggle
2262,komponen,sayur bunga pepaya,49.0,1.7,0.3,9.8,kaggle
2263,komponen,sayur garu,178.0,2.6,13.9,10.6,kaggle
2264,komponen,sayur kohukohu,133.0,7.3,6.6,11.2,kaggle
2265,komponen,sayur lebui,64.0,2.1,0.6,12.5,kaggle
2266,komponen,sayur lilinterubuk,36.0,2.7,0.7,4.8,kaggle
2267,komponen,sayur ndusuk,49.0,3.1,2.5,3.6,kaggle
2268,dish,sayur sop,27.0,1.3,2.0,1.0,kaggle
2269,komponen,sayur umbut kelapa,67.0,5.2,2.9,5.1,kaggle
2270,komponen,sayur umbut rotan,57.0,5.4,2.6,3.1,kaggle
2271,komponen,selada,15.0,1.2,0.2,2.9,kaggle
2272,komponen,selada air,17.0,1.7,0.3,3.0,kaggle
2273,dish,selada air rebus,19.0,2.7,0.2,2.9,kaggle
2274,komponen,seledri,20.0,1.0,0.1,4.6,kaggle
2275,komponen,semangka,28.0,0.5,0.2,6.9,kaggle
2276,dish,semur jengkol,192.5,4.5,6.0,30.3,kaggle
2277,komponen,sente,64.0,0.6,0.3,14.8,kaggle
2278,komponen,sente talas segar,353.0,0.7,0.2,84.7,kaggle
2279,dish,sepi masakan,88.0,7.9,1.6,10.6,kaggle
2280,komponen,serbuk coklat,298.0,8.0,23.8,48.9,kaggle
2281,komponen,serimping talas kebumen,478.0,2.5,21.2,69.2,kaggle
2282,komponen,setrup sirup,213.0,0.0,0.0,55.0,kaggle
2283,komponen,shabushabu,88.0,3.2,8.0,0.8,kaggle
2284,dish,sie reuboh masakan,474.0,11.2,42.5,11.7,kaggle
2285,komponen,singkah rotan muda,81.0,5.1,4.5,5.1,kaggle
2286,dish,singkong goreng,285.0,1.0,18.0,28.0,kaggle
2287,dish,singkong kukus,146.0,1.2,0.3,34.7,kaggle
2288,dish,singkong tape,173.0,0.5,0.1,42.5,kaggle
2289,dish,siomay,95.3,4.4,2.2,14.4,kaggle
2290,komponen,sirsak,65.0,1.0,0.3,16.3,kaggle
2291,komponen,sirup,213.0,0.0,0.0,55.0,kaggle
2292,dish,sop buntut masakan,71.0,7.5,3.6,2.2,kaggle
2293,dish,sop daging sapi masakan,49.0,5.8,0.5,5.3,kaggle
2294,dish,sop kaki sapi masakan,68.0,9.0,1.9,3.7,kaggle
2295,dish,sop kambing masakan,34.0,5.5,0.8,1.1,kaggle
2296,dish,sop konro masakan,71.0,7.4,2.6,4.5,kaggle
2297,dish,sop kool,12.0,0.5,0.1,2.0,kaggle
2298,dish,sop kool dan wortel,15.0,0.6,0.1,3.1,kaggle
2299,dish,sop saudara masakan,89.0,7.2,5.0,3.9,kaggle
2300,dish,soto bandung masakan,42.0,3.9,1.7,2.8,kaggle
2301,dish,soto banjar masakan,110.0,2.9,9.5,3.2,kaggle
2302,dish,soto betawi masakan,135.0,2.5,8.8,11.5,kaggle
2303,dish,soto dengan daging,127.5,2.6,9.4,8.3,kaggle
2304,dish,soto jeroan masakan,92.0,11.8,4.3,1.4,kaggle
2305,dish,soto kudus masakan,38.0,2.6,2.3,1.8,kaggle
2306,dish,soto madura masakan,60.0,3.5,4.5,1.3,kaggle
2307,dish,soto padang masakan,127.0,5.9,6.6,11.0,kaggle
2308,dish,soto pekalongan masakan,94.0,3.0,6.8,5.1,kaggle
2309,dish,soto pemalang masakan,75.0,3.6,5.2,3.5,kaggle
2310,dish,soto sukaraja masakan,80.0,3.2,3.5,9.0,kaggle
2311,dish,soto sulung masakan,86.0,2.3,8.5,0.0,kaggle
2312,dish,soto tanpa daging,117.1,0.4,8.6,9.6,kaggle
2313,komponen,spaghetti,139.0,7.4,2.1,22.6,kaggle
2314,komponen,srikaya,101.0,1.7,0.6,35.2,kaggle
2315,dish,sukiyaki masakan,75.0,5.6,0.4,12.2,kaggle
2316,komponen,sukun muda segar,119.0,1.4,0.2,28.1,kaggle
2317,komponen,sukun tua segar,126.0,1.6,0.2,24.5,kaggle
2318,komponen,susu asam untuk bayi bubuk,418.0,19.0,9.0,65.5,kaggle
2319,komponen,susu bubuk,513.0,24.6,30.0,36.2,kaggle
2320,komponen,susu kambing,64.0,4.3,2.3,6.6,kaggle
2321,komponen,susu kedelai,41.0,3.5,2.5,5.0,kaggle
2322,komponen,susu kental manis,336.0,8.2,10.0,55.0,kaggle
2323,komponen,susu kental tak manis,138.0,7.0,7.9,9.9,kaggle
2324,komponen,susu kerbau,160.0,6.3,12.0,7.1,kaggle
2325,komponen,susu sapi,61.0,3.2,3.5,4.3,kaggle
2326,komponen,susu skim tak berlemak,36.0,3.5,0.1,5.1,kaggle
2327,komponen,susu skim bubuk,359.0,35.6,1.0,52.0,kaggle
2328,komponen,susu skim segar,36.0,3.5,0.1,5.1,kaggle
2329,komponen,susupan,87.0,5.3,5.2,6.3,kaggle
2330,dish,suweg kukus,90.0,1.5,0.1,21.9,kaggle
2331,komponen,suweg mentah,69.0,1.0,0.1,15.7,kaggle
2332,komponen,suweg talas segar,74.0,1.4,0.1,17.2,kaggle
2333,komponen,suwirsuwir,347.0,0.5,0.9,84.2,kaggle
2334,komponen,tahu,68.0,7.8,4.6,1.6,kaggle
2335,dish,tahu goreng,115.0,9.7,8.5,2.5,kaggle
2336,dish,tahu telur,328.0,12.6,19.9,24.6,kaggle
2337,komponen,takwa,148.0,13.8,8.5,4.0,kaggle
2338,dish,talas bogor kukus,120.0,1.5,0.3,28.2,kaggle
2339,komponen,talas pontianak segar,163.0,2.3,0.5,36.4,kaggle
2340,komponen,talas viqueque segar,115.0,1.8,0.5,25.9,kaggle
2341,dish,tales kukus,120.0,1.5,0.3,28.2,kaggle
2342,komponen,tales mentah,98.0,1.9,0.2,23.7,kaggle
2343,komponen,taoco,166.0,10.4,4.9,24.1,kaggle
2344,dish,taoge goreng,88.0,3.2,2.1,14.0,kaggle
2345,komponen,taoge kacang kedelai segar,76.0,9.0,2.6,6.4,kaggle
2346,komponen,taoge seduh,28.0,3.0,0.8,4.0,kaggle
2347,komponen,taoge segar,34.0,3.7,1.2,4.3,kaggle
2348,komponen,taokoa,104.0,12.9,6.8,1.2,kaggle
2349,dish,tapai beras,99.0,1.7,0.3,22.4,kaggle
2350,dish,tapai ketan hitam,166.0,3.8,1.0,34.4,kaggle
2351,dish,tapai ketan putih,172.0,3.0,0.5,37.5,kaggle
2352,dish,tapai singkong,169.0,1.4,0.3,40.2,kaggle
2353,komponen,tauco cap das cake,358.0,7.5,4.3,70.4,kaggle
2354,komponen,tauji cap singa,277.0,9.1,4.7,49.6,kaggle
2355,komponen,tebu terubuk,25.0,4.6,0.4,3.0,kaggle
2356,dish,tedong pallu basa masakan,83.0,10.4,3.4,2.8,kaggle
2357,komponen,teh,132.0,19.5,0.7,67.8,kaggle
2358,komponen,teh hijau daun kering,300.0,28.3,4.8,53.6,kaggle
2359,komponen,teh melati daun kering,299.0,24.1,3.5,59.0,kaggle
2360,komponen,tekokak,34.0,2.0,0.1,7.9,kaggle
2361,komponen,tekokak kering,294.0,8.3,1.7,72.6,kaggle
2362,dish,tekwan,53.0,1.9,0.9,9.4,kaggle
2363,komponen,telur ayam,162.0,12.8,11.5,0.7,kaggle
2364,komponen,telur ayam bagian kuning,361.0,19.3,31.9,0.7,kaggle
2365,komponen,telur ayam bagian putih,50.0,10.8,0.0,0.8,kaggle
2366,komponen,telur ayam ceplok,383.0,15.1,32.9,8.3,kaggle
2367,komponen,telur ayam dadar,251.0,16.3,19.4,1.4,kaggle
2368,komponen,telur ayam kampung,179.0,13.6,13.3,4.4,kaggle
2369,komponen,telur bebek bagian kuning segar,386.0,17.0,35.0,0.8,kaggle
2370,komponen,telur bebek bagian putih,54.0,11.0,0.0,0.8,kaggle
2371,komponen,telur bebek bagian putih segar,54.0,11.0,0.0,0.8,kaggle
2372,komponen,telur bebek ceplok,320.0,15.1,30.5,0.9,kaggle
2373,komponen,telur bebek dadar,301.0,20.0,23.7,0.0,kaggle
2374,komponen,telur bebek tambak segar,187.0,10.9,12.4,7.9,kaggle
2375,komponen,telur bebek telur asin,195.0,13.6,13.6,1.4,kaggle
2376,komponen,telur burung puyuh segar,116.0,10.7,7.0,1.6,kaggle
2377,komponen,telur penyu,144.0,12.0,10.2,0.0,kaggle
2378,komponen,telur terubuk,425.0,31.0,28.0,10.0,kaggle
2379,komponen,tempe bongkrek,119.0,4.4,3.5,18.3,kaggle
2380,komponen,tempe gembus,73.0,5.7,1.3,4.2,kaggle
2381,komponen,tempe gembus yogya,76.0,6.8,0.7,10.6,kaggle
2382,dish,tempe goreng,328.0,18.4,23.2,12.8,kaggle
2383,komponen,tempe kacang babi,139.0,12.5,0.8,21.9,kaggle
2384,komponen,tempe kacang belimbing,212.0,17.5,10.0,12.9,kaggle
2385,komponen,tempe kedelai jagung,143.0,12.0,5.5,11.4,kaggle
2386,dish,tempe kedelai murni goreng,350.0,24.5,26.6,10.4,kaggle
2387,komponen,tempe kedelai murni mentah,201.0,20.8,8.8,13.5,kaggle
2388,komponen,tempe koro benguk,141.0,10.2,1.3,23.2,kaggle
2389,komponen,tempe lamtoro var gung dengan kulit,146.0,11.7,2.3,19.6,kaggle
2390,komponen,tempe lamtoro var gung tanpa kulit,131.0,18.0,0.8,13.0,kaggle
2391,komponen,tempe pasar segar,150.0,14.0,7.7,9.1,kaggle
2392,dish,tempe pasar goreng,336.0,20.0,28.0,7.8,kaggle
2393,dish,tempe sayur,240.0,6.0,2.7,49.3,kaggle
2394,komponen,tempoya,110.0,1.7,1.3,21.9,kaggle
2395,komponen,tempuyak,126.0,1.1,2.2,25.7,kaggle
2396,komponen,tepung arrowroot,355.0,0.7,0.2,85.2,kaggle
2397,komponen,tepung beras,364.0,7.0,0.5,80.0,kaggle
2398,komponen,tepung beras mentah,353.0,7.0,0.5,80.0,kaggle
2399,komponen,tepung ganyong,353.0,0.8,1.7,83.6,kaggle
2400,komponen,tepung gaplek,363.0,1.1,0.5,88.2,kaggle
2401,komponen,tepung garut arrowroot,355.0,0.7,0.2,85.2,kaggle
2402,komponen,tepung hunkwee,364.0,4.5,1.0,83.5,kaggle
2403,komponen,tepung ikan,316.0,60.1,6.5,22.4,kaggle
2404,komponen,tepung jagung kuning,355.0,9.2,3.9,73.7,kaggle
2405,komponen,tepung jagung putih,355.0,9.2,3.9,73.7,kaggle
2406,komponen,tepung jalejo,388.0,19.0,7.5,61.2,kaggle
2407,komponen,tepung kacang kedelai,347.0,35.9,20.6,29.9,kaggle
2408,komponen,tepung kentang,347.0,0.3,0.1,85.6,kaggle
2409,komponen,tepung mocaf,350.0,1.2,0.6,85.0,kaggle
2410,komponen,tepung pisang,338.0,2.9,0.4,80.6,kaggle
2411,komponen,tepung sagu,353.0,0.7,0.2,84.7,kaggle
2412,komponen,tepung sente,326.0,4.0,0.4,76.7,kaggle
2413,komponen,tepung singkong tapioka,363.0,1.1,0.5,88.2,kaggle
2414,komponen,tepung sukun,353.0,2.9,0.5,84.4,kaggle
2415,komponen,tepung susu,509.0,24.6,30.0,36.2,kaggle
2416,komponen,tepung susu asam untuk bayi,418.0,19.0,9.0,65.5,kaggle
2417,komponen,tepung susu skim,362.0,35.6,1.0,52.0,kaggle
2418,komponen,tepung tales beneng,332.0,5.7,0.6,76.1,kaggle
2419,komponen,tepung terigu,365.0,8.9,1.3,77.3,kaggle
2420,komponen,tepung ubi ungu,354.0,2.8,0.6,84.4,kaggle
2421,komponen,terasi,155.0,22.3,2.9,9.9,kaggle
2422,komponen,terasi dobo,191.0,33.1,3.6,6.6,kaggle
2423,komponen,terasi merah,174.0,30.0,3.5,3.5,kaggle
2424,komponen,terasi merah,174.0,30.0,3.5,5.6,kaggle
2425,dish,teri balado masakan,365.0,23.7,22.3,17.5,kaggle
2426,komponen,teripang dendeng mentah,462.0,39.1,32.4,3.5,kaggle
2427,komponen,terong,24.0,1.1,0.2,5.5,kaggle
2428,komponen,terong oncom makanan,285.0,4.3,25.7,9.5,kaggle
2429,komponen,terong asam,39.0,2.3,1.9,2.0,kaggle
2430,komponen,terong belanda,48.0,1.5,0.3,11.3,kaggle
2431,komponen,terong hintalo segar,45.0,1.9,0.8,7.5,kaggle
2432,dish,terong kukus,23.0,1.8,0.1,4.9,kaggle
2433,komponen,terong segar,28.0,1.1,0.2,5.5,kaggle
2434,komponen,terung belanda segar,52.0,2.1,1.1,8.6,kaggle
2435,komponen,terung bengkulu segar,52.0,1.1,0.4,11.2,kaggle
2436,komponen,terung panjang,25.0,2.1,0.1,5.3,kaggle
2437,dish,terung panjang kukus,23.0,1.8,0.1,4.9,kaggle
2438,komponen,tespong daun,59.0,2.9,0.3,13.9,kaggle
2439,dish,tim nasi tim,120.0,2.4,0.4,26.0,kaggle
2440,komponen,tinira ninahu nggaluku,33.0,1.2,1.3,4.1,kaggle
2441,dish,tinoransak masakan,516.0,17.7,49.5,0.0,kaggle
2442,komponen,tipatipa,355.0,6.2,1.2,79.8,kaggle
2443,komponen,tiwul,353.0,2.4,1.1,83.4,kaggle
2444,komponen,tiwul instan,395.0,3.2,8.5,76.5,kaggle
2445,komponen,toge tahu makanan,392.0,5.4,28.5,28.4,kaggle
2446,dish,toge goreng,93.6,4.4,1.8,15.1,kaggle
2447,komponen,toge kacang ijo,23.0,2.9,0.2,4.1,kaggle
2448,komponen,toge kacang tunggak,35.0,5.0,0.2,5.8,kaggle
2449,komponen,toge kedelai,67.0,9.0,2.6,6.4,kaggle
2450,dish,toge seduh,28.0,3.0,0.8,4.0,kaggle
2451,komponen,tomat air juice segar,20.0,1.0,0.2,3.5,kaggle
2452,dish,tomat masak,20.0,1.0,0.3,4.2,kaggle
2453,komponen,tomat merah segar,24.0,1.3,0.5,4.7,kaggle
2454,komponen,tomat muda segar,24.0,2.0,0.7,3.3,kaggle
2455,dish,tumis bandeng,189.0,11.3,15.7,0.6,kaggle
2456,dish,tumis bayam bersantan,48.0,1.4,4.2,2.6,kaggle
2457,komponen,ubi cilembu,186.0,1.9,0.2,44.3,kaggle
2458,dish,ubi jalar goreng,160.0,3.7,1.3,55.3,kaggle
2459,dish,ubi jalar kuning kukus,100.0,0.7,0.3,23.8,kaggle
2460,komponen,ubi jalar kuning segar,119.0,0.5,0.4,25.1,kaggle
2461,komponen,ubi jalar manis segar,83.0,1.5,0.2,18.8,kaggle
2462,komponen,ubi jalar merah,123.0,1.8,0.7,27.9,kaggle
2463,komponen,ubi jalar merah segar,151.0,1.6,0.3,35.4,kaggle
2464,komponen,ubi jalar putih,123.0,1.8,0.7,27.9,kaggle
2465,dish,ubi jalar rebus,114.0,1.4,9.6,25.6,kaggle
2466,komponen,ubi jalar sayur,184.0,1.4,0.3,22.5,kaggle
2467,komponen,ubi jalar tinta kemayung,108.0,0.5,0.4,25.6,kaggle
2468,dish,ubi jalar tinta kemayung kukus,165.0,0.9,0.2,39.8,kaggle
2469,komponen,uceng bunga melinjo segar,82.0,5.8,1.3,11.7,kaggle
2470,komponen,udang besar segar,56.0,11.4,0.6,1.2,kaggle
2471,komponen,udang galah segar,81.0,16.5,0.3,3.0,kaggle
2472,komponen,udang kering,295.0,62.4,2.3,1.8,kaggle
2473,komponen,udang kering mentah,278.0,62.6,4.1,2.2,kaggle
2474,komponen,udang papay mentah,273.0,47.8,3.8,12.5,kaggle
2475,komponen,udang segar,91.0,21.0,0.2,0.1,kaggle
2476,komponen,ulat sagu panggang,380.0,11.9,30.3,14.9,kaggle
2477,komponen,ulat sagu segar,241.0,5.8,21.6,5.8,kaggle
2478,komponen,umbi uwi segar,120.0,2.8,0.5,82.3,kaggle
2479,komponen,umbut rotan,34.0,2.4,0.3,5.5,kaggle
2480,komponen,usus sapi,130.0,14.0,7.2,1.5,kaggle
2481,komponen,uwi,101.0,2.0,0.2,19.8,kaggle
2482,komponen,vermicelli,363.0,8.7,0.4,78.7,kaggle
2483,dish,wajit camilan,303.0,6.3,2.7,63.3,kaggle
2484,komponen,waluh balamak,45.0,0.8,0.9,8.1,kaggle
2485,komponen,widaran,424.0,1.3,10.7,80.7,kaggle
2486,komponen,wijen,568.0,19.3,51.1,18.1,kaggle
2487,dish,wingko babat,355.0,3.2,15.1,51.4,kaggle
2488,komponen,woku ubi,143.0,3.1,7.8,15.0,kaggle
2489,dish,worst sosis daging,452.0,14.5,42.3,2.3,kaggle
2490,komponen,wortel segar,42.0,1.2,0.6,9.3,kaggle
2491,dish,wortel kukus,37.0,1.0,0.6,8.3,kaggle
2492,dish,wortel rebus,28.0,0.7,0.5,6.3,kaggle
2493,komponen,yangko,254.0,3.0,1.1,58.1,kaggle
2494,komponen,yoghurt,52.0,3.3,2.5,4.0,kaggle
